ID,D,R,Vobs,e_Vobs,Vgas,Vdisk,Vbulge,Vhalo,Vbar,inc,e_inc,Mstar,e_Mstar,ML_disk,ML_bulge,a_nfw,c_nfw,disk_fraction,gas_fraction,bulge_fraction,galaxy,E_gal,W_gal,DetectionTerm
CamB,3.36,0.16,1.99,1.50,1.86,3.75,0.0,0.32,0.00,,,,,,,,,0.8025579125789716,0.1974420874210283,0.0,CAMB,0.8025579125789716,0.1974420874210283,0.1584587095358553
CamB,3.36,0.41,4.84,1.50,4.24,9.47,0.0,3.77,0.00,,,,,,,,,0.8330127207791304,0.1669872792208697,0.0,CAMB,0.8330127207791304,0.1669872792208697,0.139102527799281
CamB,3.36,0.57,6.79,1.50,5.61,11.76,0.0,5.87,0.00,,,,,,,,,0.8146188630833416,0.1853811369166583,0.0,CAMB,0.8146188630833416,0.1853811369166583,0.15101497099214548
CamB,3.36,0.73,8.87,1.50,6.77,13.72,0.0,2.40,0.00,,,,,,,,,0.8041925686745877,0.19580743132541237,0.0,CAMB,0.8041925686745877,0.19580743132541237,0.1574668811631563
CamB,3.36,0.90,10.90,1.50,7.77,14.8,0.0,9.63,0.00,,,,,,,,,0.7839294463498285,0.21607055365017144,0.0,CAMB,0.7839294463498285,0.21607055365017144,0.16938406949547982
CamB,3.36,1.06,12.90,1.50,8.44,15.24,0.0,5.86,0.00,,,,,,,,,0.7652861104374691,0.23471388956253098,0.0,CAMB,0.7652861104374691,0.23471388956253098,0.179623279608959
CamB,3.36,1.22,14.70,1.50,8.64,15.11,0.0,5.19,0.00,,,,,,,,,0.753600537625713,0.24639946237428692,0.0,CAMB,0.753600537625713,0.24639946237428692,0.18568676731594927
CamB,3.36,1.47,16.80,1.50,8.08,15.9,0.0,3.02,0.00,,,,,,,,,0.7947590730357212,0.20524092696427873,0.0,CAMB,0.7947590730357212,0.20524092696427873,0.16311708886312232
CamB,3.36,1.79,20.10,1.50,6.91,14.91,0.0,0.88,0.00,,,,,,,,,0.8231919874455762,0.17680801255442385,0.0,CAMB,0.8231919874455762,0.17680801255442385,0.14554693925097856
D512-2,15.2,0.96,22.90,2.71,4.08,14.85,0.0,6.45,0.00,,,,,,,,,0.9298120453398401,0.07018795466015992,0.0,D512-2,0.9298120453398401,0.07018795466015992,0.06526160568078326
D512-2,15.2,1.92,33.50,2.71,6.24,21.2,0.0,7.40,0.00,,,,,,,,,0.9202715276048696,0.07972847239513033,0.0,D512-2,0.9202715276048696,0.07972847239513033,0.07337184308466926
D512-2,15.2,2.88,37.20,4.19,7.45,20.56,0.0,2.72,0.00,,,,,,,,,0.8839384537659857,0.11606154623401431,0.0,D512-2,0.8839384537659857,0.11606154623401431,0.10259126371978407
D512-2,15.2,3.83,35.90,5.98,8.09,20.08,0.0,1.79,0.00,,,,,,,,,0.8603489350897089,0.13965106491029108,0.0,D512-2,0.8603489350897089,0.13965106491029108,0.12014864497971274
D564-8,8.79,0.51,8.54,1.53,3.47,6.36,0.0,6.37,0.00,,,,,,,,,0.7706080147836275,0.22939198521637247,0.0,D564-8,0.7706080147836275,0.22939198521637247,0.17677130233486402
D564-8,8.79,1.02,15.10,1.41,5.33,8.66,0.0,2.82,0.00,,,,,,,,,0.7252643743744227,0.27473562562557724,0.0,D564-8,0.7252643743744227,0.27473562562557724,0.1992559616376999
D564-8,8.79,1.53,19.80,1.80,6.34,9.09,0.0,1.19,0.00,,,,,,,,,0.6727374277114271,0.327262572288573,0.0,D564-8,0.6727374277114271,0.327262572288573,0.22016178106763953
D564-8,8.79,2.04,21.90,1.82,6.86,8.75,0.0,0.52,0.00,,,,,,,,,0.6193269650005946,0.38067303499940547,0.0,D564-8,0.6193269650005946,0.38067303499940547,0.2357610754237469
D564-8,8.79,2.56,24.00,1.89,7.05,8.17,0.0,0.22,0.00,,,,,,,,,0.573191047939312,0.42680895206068803,0.0,D564-8,0.573191047939312,0.42680895206068803,0.24464307050154532
D564-8,8.79,3.07,25.00,2.05,7.04,7.65,0.0,0.00,0.00,,,,,,,,,0.5414533682567556,0.45854663174324434,0.0,D564-8,0.5414533682567556,0.45854663174324434,0.24828161826016978
D631-7,7.72,0.45,8.41,1.58,8.4,9.99,0.0,6.06,0.00,,,,,,,,,0.5858185103201983,0.41418148967980184,0.0,D631-7,0.5858185103201983,0.41418148967980184,0.24263518328642208
D631-7,7.72,0.90,17.80,2.22,13.51,15.52,0.0,9.64,0.00,,,,,,,,,0.5689083718222303,0.4310916281777697,0.0,D631-7,0.5689083718222303,0.4310916281777697,0.24525163629280924
D631-7,7.72,1.35,26.00,2.35,16.7,20.76,0.0,2.17,0.00,,,,,,,,,0.6071239200098723,0.3928760799901277,0.0,D631-7,0.6071239200098723,0.3928760799901277,0.23852446576171846
D631-7,7.72,1.80,30.90,2.22,18.72,21.37,0.0,4.50,0.00,,,,,,,,,0.5658137071617898,0.4341862928382103,0.0,D631-7,0.5658137071617898,0.4341862928382103,0.24566855594962225
D631-7,7.72,2.25,34.70,1.82,19.9,19.92,0.0,2.10,0.00,,,,,,,,,0.5005022600440658,0.4994977399559343,0.0,D631-7,0.5005022600440658,0.4994977399559343,0.24999974773484818
D631-7,7.72,2.69,38.80,1.81,20.61,18.76,0.0,1.13,0.00,,,,,,,,,0.45311343478779786,0.5468865652122021,0.0,D631-7,0.45311343478779786,0.5468865652122021,0.2478016500026019
D631-7,7.72,3.14,42.50,1.57,20.73,17.36,0.0,0.54,0.00,,,,,,,,,0.41221251466107695,0.5877874853389231,0.0,D631-7,0.41221251466107695,0.5877874853389231,0.2422933574178684
D631-7,7.72,3.59,45.60,1.59,20.61,16.32,0.0,0.37,0.00,,,,,,,,,0.38538100416067095,0.6146189958393291,0.0,D631-7,0.38538100416067095,0.6146189958393291,0.23686248579278388
D631-7,7.72,4.04,48.80,1.83,20.38,15.37,0.0,0.18,0.00,,,,,,,,,0.36255936135674854,0.6374406386432514,0.0,D631-7,0.36255936135674854,0.6374406386432514,0.23111007084933516
D631-7,7.72,4.49,51.80,1.91,19.9,14.49,0.0,0.10,0.00,,,,,,,,,0.3464859074729925,0.6535140925270074,0.0,D631-7,0.3464859074729925,0.6535140925270074,0.22643342339560937
D631-7,7.72,4.94,54.80,2.19,19.43,13.72,0.0,0.05,0.00,,,,,,,,,0.33271581949553813,0.6672841805044618,0.0,D631-7,0.33271581949553813,0.6672841805044618,0.2220160029529506
D631-7,7.72,5.39,56.60,2.73,18.84,13.04,0.0,0.03,0.00,,,,,,,,,0.32389665881377677,0.6761033411862232,0.0,D631-7,0.32389665881377677,0.6761033411862232,0.21898761322304863
D631-7,7.72,5.84,58.40,3.27,18.25,12.45,0.0,0.01,0.00,,,,,,,,,0.3175857723868747,0.6824142276131254,0.0,D631-7,0.3175857723868747,0.6824142276131254,0.21672504956430694
D631-7,7.72,6.29,58.50,3.95,17.65,11.93,0.0,0.01,0.00,,,,,,,,,0.31359637622689923,0.6864036237731008,0.0,D631-7,0.31359637622689923,0.6864036237731008,0.21525368904425632
D631-7,7.72,6.74,57.70,4.07,17.06,11.48,0.0,0.00,0.00,,,,,,,,,0.311683544842657,0.6883164551573431,0.0,D631-7,0.311683544842657,0.6883164551573431,0.21453691271697242
D631-7,7.72,7.19,57.30,3.94,16.47,11.08,0.0,0.00,0.00,,,,,,,,,0.31156825935664867,0.6884317406433512,0.0,D631-7,0.31156825935664867,0.6884317406433512,0.21449347911811675
DDO064,6.8,0.10,6.29,4.62,-1.13,1.96,0.0,8.50,0.00,,,,,,,,,0.7505323825339456,0.2494676174660545,0.0,DDO064,0.7505323825339456,0.2494676174660545,0.18723352530186482
DDO064,6.8,0.30,13.90,4.62,-2.45,6.31,0.0,7.26,0.00,,,,,,,,,0.868994251242945,0.13100574875705506,0.0,DDO064,0.868994251242945,0.13100574875705506,0.11384324254965844
DDO064,6.8,0.49,15.60,4.62,-0.64,9.67,0.0,4.99,0.00,,,,,,,,,0.9956387719139467,0.004361228086053334,0.0,DDO064,0.9956387719139467,0.004361228086053334,0.004342207775634753
DDO064,6.8,0.69,18.40,4.62,2.49,13.92,0.0,0.86,0.00,,,,,,,,,0.9689943065463466,0.03100569345365349,0.0,DDO064,0.9689943065463466,0.03100569345365349,0.03004434042711156
DDO064,6.8,0.89,22.50,4.62,1.87,15.16,0.0,3.91,0.00,,,,,,,,,0.985012589870244,0.014987410129756025,0.0,DDO064,0.985012589870244,0.014987410129756025,0.014762787667358512
DDO064,6.8,1.09,26.50,4.62,4.97,16.41,0.0,1.73,0.00,,,,,,,,,0.9159801897349901,0.08401981026500992,0.0,DDO064,0.9159801897349901,0.08401981026500992,0.07696048174804165
DDO064,6.8,1.29,35.30,4.62,9.29,17.34,0.0,0.30,0.00,,,,,,,,,0.776980291214242,0.223019708785758,0.0,DDO064,0.776980291214242,0.223019708785758,0.17328191827887368
DDO064,6.8,1.48,40.50,4.62,13.62,18.34,0.0,7.96,0.00,,,,,,,,,0.6445322500287435,0.3554677499712567,0.0,DDO064,0.6445322500287435,0.3554677499712567,0.2291104287016289
DDO064,6.8,1.68,44.20,4.89,16.26,19.12,0.0,6.72,0.00,,,,,,,,,0.5803118283325025,0.41968817166749744,0.0,DDO064,0.5803118283325025,0.41968817166749744,0.24355001022989062
DDO064,6.8,1.88,46.30,4.62,18.16,19.54,0.0,3.97,0.00,,,,,,,,,0.5365557930806922,0.46344420691930777,0.0,DDO064,0.5365557930806922,0.46344420691930777,0.24866367399224162
DDO064,6.8,2.08,46.40,4.62,19.64,19.1,0.0,2.84,0.00,,,,,,,,,0.48606362675600334,0.5139363732439967,0.0,DDO064,0.48606362675600334,0.5139363732439967,0.24980577750080402
DDO064,6.8,2.27,46.30,4.62,20.17,18.77,0.0,2.16,0.00,,,,,,,,,0.46409366471454994,0.5359063352854501,0.0,DDO064,0.46409366471454994,0.5359063352854501,0.24871073508636884
DDO064,6.8,2.37,46.40,6.73,20.59,18.61,0.0,1.86,0.00,,,,,,,,,0.44961833369207727,0.5503816663079228,0.0,DDO064,0.44961833369207727,0.5503816663079228,0.24746168770003718
DDO064,6.8,2.98,46.90,8.65,22.17,17.21,0.0,0.00,0.00,,,,,,,,,0.3760146402215076,0.6239853597784923,0.0,DDO064,0.3760146402215076,0.6239853597784923,0.23462763056059777
DDO154,4.04,0.49,13.80,1.60,3.74,12.31,0.0,5.93,0.00,,,,,,,,,0.9154948807935056,0.0845051192064943,0.0,DDO154,0.9154948807935056,0.0845051192064943,0.07736400403439048
DDO154,4.04,0.99,21.60,0.80,7.46,14.55,0.0,5.52,0.00,,,,,,,,,0.7918431024622402,0.20815689753775984,0.0,DDO154,0.7918431024622402,0.20815689753775984,0.16482760354521442
DDO154,4.04,1.48,28.90,0.70,10.87,12.95,0.0,1.26,0.00,,,,,,,,,0.586660784987305,0.41333921501269505,0.0,DDO154,0.586660784987305,0.41333921501269505,0.24248990834538411
DDO154,4.04,1.97,34.30,0.50,13.32,11.54,0.0,0.29,0.00,,,,,,,,,0.42876423884556686,0.5712357611544332,0.0,DDO154,0.42876423884556686,0.5712357611544332,0.2449254663327486
DDO154,4.04,2.47,38.20,0.40,14.77,10.18,0.0,0.08,0.00,,,,,,,,,0.32205448788369134,0.6779455121163086,0.0,DDO154,0.32205448788369134,0.6779455121163086,0.21833539471766464
DDO154,4.04,2.96,42.00,0.20,16.2,9.16,0.0,0.02,0.00,,,,,,,,,0.2422597544187078,0.7577402455812923,0.0,DDO154,0.2422597544187078,0.7577402455812923,0.18356996580769522
DDO154,4.04,3.46,44.60,0.20,17.6,8.37,0.0,0.01,0.00,,,,,,,,,0.1844491385191127,0.8155508614808873,0.0,DDO154,0.1844491385191127,0.8155508614808873,0.15042765381866988
DDO154,4.04,3.95,46.30,0.20,17.91,7.77,0.0,0.00,0.00,,,,,,,,,0.15840043448487565,0.8415995655151243,0.0,DDO154,0.15840043448487565,0.8415995655151243,0.13330973683987826
DDO154,4.04,4.44,47.40,0.30,17.48,7.29,0.0,0.00,0.00,,,,,,,,,0.14815978499809726,0.8518402150019028,0.0,DDO154,0.14815978499809726,0.8518402150019028,0.12620846310741485
DDO154,4.04,4.94,48.20,0.60,16.93,6.89,0.0,0.00,0.00,,,,,,,,,0.14209077004582502,0.857909229954175,0.0,DDO154,0.14209077004582502,0.857909229954175,0.12190098311360949
DDO154,4.04,5.43,47.40,0.70,16.28,6.55,0.0,0.00,0.00,,,,,,,,,0.13932056443298046,0.8606794355670196,0.0,DDO154,0.13932056443298046,0.8606794355670196,0.11991034475905622
DDO154,4.04,5.92,45.50,1.30,15.64,6.26,0.0,0.00,0.00,,,,,,,,,0.13808311005182572,0.8619168899481743,0.0,DDO154,0.13808311005182572,0.8619168899481743,0.1190161647702411
DDO161,7.5,0.60,16.00,3.53,6.82,12.59,0.0,0.32,0.00,,,,,,,,,0.773132930609378,0.22686706939062196,0.0,DDO161,0.773132930609378,0.22686706939062196,0.17539840221673267
DDO161,7.5,0.73,16.60,4.83,8.12,14.22,0.0,7.69,0.00,,,,,,,,,0.7541071399269346,0.24589286007306552,0.0,DDO161,0.7541071399269346,0.24589286007306552,0.18542956143815337
DDO161,7.5,0.85,18.60,2.50,9.3,15.27,0.0,7.15,0.00,,,,,,,,,0.7294337253400378,0.2705662746599621,0.0,DDO161,0.7294337253400378,0.2705662746599621,0.197360165676592
DDO161,7.5,0.98,20.00,7.58,10.41,17.04,0.0,5.71,0.00,,,,,,,,,0.7282166339753471,0.2717833660246528,0.0,DDO161,0.7282166339753471,0.2717833660246528,0.19791716797696238
DDO161,7.5,1.07,21.40,4.03,11.27,18.03,0.0,4.23,0.00,,,,,,,,,0.7190563108806182,0.28094368911938183,0.0,DDO161,0.7190563108806182,0.28094368911938183,0.20201433266337396
DDO161,7.5,1.54,28.90,2.74,15.22,22.44,0.0,7.21,0.00,,,,,,,,,0.6849187026150636,0.31508129738493634,0.0,DDO161,0.6849187026150636,0.31508129738493634,0.21580507342316163
DDO161,7.5,2.02,32.90,2.65,18.74,24.92,0.0,1.77,0.00,,,,,,,,,0.6387679825220071,0.361232017477993,0.0,DDO161,0.6387679825220071,0.361232017477993,0.230743447026772
DDO161,7.5,2.49,35.20,2.88,21.52,25.85,0.0,7.54,0.00,,,,,,,,,0.5906506387288835,0.4093493612711165,0.0,DDO161,0.5906506387288835,0.4093493612711165,0.24178246169804543
DDO161,7.5,2.96,37.60,3.05,23.28,26.01,0.0,5.12,0.00,,,,,,,,,0.5552171006710418,0.4447828993289582,0.0,DDO161,0.5552171006710418,0.4447828993289582,0.24695107179348402
DDO161,7.5,3.43,40.60,3.68,24.59,25.36,0.0,3.64,0.00,,,,,,,,,0.5154117530429811,0.4845882469570187,0.0,DDO161,0.5154117530429811,0.4845882469570187,0.24976247786814207
DDO161,7.5,3.90,42.70,3.25,25.62,25.01,0.0,2.55,0.00,,,,,,,,,0.4879535558780842,0.5120464441219158,0.0,DDO161,0.4879535558780842,0.5120464441219158,0.24985488318401755
DDO161,7.5,4.37,45.50,2.99,26.35,24.48,0.0,1.74,0.00,,,,,,,,,0.4632604276043877,0.5367395723956123,0.0,DDO161,0.4632604276043877,0.5367395723956123,0.24865020382018757
DDO161,7.5,4.86,48.90,1.96,27.08,23.7,0.0,1.09,0.00,,,,,,,,,0.43373195891573263,0.5662680410842673,0.0,DDO161,0.43373195891573263,0.5662680410842673,0.24560854673085383
DDO161,7.5,5.34,51.50,1.53,27.81,22.69,0.0,0.64,0.00,,,,,,,,,0.39964542106617124,0.6003545789338288,0.0,DDO161,0.39964542106617124,0.6003545789338288,0.23992895848701395
DDO161,7.5,5.81,53.00,1.86,28.4,21.59,0.0,0.46,0.00,,,,,,,,,0.3662547799417627,0.6337452200582374,0.0,DDO161,0.3662547799417627,0.6337452200582374,0.23211221611157373
DDO161,7.5,6.28,55.00,1.48,28.98,20.86,0.0,0.36,0.00,,,,,,,,,0.34129131437355875,0.6587086856264412,0.0,DDO161,0.34129131437355875,0.6587086856264412,0.22481155310672743
DDO161,7.5,6.75,57.60,0.99,29.57,20.11,0.0,0.24,0.00,,,,,,,,,0.3162441732346885,0.6837558267653114,0.0,DDO161,0.3162441732346885,0.6837558267653114,0.21623379612979682
DDO161,7.5,7.22,59.70,1.19,30.3,19.38,0.0,0.16,0.00,,,,,,,,,0.2903237476137736,0.7096762523862264,0.0,DDO161,0.2903237476137736,0.7096762523862264,0.2060358691852675
DDO161,7.5,7.69,60.50,1.26,31.18,18.7,0.0,0.11,0.00,,,,,,,,,0.26453941742472703,0.735460582575273,0.0,DDO161,0.26453941742472703,0.735460582575273,0.1945583140533131
DDO161,7.5,8.16,61.80,1.33,32.06,18.06,0.0,0.07,0.00,,,,,,,,,0.24088764077473146,0.7591123592252687,0.0,DDO161,0.24088764077473146,0.7591123592252687,0.18286078529671543
DDO161,7.5,8.64,62.90,1.35,32.64,17.47,0.0,0.05,0.00,,,,,,,,,0.22268164972177643,0.7773183502782237,0.0,DDO161,0.22268164972177643,0.7773183502782237,0.1730945325989645
DDO161,7.5,9.11,63.00,2.09,33.23,16.94,0.0,0.03,0.00,,,,,,,,,0.20627107673143233,0.7937289232685677,0.0,DDO161,0.20627107673143233,0.7937289232685677,0.1637233196354879
DDO161,7.5,9.58,64.50,2.38,33.38,16.44,0.0,0.02,0.00,,,,,,,,,0.1952141498218127,0.8047858501781874,0.0,DDO161,0.1952141498218127,0.8047858501781874,0.15710558553115958
DDO161,7.5,10.05,65.60,1.08,33.38,15.98,0.0,0.02,0.00,,,,,,,,,0.18645095944405926,0.8135490405559408,0.0,DDO161,0.18645095944405926,0.8135490405559408,0.15168699916644904
DDO161,7.5,10.52,67.50,3.22,32.79,15.57,0.0,0.01,0.00,,,,,,,,,0.1839884973463296,0.8160115026536704,0.0,DDO161,0.1839884973463296,0.8160115026536704,0.15013673019056928
DDO161,7.5,10.99,66.80,2.37,32.06,15.18,0.0,0.01,0.00,,,,,,,,,0.1831334301854283,0.8168665698145717,0.0,DDO161,0.1831334301854283,0.8168665698145717,0.14959557693394715
DDO161,7.5,11.46,66.80,0.95,31.18,14.81,0.0,0.00,0.00,,,,,,,,,0.1840796086707116,0.8159203913292883,0.0,DDO161,0.1840796086707116,0.8159203913292883,0.15019430634234926
DDO161,7.5,11.94,66.60,0.96,30.3,14.47,0.0,0.00,0.00,,,,,,,,,0.1857084737175922,0.8142915262824079,0.0,DDO161,0.1857084737175922,0.8142915262824079,0.15122083650707457
DDO161,7.5,12.41,66.80,0.99,29.42,14.16,0.0,0.00,0.00,,,,,,,,,0.1880841467784571,0.8119158532215428,0.0,DDO161,0.1880841467784571,0.8119158532215428,0.1527085005090769
DDO161,7.5,12.90,66.30,0.74,28.69,13.86,0.0,0.00,0.00,,,,,,,,,0.1892204779733016,0.8107795220266983,0.0,DDO161,0.1892204779733016,0.8107795220266983,0.15341608868885687
DDO161,7.5,13.37,66.10,1.31,27.81,13.59,0.0,0.00,0.00,,,,,,,,,0.19276813040022997,0.8072318695997701,0.0,DDO161,0.19276813040022997,0.8072318695997701,0.15560857830222993
DDO168,4.25,0.41,15.00,4.10,10.41,8.28,0.0,0.43,0.00,,,,,,,,,0.3874965027850548,0.6125034972149452,0.0,DDO168,0.3874965027850548,0.6125034972149452,0.23734296311440684
DDO168,4.25,0.82,23.40,1.30,18.08,12.66,0.0,4.59,0.00,,,,,,,,,0.3289985672117284,0.6710014327882716,0.0,DDO168,0.3289985672117284,0.6710014327882716,0.22075850998435823
DDO168,4.25,1.24,29.20,1.50,20.09,15.11,0.0,8.79,0.00,,,,,,,,,0.3612989424930553,0.6387010575069446,0.0,DDO168,0.3612989424930553,0.6387010575069446,0.23076201664645518
DDO168,4.25,1.64,36.20,1.10,20.2,15.99,0.0,5.90,0.00,,,,,,,,,0.3852227768904392,0.6147772231095607,0.0,DDO168,0.3852227768904392,0.6147772231095607,0.2368261890552581
DDO168,4.25,2.06,44.00,1.10,22.0,16.89,0.0,4.09,0.00,,,,,,,,,0.370833805099652,0.629166194900348,0.0,DDO168,0.370833805099652,0.629166194900348,0.23331609409496532
DDO168,4.25,2.47,52.10,1.20,22.63,17.03,0.0,2.87,0.00,,,,,,,,,0.3615599464331441,0.638440053566856,0.0,DDO168,0.3615599464331441,0.638440053566856,0.2308343515684061
DDO168,4.25,2.89,52.90,1.70,22.95,16.99,0.0,2.09,0.00,,,,,,,,,0.3540266624934722,0.6459733375065279,0.0,DDO168,0.3540266624934722,0.6459733375065279,0.22869178473720533
DDO168,4.25,3.30,54.80,2.20,22.74,17.19,0.0,1.56,0.00,,,,,,,,,0.3636410958995142,0.6363589041004858,0.0,DDO168,0.3636410958995142,0.6363589041004858,0.23140624927251452
DDO168,4.25,3.71,55.00,2.50,22.74,17.16,0.0,0.82,0.00,,,,,,,,,0.36283307531594194,0.637166924684058,0.0,DDO168,0.36283307531594194,0.637166924684058,0.23118523477271793
DDO168,4.25,4.12,52.00,2.70,22.74,16.37,0.0,0.00,0.00,,,,,,,,,0.3413351046925523,0.6586648953074478,0.0,DDO168,0.3413351046925523,0.6586648953074478,0.22482545099707668
DDO170,15.4,1.87,27.70,3.00,8.68,18.19,0.0,9.38,0.00,,,,,,,,,0.8145274033555833,0.1854725966444167,0.0,DDO170,0.8145274033555833,0.1854725966444167,0.1510725125383942
DDO170,15.4,3.36,42.40,1.50,15.07,19.75,0.0,3.58,0.00,,,,,,,,,0.6320205830703306,0.36797941692966935,0.0,DDO170,0.6320205830703306,0.36797941692966935,0.2325705656457699
DDO170,15.4,4.86,52.50,1.00,20.59,19.94,0.0,2.02,0.00,,,,,,,,,0.48396662072514735,0.5160333792748527,0.0,DDO170,0.48396662072514735,0.5160333792748527,0.24974293074902876
DDO170,15.4,6.35,55.60,1.00,24.61,19.17,0.0,0.91,0.00,,,,,,,,,0.37763171010161944,0.6223682898983806,0.0,DDO170,0.37763171010161944,0.6223682898983806,0.23502600162734588
DDO170,15.4,7.85,58.60,1.10,26.94,18.71,0.0,0.47,0.00,,,,,,,,,0.3253904877147149,0.674609512285285,0.0,DDO170,0.3253904877147149,0.674609512285285,0.21951151821949483
DDO170,15.4,9.34,59.00,1.20,27.6,17.41,0.0,0.18,0.00,,,,,,,,,0.2846437976684624,0.7153562023315376,0.0,DDO170,0.2846437976684624,0.7153562023315376,0.20362170611733782
DDO170,15.4,10.83,60.00,1.30,26.77,16.05,0.0,0.09,0.00,,,,,,,,,0.2644150479442648,0.7355849520557352,0.0,DDO170,0.2644150479442648,0.7355849520557352,0.19449973036489693
DDO170,15.4,12.33,62.20,1.00,24.9,15.01,0.0,0.00,0.00,,,,,,,,,0.2665295256734777,0.7334704743265222,0.0,DDO170,0.2665295256734777,0.7334704743265222,0.19549153761774868
ESO079-G014,28.7,0.41,33.20,11.60,2.21,28.95,0.0,5.28,0.00,,,,,,,,,0.9942061949739177,0.005793805026082266,0.0,ESO079-G014,0.9942061949739177,0.005793805026082266,0.005760236849402009
ESO079-G014,28.7,0.98,50.40,11.80,4.41,47.6,0.0,4.50,0.00,,,,,,,,,0.9914895715624323,0.008510428437567675,0.0,ESO079-G014,0.9914895715624323,0.008510428437567675,0.008438001045376715
ESO079-G014,28.7,1.78,53.90,9.75,6.75,62.09,0.0,3.32,0.00,,,,,,,,,0.9883194958400869,0.011680504159913016,0.0,ESO079-G014,0.9883194958400869,0.011680504159913016,0.01154406998248327
ESO079-G014,28.7,2.69,67.60,5.10,8.55,75.48,0.0,2.20,0.00,,,,,,,,,0.9873313201739192,0.012668679826080746,0.0,ESO079-G014,0.9873313201739192,0.012668679826080746,0.012508184377545
ESO079-G014,28.7,3.36,81.70,5.06,9.18,82.21,0.0,2.61,0.00,,,,,,,,,0.9876844368201616,0.012315563179838418,0.0,ESO079-G014,0.9876844368201616,0.012315563179838418,0.012163890083401827
ESO079-G014,28.7,4.39,102.00,5.35,9.29,86.87,0.0,5.73,0.00,,,,,,,,,0.9886928493596172,0.01130715064038274,0.0,ESO079-G014,0.9886928493596172,0.01130715064038274,0.011179298984778431
ESO079-G014,28.7,5.65,116.00,6.44,9.5,92.23,0.0,2.69,0.00,,,,,,,,,0.9895016914141948,0.010498308585805246,0.0,ESO079-G014,0.9895016914141948,0.010498308585805246,0.010388094102642454
ESO079-G014,28.7,6.34,132.00,9.10,10.22,96.19,0.0,9.82,0.00,,,,,,,,,0.9888373628007247,0.011162637199275472,0.0,ESO079-G014,0.9888373628007247,0.011162637199275472,0.011038032730032826
ESO079-G014,28.7,6.89,137.00,5.25,11.87,0.53,0.0,7.61,0.00,,,,,,,,,0.001989689597089628,0.9980103104029103,0.0,ESO079-G014,0.001989689597089628,0.9980103104029103,0.0019857307323968613
ESO079-G014,28.7,8.34,154.00,4.20,17.23,13.81,0.0,8.45,0.00,,,,,,,,,0.3911411044957946,0.6088588955042054,0.0,ESO079-G014,0.3911411044957946,0.6088588955042054,0.23814974086960447
ESO079-G014,28.7,10.04,163.00,3.28,24.23,28.72,0.0,8.05,0.00,,,,,,,,,0.5841915962908394,0.4158084037091606,0.0,ESO079-G014,0.5841915962908394,0.4158084037091606,0.2429117751140003
ESO079-G014,28.7,11.65,170.00,2.41,30.75,33.41,0.0,9.79,0.00,,,,,,,,,0.541387714154871,0.45861228584512903,0.0,ESO079-G014,0.541387714154871,0.45861228584512903,0.2482870571170347
ESO079-G014,28.7,13.36,175.00,2.18,36.2,32.99,0.0,3.18,0.00,,,,,,,,,0.4537056564709704,0.5462943435290296,0.0,ESO079-G014,0.4537056564709704,0.5462943435290296,0.2478568337572162
ESO079-G014,28.7,15.06,177.00,2.23,39.42,28.51,0.0,5.89,0.00,,,,,,,,,0.34343207676835363,0.6565679232316463,0.0,ESO079-G014,0.34343207676835363,0.6565679232316463,0.22548648541492924
ESO079-G014,28.7,16.67,178.00,2.03,40.49,24.23,0.0,0.92,0.00,,,,,,,,,0.26368030476080967,0.7363196952391903,0.0,ESO079-G014,0.26368030476080967,0.7363196952391903,0.19415300164205618
ESO116-G012,13.0,0.25,20.90,3.40,-0.22,17.33,0.0,6.94,0.00,,,,,,,,,0.9998388693153577,0.00016113068464228159,0.0,ESO116-G012,0.9998388693153577,0.00016113068464228159,0.0001611047215447483
ESO116-G012,13.0,0.83,40.00,3.29,-1.8,34.96,0.0,8.99,0.00,,,,,,,,,0.9973560551559536,0.0026439448440464235,0.0,ESO116-G012,0.9973560551559536,0.0026439448440464235,0.002636954399708064
ESO116-G012,13.0,1.38,51.50,2.96,-1.55,51.34,0.0,1.01,0.00,,,,,,,,,0.9990893405616507,0.0009106594383492278,0.0,ESO116-G012,0.9990893405616507,0.0009106594383492278,0.0009098301377365732
ESO116-G012,13.0,1.85,67.90,3.45,5.01,61.73,0.0,1.24,0.00,,,,,,,,,0.9934561759765445,0.006543824023455475,0.0,ESO116-G012,0.9934561759765445,0.006543824023455475,0.0065010023906055215
ESO116-G012,13.0,2.68,80.20,2.93,12.54,60.49,0.0,6.01,0.00,,,,,,,,,0.9587946592237695,0.04120534077623048,0.0,ESO116-G012,0.9587946592237695,0.04120534077623048,0.0395074606677452
ESO116-G012,13.0,3.19,83.30,3.08,16.68,63.17,0.0,1.40,0.00,,,,,,,,,0.9348222478502854,0.0651777521497146,0.0,ESO116-G012,0.9348222478502854,0.0651777521497146,0.06092961277442497
ESO116-G012,13.0,3.68,91.40,2.83,20.19,65.14,0.0,0.23,0.00,,,,,,,,,0.9123524516144417,0.0876475483855584,0.0,ESO116-G012,0.9123524516144417,0.0876475483855584,0.07996545564755961
ESO116-G012,13.0,4.13,102.00,5.40,22.31,66.32,0.0,4.20,0.00,,,,,,,,,0.8983398448370467,0.10166015516295338,0.0,ESO116-G012,0.8983398448370467,0.10166015516295338,0.09132536801519762
ESO116-G012,13.0,5.23,105.00,4.21,25.63,64.52,0.0,9.48,0.00,,,,,,,,,0.8637066250615466,0.13629337493845348,0.0,ESO116-G012,0.8637066250615466,0.13629337493845348,0.11771749088633963
ESO116-G012,13.0,6.05,109.00,2.10,27.28,60.09,0.0,3.57,0.00,,,,,,,,,0.8291165811118766,0.17088341888812336,0.0,ESO116-G012,0.8291165811118766,0.17088341888812336,0.14168227603722952
ESO116-G012,13.0,6.81,108.00,2.10,28.58,55.74,0.0,2.78,0.00,,,,,,,,,0.7918283566493807,0.20817164335061944,0.0,ESO116-G012,0.7918283566493807,0.20817164335061944,0.16483621025532197
ESO116-G012,13.0,7.56,109.00,2.10,30.7,53.61,0.0,2.04,0.00,,,,,,,,,0.753050034742364,0.246949965257636,0.0,ESO116-G012,0.753050034742364,0.246949965257636,0.18596567991688837
ESO116-G012,13.0,8.32,110.00,2.10,33.83,51.18,0.0,1.21,0.00,,,,,,,,,0.69593223320955,0.30406776679044994,0.0,ESO116-G012,0.69593223320955,0.30406776679044994,0.21161055998951847
ESO116-G012,13.0,9.09,111.00,2.33,35.49,49.08,0.0,0.72,0.00,,,,,,,,,0.6566501103414266,0.3433498896585734,0.0,ESO116-G012,0.6566501103414266,0.3433498896585734,0.22546074293001886
ESO116-G012,13.0,9.86,112.00,4.74,33.74,46.34,0.0,0.00,0.00,,,,,,,,,0.6535414752866227,0.3464585247133773,0.0,ESO116-G012,0.6535414752866227,0.3464585247133773,0.2264250153668074
ESO444-G084,4.83,0.26,18.30,1.80,4.59,8.31,0.0,1.29,0.00,,,,,,,,,0.7662325990133616,0.23376740098663837,0.0,ESO444-G084,0.7662325990133616,0.23376740098663837,0.1791202032225906
ESO444-G084,4.83,0.77,35.30,3.00,11.55,14.79,0.0,0.44,0.00,,,,,,,,,0.6211733976701749,0.3788266023298252,0.0,ESO444-G084,0.6211733976701749,0.3788266023298252,0.2353170076970657
ESO444-G084,4.83,1.29,47.80,4.63,16.45,14.54,0.0,3.29,0.00,,,,,,,,,0.4386004475802679,0.5613995524197322,0.0,ESO444-G084,0.4386004475802679,0.5613995524197322,0.2462300949626566
ESO444-G084,4.83,1.81,52.80,1.26,19.03,13.66,0.0,1.03,0.00,,,,,,,,,0.3400459054573552,0.6599540945426449,0.0,ESO444-G084,0.3400459054573552,0.6599540945426449,0.22441468763904265
ESO444-G084,4.83,2.32,58.00,3.11,20.09,12.28,0.0,0.34,0.00,,,,,,,,,0.27199969697324977,0.7280003030267502,0.0,ESO444-G084,0.27199969697324977,0.7280003030267502,0.19801586181971007
ESO444-G084,4.83,3.39,63.10,1.35,17.39,9.97,0.0,0.03,0.00,,,,,,,,,0.2473809956372741,0.752619004362726,0.0,ESO444-G084,0.2473809956372741,0.752619004362726,0.1861836386347851
ESO444-G084,4.83,4.44,62.70,7.36,14.45,8.53,0.0,0.00,0.00,,,,,,,,,0.2584174647699239,0.741582535230076,0.0,ESO444-G084,0.2584174647699239,0.741582535230076,0.191637878671809
ESO563-G021,60.8,0.45,18.90,9.78,0.0,65.19,,6.34,0.00,,,,,,,,,0.0,0.0,0.0,ESO563-G021,0.0,0.0,0.0
ESO563-G021,60.8,1.34,58.30,10.50,0.0,20.17,0.0,7.68,0.00,,,,,,,,,1.0,0.0,0.0,ESO563-G021,1.0,0.0,0.0
ESO563-G021,60.8,2.23,74.10,5.69,0.0,37.48,0.0,1.26,0.00,,,,,,,,,1.0,0.0,0.0,ESO563-G021,1.0,0.0,0.0
ESO563-G021,60.8,3.12,119.00,4.27,0.0,46.18,0.0,4.33,0.00,,,,,,,,,1.0,0.0,0.0,ESO563-G021,1.0,0.0,0.0
ESO563-G021,60.8,4.01,141.00,3.76,0.0,57.86,0.0,8.02,0.00,,,,,,,,,1.0,0.0,0.0,ESO563-G021,1.0,0.0,0.0
ESO563-G021,60.8,4.90,195.00,4.54,0.0,75.79,0.0,4.14,0.00,,,,,,,,,1.0,0.0,0.0,ESO563-G021,1.0,0.0,0.0
ESO563-G021,60.8,5.79,227.00,4.20,0.0,99.19,0.0,3.52,0.00,,,,,,,,,1.0,0.0,0.0,ESO563-G021,1.0,0.0,0.0
ESO563-G021,60.8,6.69,246.00,4.24,0.0,17.87,0.0,6.75,0.00,,,,,,,,,1.0,0.0,0.0,ESO563-G021,1.0,0.0,0.0
ESO563-G021,60.8,7.58,268.00,5.56,0.0,28.65,0.0,6.92,0.00,,,,,,,,,1.0,0.0,0.0,ESO563-G021,1.0,0.0,0.0
ESO563-G021,60.8,8.47,283.00,2.96,0.0,41.76,0.0,5.98,0.00,,,,,,,,,1.0,0.0,0.0,ESO563-G021,1.0,0.0,0.0
ESO563-G021,60.8,10.23,291.00,9.81,0.0,60.94,0.0,2.74,0.00,,,,,,,,,1.0,0.0,0.0,ESO563-G021,1.0,0.0,0.0
ESO563-G021,60.8,12.06,310.00,4.74,0.04,75.04,0.0,9.54,0.00,,,,,,,,,0.9999997158588012,2.8414119885422903e-07,0.0,ESO563-G021,0.9999997158588012,2.8414119885422903e-07,2.8414111811800813e-07
ESO563-G021,60.8,13.44,310.00,20.40,0.4,77.98,0.0,4.72,0.00,,,,,,,,,0.9999736887128723,2.6311287127775047e-05,0.0,ESO563-G021,0.9999736887128723,2.6311287127775047e-05,2.6310594843944728e-05
ESO563-G021,60.8,15.18,310.00,16.10,3.11,82.25,0.0,1.46,0.00,,,,,,,,,0.9985723278370197,0.0014276721629803769,0.0,ESO563-G021,0.9985723278370197,0.0014276721629803769,0.0014256339151754278
ESO563-G021,60.8,16.83,314.00,13.50,15.18,83.33,0.0,6.52,0.00,,,,,,,,,0.9678809478465928,0.032119052153407185,0.0,ESO563-G021,0.9678809478465928,0.032119052153407185,0.031087418642173896
ESO563-G021,60.8,18.56,317.00,12.70,22.91,76.47,0.0,0.44,0.00,,,,,,,,,0.9176358240190041,0.08236417598099594,0.0,ESO563-G021,0.9176358240190041,0.08236417598099594,0.07558031849596747
ESO563-G021,60.8,20.30,319.00,10.40,33.06,72.19,0.0,2.60,0.00,,,,,,,,,0.8266336865264842,0.1733663134735158,0.0,ESO563-G021,0.8266336865264842,0.1733663134735158,0.14331043482611844
ESO563-G021,60.8,21.94,318.00,10.80,33.62,73.0,0.0,0.58,0.00,,,,,,,,,0.8250114362159492,0.17498856378405075,0.0,ESO563-G021,0.8250114362159492,0.17498856378405075,0.14436756632884595
ESO563-G021,60.8,23.68,317.00,9.30,39.67,71.34,0.0,2.65,0.00,,,,,,,,,0.7638174667679307,0.2361825332320692,0.0,ESO563-G021,0.7638174667679307,0.2361825332320692,0.1804003442281517
ESO563-G021,60.8,25.41,317.00,7.23,44.98,61.62,0.0,9.67,0.00,,,,,,,,,0.6523844920904086,0.34761550790959134,0.0,ESO563-G021,0.6523844920904086,0.34761550790959134,0.22677896657034816
ESO563-G021,60.8,27.06,312.00,8.39,46.29,52.97,0.0,3.79,0.00,,,,,,,,,0.5669945853208543,0.4330054146791457,0.0,ESO563-G021,0.5669945853208543,0.4330054146791457,0.2455117255376868
ESO563-G021,60.8,28.80,312.00,8.37,43.21,43.84,0.0,7.98,0.00,,,,,,,,,0.5072368409419385,0.4927631590580614,0.0,ESO563-G021,0.5072368409419385,0.4927631590580614,0.24994762813318105
ESO563-G021,60.8,30.53,311.00,11.50,45.08,33.85,0.0,4.31,0.00,,,,,,,,,0.3605450221047392,0.6394549778952607,0.0,ESO563-G021,0.3605450221047392,0.6394549778952607,0.2305523091402323
ESO563-G021,60.8,32.18,310.00,14.50,52.43,24.75,0.0,2.73,0.00,,,,,,,,,0.18223068294519232,0.8177693170548077,0.0,ESO563-G021,0.18223068294519232,0.8177693170548077,0.1490226611385211
ESO563-G021,60.8,33.91,313.00,15.90,59.7,16.21,0.0,1.63,0.00,,,,,,,,,0.06866321347343764,0.9313367865265624,0.0,ESO563-G021,0.06866321347343764,0.9313367865265624,0.06394857658893877
ESO563-G021,60.8,35.65,320.00,8.83,61.56,8.83,0.0,1.34,0.00,,,,,,,,,0.02015949157132875,0.9798405084286713,0.0,ESO563-G021,0.02015949157132875,0.9798405084286713,0.019753086470914276
ESO563-G021,60.8,37.30,321.00,7.88,63.33,2.65,0.0,0.94,0.00,,,,,,,,,0.0017478856246369513,0.998252114375363,0.0,ESO563-G021,0.0017478856246369513,0.998252114375363,0.0017448305204801388
ESO563-G021,60.8,39.03,320.00,8.00,62.96,96.77,0.0,0.72,0.00,,,,,,,,,0.7025927166246467,0.29740728337535327,0.0,ESO563-G021,0.7025927166246467,0.29740728337535327,0.2089561911706456
ESO563-G021,60.8,40.76,315.00,9.82,62.4,91.39,0.0,0.59,0.00,,,,,,,,,0.6820354149617242,0.3179645850382758,0.0,ESO563-G021,0.6820354149617242,0.3179645850382758,0.21686310769971287
ESO563-G021,60.8,42.41,312.00,9.07,62.21,86.89,0.0,0.59,0.00,,,,,,,,,0.661112176594863,0.33888782340513707,0.0,ESO563-G021,0.661112176594863,0.33888782340513707,0.22404286655286573
F561-1,66.4,1.61,23.40,10.00,5.21,28.61,0.0,3.88,0.00,,,,,,,,,0.9679024903385007,0.03209750966149928,0.0,F561-1,0.9679024903385007,0.03209750966149928,0.031067259535029243
F561-1,66.4,3.23,40.60,5.00,10.57,37.58,0.0,9.59,0.00,,,,,,,,,0.9266887986092743,0.07331120139072574,0.0,F561-1,0.9266887986092743,0.07331120139072574,0.0679366691413742
F561-1,66.4,4.84,45.50,5.00,15.71,39.1,0.0,4.19,0.00,,,,,,,,,0.861003525484507,0.138996474515493,0.0,F561-1,0.861003525484507,0.138996474515493,0.1196764545877569
F561-1,66.4,6.45,49.20,5.00,20.94,44.01,0.0,1.07,0.00,,,,,,,,,0.8154035948263417,0.1845964051736583,0.0,F561-1,0.8154035948263417,0.1845964051736583,0.1505205723706209
F561-1,66.4,8.06,50.40,5.00,25.97,48.52,0.0,7.95,0.00,,,,,,,,,0.7773116522965341,0.22268834770346588,0.0,F561-1,0.7773116522965341,0.22268834770346588,0.17309824750056615
F561-1,66.4,9.66,50.40,5.00,29.26,49.44,0.0,3.35,0.00,,,,,,,,,0.7405975867857497,0.2594024132142502,0.0,F561-1,0.7405975867857497,0.2594024132142502,0.19211280123287358
F563-1,48.9,1.07,22.10,7.17,1.98,18.3,0.0,3.42,0.00,,,,,,,,,0.9884289266209066,0.011571073379093438,0.0,F563-1,0.9884289266209066,0.011571073379093438,0.011437183639949075
F563-1,48.9,1.78,42.70,10.66,4.03,24.51,0.0,0.43,0.00,,,,,,,,,0.9736768231112465,0.026323176888753463,0.0,F563-1,0.9736768231112465,0.026323176888753463,0.025630267247236858
F563-1,48.9,2.49,60.60,7.69,6.25,27.45,0.0,4.31,0.00,,,,,,,,,0.9507138215793026,0.04928617842069736,0.0,F563-1,0.9507138215793026,0.04928617842069736,0.04685705103738055
F563-1,48.9,2.97,76.80,11.10,7.78,28.28,0.0,9.63,0.00,,,,,,,,,0.9296416032420816,0.0703583967579184,0.0,F563-1,0.9296416032420816,0.0703583967579184,0.06540809276357373
F563-1,48.9,3.04,81.60,17.50,8.01,28.2,0.0,9.31,0.00,,,,,,,,,0.9253431550682854,0.07465684493171457,0.0,F563-1,0.9253431550682854,0.07465684493171457,0.06908320043655648
F563-1,48.9,3.19,87.00,8.93,8.49,28.16,0.0,9.15,0.00,,,,,,,,,0.9166767333394445,0.08332326666055538,0.0,F563-1,0.9166767333394445,0.08332326666055538,0.07638049989356936
F563-1,48.9,6.95,90.00,24.80,17.83,29.57,0.0,3.35,0.00,,,,,,,,,0.7333636222883991,0.2666363777116009,0.0,F563-1,0.7333636222883991,0.2666363777116009,0.19554141979243742
F563-1,48.9,8.58,97.80,9.40,22.83,29.09,0.0,1.88,0.00,,,,,,,,,0.6188424768380555,0.38115752316194457,0.0,F563-1,0.6188424768380555,0.38115752316194457,0.23587646569899628
F563-1,48.9,9.26,93.70,25.30,24.91,28.73,0.0,1.68,0.00,,,,,,,,,0.5708561532753172,0.42914384672468275,0.0,F563-1,0.5708561532753172,0.42914384672468275,0.24497940554302475
F563-1,48.9,9.89,103.00,23.80,26.69,28.7,0.0,1.49,0.00,,,,,,,,,0.5362404162218829,0.4637595837781171,0.0,F563-1,0.5362404162218829,0.4637595837781171,0.2486866322320647
F563-1,48.9,10.08,97.40,11.00,27.31,28.73,0.0,1.43,0.00,,,,,,,,,0.5253227846127508,0.4746772153872492,0.0,F563-1,0.5253227846127508,0.4746772153872492,0.24935875657945625
F563-1,48.9,11.84,106.50,9.48,30.86,27.77,0.0,0.72,0.00,,,,,,,,,0.44744259180017554,0.5525574081998245,0.0,F563-1,0.44744259180017554,0.5525574081998245,0.24723771884331702
F563-1,48.9,14.56,112.00,11.00,30.44,25.73,0.0,0.36,0.00,,,,,,,,,0.4167328821469364,0.5832671178530636,0.0,F563-1,0.4167328821469364,0.5832671178530636,0.243066587084444
F563-1,48.9,15.43,111.50,9.40,30.7,25.11,0.0,0.28,0.00,,,,,,,,,0.4008336034643564,0.5991663965356435,0.0,F563-1,0.4008336034643564,0.5991663965356435,0.24016602579813548
F563-1,48.9,17.93,111.00,24.30,33.36,23.48,0.0,0.14,0.00,,,,,,,,,0.33127652926330975,0.6687234707366903,0.0,F563-1,0.33127652926330975,0.6687234707366903,0.22153239042256523
F563-1,48.9,19.02,112.50,7.75,34.35,22.95,0.0,0.10,0.00,,,,,,,,,0.3086222808174028,0.6913777191825973,0.0,F563-1,0.3086222808174028,0.6913777191825973,0.21337456860046697
F563-1,48.9,20.10,106.00,10.70,35.34,22.07,0.0,0.00,0.00,,,,,,,,,0.28057877863514435,0.7194212213648556,0.0,F563-1,0.28057877863514435,0.7194212213648556,0.20185432761475502
F563-V1,54.0,1.31,12.00,5.00,4.66,11.06,0.0,2.60,0.00,,,,,,,,,0.849238262917317,0.15076173708268303,0.0,F563-V1,0.849238262917317,0.15076173708268303,0.128032635714495
F563-V1,54.0,2.63,21.70,5.00,9.66,16.85,0.0,9.31,0.00,,,,,,,,,0.7526347418248581,0.24736525817514185,0.0,F563-V1,0.7526347418248581,0.24736525817514185,0.18617568722308725
F563-V1,54.0,3.93,28.60,5.00,13.79,23.41,0.0,7.16,0.00,,,,,,,,,0.7423921574896077,0.25760784251039226,0.0,F563-V1,0.7423921574896077,0.25760784251039226,0.1912460419875332
F563-V1,54.0,5.24,29.50,5.00,16.46,24.18,0.0,3.64,0.00,,,,,,,,,0.6833446313948977,0.31665536860510235,0.0,F563-V1,0.6833446313948977,0.31665536860510235,0.21638474613866912
F563-V1,54.0,6.55,28.60,5.00,18.52,23.59,0.0,2.39,0.00,,,,,,,,,0.6186786009893511,0.38132139901064893,0.0,F563-V1,0.6186786009893511,0.38132139901064893,0.23591538966721043
F563-V1,54.0,7.87,27.30,5.00,20.17,23.33,0.0,2.56,0.00,,,,,,,,,0.5722623422671723,0.42773765773282774,0.0,F563-V1,0.5722623422671723,0.42773765773282774,0.24477815389006208
F563-V2,59.7,0.28,11.90,7.89,0.95,6.22,0.0,8.00,0.00,,,,,,,,,0.9772043575670166,0.022795642432983338,0.0,F563-V2,0.9772043575670166,0.022795642432983338,0.022276001119050908
F563-V2,59.7,0.87,34.80,7.89,2.93,17.64,0.0,0.24,0.00,,,,,,,,,0.97315158973525,0.026848410264749992,0.0,F563-V2,0.97315158973525,0.026848410264749992,0.02612757313100566
F563-V2,59.7,1.46,58.50,8.68,4.98,27.33,0.0,0.99,0.00,,,,,,,,,0.9678638610714924,0.03213613892850772,0.0,F563-V2,0.9678638610714924,0.03213613892850772,0.03110340750327537
F563-V2,59.7,2.05,81.50,14.20,7.2,35.16,0.0,9.39,0.00,,,,,,,,,0.9597536026115441,0.04024639738845601,0.0,F563-V2,0.9597536026115441,0.04024639738845601,0.03862662488570649
F563-V2,59.7,2.35,91.80,17.50,8.24,37.71,0.0,3.19,0.00,,,,,,,,,0.9544293578735329,0.04557064212646709,0.0,F563-V2,0.9544293578735329,0.04557064212646709,0.04349395870264855
F563-V2,59.7,4.76,114.00,8.68,16.62,45.06,0.0,0.80,0.00,,,,,,,,,0.8802475301609102,0.11975246983908981,0.0,F563-V2,0.8802475301609102,0.11975246983908981,0.1054118158065277
F563-V2,59.7,7.86,116.00,8.68,34.33,41.16,0.0,3.01,0.00,,,,,,,,,0.5897409557472958,0.4102590442527042,0.0,F563-V2,0.5897409557472958,0.4102590442527042,0.2419465608615619
F563-V2,59.7,8.70,117.00,16.60,39.57,40.09,0.0,2.22,0.00,,,,,,,,,0.506527464762765,0.493472535237235,0.0,F563-V2,0.506527464762765,0.493472535237235,0.24995739220377086
F563-V2,59.7,10.18,118.00,51.90,39.57,38.11,0.0,1.34,0.00,,,,,,,,,0.4812115804446223,0.5187884195553777,0.0,F563-V2,0.4812115804446223,0.5187884195553777,0.2496469952906111
F563-V2,59.7,10.47,118.00,40.30,39.57,37.78,0.0,1.24,0.00,,,,,,,,,0.47687082209684484,0.5231291779031553,0.0,F563-V2,0.47687082209684484,0.5231291779031553,0.24946504112952425
F565-V2,51.8,1.26,21.70,10.00,5.7,11.4,0.0,2.58,0.00,,,,,,,,,0.7999999999999999,0.19999999999999998,0.0,F565-V2,0.7999999999999999,0.19999999999999998,0.15999999999999998
F565-V2,51.8,2.51,40.30,10.00,10.7,17.23,0.0,5.69,0.00,,,,,,,,,0.7216812697498973,0.27831873025010273,0.0,F565-V2,0.7216812697498973,0.27831873025010273,0.2008574146420733
F565-V2,51.8,3.78,57.70,7.00,14.75,19.15,0.0,4.01,0.00,,,,,,,,,0.627643187827858,0.37235681217214206,0.0,F565-V2,0.627643187827858,0.37235681217214206,0.2337072166011422
F565-V2,51.8,5.03,68.50,7.00,18.18,18.51,0.0,1.60,0.00,,,,,,,,,0.5089935488183975,0.4910064511816024,0.0,F565-V2,0.5089935488183975,0.4910064511816024,0.24991911607965106
F565-V2,51.8,6.29,73.50,7.00,21.5,20.41,0.0,1.58,0.00,,,,,,,,,0.47400946794336624,0.5259905320566338,0.0,F565-V2,0.47400946794336624,0.5259905320566338,0.24932449224341313
F565-V2,51.8,7.54,78.50,5.00,24.72,20.52,0.0,0.60,0.00,,,,,,,,,0.4079551320507276,0.5920448679492725,0.0,F565-V2,0.4079551320507276,0.5920448679492725,0.241527742284201
F565-V2,51.8,8.80,83.10,6.00,27.11,18.68,0.0,0.21,0.00,,,,,,,,,0.3219339151550266,0.6780660848449734,0.0,F565-V2,0.3219339151550266,0.6780660848449734,0.21829246942798275
F567-2,79.0,1.92,26.90,8.00,-8.25,24.52,0.0,2.17,0.00,,,,,,,,,0.8983068548911844,0.10169314510881558,0.0,F567-2,0.8983068548911844,0.10169314510881558,0.09135164934669296
F567-2,79.0,3.83,46.80,5.00,-11.91,32.41,0.0,0.50,0.00,,,,,,,,,0.8810254876426729,0.11897451235732726,0.0,F567-2,0.8810254876426729,0.11897451235732726,0.10481957776666345
F567-2,79.0,5.75,47.60,5.00,-2.02,32.86,0.0,5.00,0.00,,,,,,,,,0.9962353071429889,0.003764692857011053,0.0,F567-2,0.9962353071429889,0.003764692857011053,0.0037505199447034226
F567-2,79.0,7.67,48.10,8.00,17.45,32.97,0.0,3.29,0.00,,,,,,,,,0.7811732810242357,0.21882671897576425,0.0,F567-2,0.7811732810242357,0.21882671897576425,0.17094158603806614
F567-2,79.0,9.59,52.20,10.00,24.22,33.05,0.0,1.99,0.00,,,,,,,,,0.6506018276491027,0.34939817235089726,0.0,F567-2,0.6506018276491027,0.34939817235089726,0.22731908950874993
F568-1,90.7,0.44,15.70,9.10,-2.08,12.26,0.0,8.11,0.00,,,,,,,,,0.9720216769921233,0.027978323007876664,0.0,F568-1,0.9720216769921233,0.027978323007876664,0.027195536449543582
F568-1,90.7,1.32,44.50,9.10,-5.39,28.49,0.0,7.84,0.00,,,,,,,,,0.9654442877291961,0.034555712270803944,0.0,F568-1,0.9654442877291961,0.034555712270803944,0.03336161502026135
F568-1,90.7,2.20,69.40,9.10,-6.26,35.84,0.0,8.81,0.00,,,,,,,,,0.9703952547312323,0.02960474526876771,0.0,F568-1,0.9703952547312323,0.02960474526876771,0.028728304326339087
F568-1,90.7,3.08,90.00,11.40,-3.53,40.15,0.0,4.49,0.00,,,,,,,,,0.9923293152764749,0.0076706847235250295,0.0,F568-1,0.9923293152764749,0.0076706847235250295,0.007611845319397309
F568-1,90.7,3.96,105.00,9.88,1.83,41.23,0.0,9.47,0.00,,,,,,,,,0.9980338313229358,0.0019661686770642076,0.0,F568-1,0.9980338313229358,0.0019661686770642076,0.001962302857797539
F568-1,90.7,4.84,113.00,16.20,8.4,42.44,0.0,6.02,0.00,,,,,,,,,0.9623019248243962,0.03769807517560379,0.0,F568-1,0.9623019248243962,0.03769807517560379,0.03627693030365832
F568-1,90.7,5.53,117.00,24.80,13.64,43.19,0.0,3.79,0.00,,,,,,,,,0.9093071711054415,0.09069282889455857,0.0,F568-1,0.9093071711054415,0.09069282889455857,0.08246763968166089
F568-1,90.7,7.48,124.00,9.10,27.27,47.2,0.0,0.81,0.00,,,,,,,,,0.7497376150553817,0.2502623849446182,0.0,F568-1,0.7497376150553817,0.2502623849446182,0.18763112362644993
F568-1,90.7,8.37,127.00,9.10,32.13,48.6,0.0,8.48,0.00,,,,,,,,,0.6958613431842099,0.3041386568157901,0.0,F568-1,0.6958613431842099,0.3041386568157901,0.21163833424607717
F568-1,90.7,9.24,130.00,9.10,36.26,48.96,0.0,6.88,0.00,,,,,,,,,0.6457882729272896,0.35421172707271037,0.0,F568-1,0.6457882729272896,0.35421172707271037,0.2287457794768781
F568-1,90.7,10.13,133.00,9.10,39.77,48.92,0.0,5.70,0.00,,,,,,,,,0.6020818103605364,0.3979181896394637,0.0,F568-1,0.6020818103605364,0.3979181896394637,0.23957930399351554
F568-1,90.7,13.23,142.00,23.80,47.41,49.96,0.0,3.23,0.00,,,,,,,,,0.5261708152166227,0.4738291847833775,0.0,F568-1,0.5261708152166227,0.4738291847833775,0.24931508843089747
F568-3,82.4,0.64,12.40,8.60,1.18,13.56,0.0,7.54,0.00,,,,,,,,,0.9924843198428206,0.007515680157179405,0.0,F568-3,0.9924843198428206,0.007515680157179405,0.007459194708954385
F568-3,82.4,1.18,21.90,6.20,1.55,21.17,0.0,6.11,0.00,,,,,,,,,0.9946678817164162,0.005332118283583912,0.0,F568-3,0.9946678817164162,0.005332118283583912,0.005303686798193782
F568-3,82.4,1.80,32.30,1.88,1.6,27.72,0.0,6.30,0.00,,,,,,,,,0.9966794576724244,0.0033205423275756525,0.0,F568-3,0.9966794576724244,0.0033205423275756525,0.003309516326226431
F568-3,82.4,2.03,37.90,6.20,1.54,29.76,0.0,4.10,0.00,,,,,,,,,0.9973293670973883,0.0026706329026117605,0.0,F568-3,0.9973293670973883,0.0026706329026117605,0.0026635006225112483
F568-3,82.4,2.78,53.10,9.50,1.46,36.4,0.0,7.67,0.00,,,,,,,,,0.9983937808060875,0.0016062191939124626,0.0,F568-3,0.9983937808060875,0.0016062191939124626,0.0016036392538135698
F568-3,82.4,3.00,62.40,11.00,1.62,38.08,0.0,5.56,0.00,,,,,,,,,0.9981934463487159,0.0018065536512842067,0.0,F568-3,0.9981934463487159,0.0018065536512842067,0.0018032900151892385
F568-3,82.4,3.64,68.00,6.20,2.96,42.4,0.0,0.26,0.00,,,,,,,,,0.9951500164736474,0.004849983526352522,0.0,F568-3,0.9951500164736474,0.004849983526352522,0.004826461186146631
F568-3,82.4,4.19,78.00,7.98,5.28,45.43,0.0,5.29,0.00,,,,,,,,,0.9866722970041591,0.013327702995840879,0.0,F568-3,0.9866722970041591,0.013327702995840879,0.013150075328695533
F568-3,82.4,4.60,82.30,6.20,6.86,46.43,0.0,1.07,0.00,,,,,,,,,0.9786365063263671,0.021363493673632862,0.0,F568-3,0.9786365063263671,0.021363493673632862,0.020907094811689512
F568-3,82.4,5.14,85.70,6.30,8.92,47.19,0.0,9.58,0.00,,,,,,,,,0.9655028425565123,0.034497157443487594,0.0,F568-3,0.9655028425565123,0.034497157443487594,0.03330710357180682
F568-3,82.4,5.39,85.50,6.51,9.95,47.91,0.0,9.11,0.00,,,,,,,,,0.9586519730905483,0.04134802690945169,0.0,F568-3,0.9586519730905483,0.04134802690945169,0.039638367580146945
F568-3,82.4,6.31,89.50,15.60,14.48,50.48,0.0,4.95,0.00,,,,,,,,,0.9239746404221646,0.07602535957783545,0.0,F568-3,0.9239746404221646,0.07602535957783545,0.07024550427889627
F568-3,82.4,9.10,95.20,15.50,26.69,51.31,0.0,7.98,0.00,,,,,,,,,0.7870431316848707,0.21295686831512936,0.0,F568-3,0.7870431316848707,0.21295686831512936,0.16760624055254203
F568-3,82.4,10.17,97.50,6.20,29.9,52.01,0.0,6.77,0.00,,,,,,,,,0.7515983453522918,0.2484016546477083,0.0,F568-3,0.7515983453522918,0.2484016546477083,0.18669827261598898
F568-3,82.4,11.99,101.00,10.20,33.72,51.6,0.0,4.47,0.00,,,,,,,,,0.700747742182437,0.29925225781756304,0.0,F568-3,0.700747742182437,0.29925225781756304,0.2097003440086538
F568-3,82.4,14.02,107.00,10.70,36.41,50.13,0.0,3.11,0.00,,,,,,,,,0.6546522590300635,0.3453477409699364,0.0,F568-3,0.6546522590300635,0.3453477409699364,0.2260826787768981
F568-3,82.4,15.94,117.00,11.70,38.69,49.27,0.0,2.41,0.00,,,,,,,,,0.618566555457849,0.381433444542151,0.0,F568-3,0.618566555457849,0.381433444542151,0.2359419719268608
F568-3,82.4,17.98,120.00,12.00,39.0,48.97,0.0,1.66,0.00,,,,,,,,,0.6118968194650918,0.3881031805349083,0.0,F568-3,0.6118968194650918,0.3881031805349083,0.2374791017935967
F568-V1,80.6,0.39,17.40,30.40,-1.11,12.25,0.0,9.83,0.00,,,,,,,,,0.9918562856836926,0.008143714316307392,0.0,F568-V1,0.9918562856836926,0.008143714316307392,0.00807739423344176
F568-V1,80.6,1.18,46.30,37.10,-2.76,28.99,0.0,0.79,0.00,,,,,,,,,0.9910173804773066,0.008982619522693388,0.0,F568-V1,0.9910173804773066,0.008982619522693388,0.008901932069203915
F568-V1,80.6,1.95,69.10,13.10,-2.63,34.78,0.0,4.20,0.00,,,,,,,,,0.9943144030164267,0.005685596983573343,0.0,F568-V1,0.9943144030164267,0.005685596983573343,0.005653270970513725
F568-V1,80.6,2.74,85.20,6.20,-0.03,37.08,0.0,7.14,0.00,,,,,,,,,0.9999993454199361,6.545800639786556e-07,0.0,F568-V1,0.9999993454199361,6.545800639786556e-07,6.545796355035955e-07
F568-V1,80.6,3.53,93.20,6.20,3.84,41.2,0.0,2.68,0.00,,,,,,,,,0.991387849541545,0.00861215045845497,0.0,F568-V1,0.991387849541545,0.00861215045845497,0.008537981322935904
F568-V1,80.6,4.30,100.00,12.40,7.34,44.37,0.0,6.78,0.00,,,,,,,,,0.9733628337179507,0.026637166282049225,0.0,F568-V1,0.9733628337179507,0.026637166282049225,0.025927627654511683
F568-V1,80.6,5.09,108.00,6.20,9.92,45.35,0.0,1.52,0.00,,,,,,,,,0.9543363896419209,0.0456636103580792,0.0,F568-V1,0.9543363896419209,0.0456636103580792,0.043578445047144726
F568-V1,80.6,5.87,112.00,6.20,12.15,44.94,0.0,9.36,0.00,,,,,,,,,0.9318841259802103,0.06811587401978964,0.0,F568-V1,0.9318841259802103,0.06811587401978964,0.06347610172630978
F568-V1,80.6,6.40,113.00,24.90,13.65,45.12,0.0,8.08,0.00,,,,,,,,,0.9161516556428183,0.08384834435718161,0.0,F568-V1,0.9161516556428183,0.08384834435718161,0.0768177995057411
F568-V1,80.6,7.44,113.00,15.50,17.06,45.76,0.0,6.21,0.00,,,,,,,,,0.8779702251703255,0.12202977482967448,0.0,F568-V1,0.8779702251703255,0.12202977482967448,0.10713850888469342
F568-V1,80.6,8.21,112.00,13.10,19.87,46.01,0.0,4.32,0.00,,,,,,,,,0.842811209931613,0.15718879006838696,0.0,F568-V1,0.842811209931613,0.15718879006838696,0.13248047434522353
F568-V1,80.6,9.00,111.00,26.40,22.99,44.52,0.0,3.01,0.00,,,,,,,,,0.7894741055867581,0.21052589441324188,0.0,F568-V1,0.7894741055867581,0.21052589441324188,0.1662047421947464
F568-V1,80.6,9.72,111.00,19.40,26.1,43.69,0.0,2.45,0.00,,,,,,,,,0.7369872064223599,0.26301279357764,0.0,F568-V1,0.7369872064223599,0.26301279357764,0.19383706399212572
F568-V1,80.6,11.79,113.00,12.50,34.23,40.77,0.0,1.17,0.00,,,,,,,,,0.5865419488675232,0.41345805113247674,0.0,F568-V1,0.5865419488675232,0.41345805113247674,0.24251049108621098
F568-V1,80.6,17.63,118.00,14.60,36.03,33.12,0.0,0.00,0.00,,,,,,,,,0.4579919638270761,0.5420080361729239,0.0,F568-V1,0.4579919638270761,0.5420080361729239,0.24823532489689432
F571-8,53.3,0.22,12.40,7.00,0.92,38.29,,6.57,0.00,,,,,,,,,0.0,0.0,0.0,F571-8,0.0,0.0,0.0
F571-8,53.3,0.78,37.50,4.00,2.67,85.69,0.0,5.48,0.00,,,,,,,,,0.9990300690961312,0.0009699309038688255,0.0,F571-8,0.9990300690961312,0.0009699309038688255,0.0009689901379105458
F571-8,53.3,1.33,56.50,4.00,3.9,4.0,0.0,3.21,0.00,,,,,,,,,0.5126561999359179,0.48734380006408196,0.0,F571-8,0.5126561999359179,0.48734380006408196,0.24983982060318202
F571-8,53.3,2.33,69.10,4.00,5.34,14.45,0.0,1.25,0.00,,,,,,,,,0.8798422876299785,0.1201577123700215,0.0,F571-8,0.8798422876299785,0.1201577123700215,0.10571983652802468
F571-8,53.3,3.44,85.50,7.50,7.09,7.32,0.0,5.98,0.00,,,,,,,,,0.5159570729076894,0.4840429270923105,0.0,F571-8,0.5159570729076894,0.4840429270923105,0.24974537182421866
F571-8,53.3,3.78,87.10,8.40,7.29,3.7,0.0,5.02,0.00,,,,,,,,,0.20483555550235583,0.7951644444976441,0.0,F571-8,0.20483555550235583,0.7951644444976441,0.16287795070439712
F571-8,53.3,4.77,105.00,4.00,8.42,92.03,0.0,8.51,0.00,,,,,,,,,0.9916987194525027,0.00830128054749737,0.0,F571-8,0.9916987194525027,0.00830128054749737,0.008232369288769113
F571-8,53.3,5.44,112.00,6.70,8.94,86.43,0.0,6.64,0.00,,,,,,,,,0.9894141887586848,0.010585811241315225,0.0,F571-8,0.9894141887586848,0.010585811241315225,0.01047375184167847
F571-8,53.3,6.11,116.00,4.00,9.45,81.42,0.0,6.17,0.00,,,,,,,,,0.9867080079212102,0.013291992078789863,0.0,F571-8,0.9867080079212102,0.013291992078789863,0.01311531502536725
F571-8,53.3,7.22,124.00,4.00,10.47,76.23,0.0,5.40,0.00,,,,,,,,,0.981484938318597,0.018515061681403096,0.0,F571-8,0.981484938318597,0.018515061681403096,0.018172254172336935
F571-8,53.3,9.33,135.00,4.00,11.28,68.45,0.0,2.80,0.00,,,,,,,,,0.9735616260087055,0.026438373991294464,0.0,F571-8,0.9735616260087055,0.026438373991294464,0.02573938637199091
F571-8,53.3,11.10,140.00,4.00,11.8,64.24,0.0,1.77,0.00,,,,,,,,,0.967360659740363,0.032639340259637,0.0,F571-8,0.967360659740363,0.032639340259637,0.03157401372705264
F571-8,53.3,15.55,144.00,5.00,11.28,55.43,0.0,0.00,0.00,,,,,,,,,0.9602345615322424,0.0397654384677575,0.0,F571-8,0.9602345615322424,0.0397654384677575,0.03818414837122449
F571-V1,80.1,1.95,32.00,10.00,7.85,23.82,0.0,3.44,0.00,,,,,,,,,0.9020333222631134,0.09796667773688666,0.0,F571-V1,0.9020333222631134,0.09796667773688666,0.08836920779008367
F571-V1,80.1,3.88,57.60,10.00,15.1,35.57,0.0,0.77,0.00,,,,,,,,,0.8473046672027288,0.1526953327972712,0.0,F571-V1,0.8473046672027288,0.1526953327972712,0.12937946813920181
F571-V1,80.1,5.83,70.90,7.00,20.84,33.21,0.0,4.16,0.00,,,,,,,,,0.7174714679461105,0.2825285320538896,0.0,F571-V1,0.7174714679461105,0.2825285320538896,0.20270616062936392
F571-V1,80.1,7.78,77.00,6.00,25.68,32.58,0.0,2.09,0.00,,,,,,,,,0.6167963299604838,0.3832036700395161,0.0,F571-V1,0.6167963299604838,0.3832036700395161,0.23635861730776175
F571-V1,80.1,9.72,82.50,6.00,29.5,31.97,0.0,1.23,0.00,,,,,,,,,0.5401174287224291,0.459882571277571,0.0,F571-V1,0.5401174287224291,0.459882571277571,0.24839059191270085
F571-V1,80.1,11.66,84.30,6.00,30.81,29.08,0.0,0.46,0.00,,,,,,,,,0.47113779160706504,0.5288622083929351,0.0,F571-V1,0.47113779160706504,0.5288622083929351,0.24916697292668286
F571-V1,80.1,13.59,83.90,6.00,28.8,26.58,0.0,0.00,0.00,,,,,,,,,0.4599776396991437,0.5400223603008563,0.0,F571-V1,0.4599776396991437,0.5400223603008563,0.24839821067594842
F574-1,96.8,0.47,15.30,4.40,0.25,12.99,0.0,4.59,0.00,,,,,,,,,0.9996297450394721,0.00037025496052785916,0.0,F574-1,0.9996297450394721,0.00037025496052785916,0.00037011787179206366
F574-1,96.8,1.41,41.00,4.36,0.88,32.88,0.0,9.17,0.00,,,,,,,,,0.9992842015593758,0.0007157984406242234,0.0,F574-1,0.9992842015593758,0.0007157984406242234,0.0007152860732166234
F574-1,96.8,2.35,60.70,4.40,1.88,41.13,0.0,6.87,0.00,,,,,,,,,0.9979150681687882,0.0020849318312118376,0.0,F574-1,0.9979150681687882,0.0020849318312118376,0.002080584890471037
F574-1,96.8,3.29,74.90,4.40,3.41,42.43,0.0,4.85,0.00,,,,,,,,,0.9935824889772414,0.006417511022758568,0.0,F574-1,0.9935824889772414,0.006417511022758568,0.006376326575031341
F574-1,96.8,4.22,83.00,6.28,5.43,44.37,0.0,1.20,0.00,,,,,,,,,0.9852441354435317,0.014755864556468287,0.0,F574-1,0.9852441354435317,0.014755864556468287,0.01453812901765945
F574-1,96.8,5.17,86.80,4.40,7.8,46.69,0.0,6.81,0.00,,,,,,,,,0.9728489352511814,0.02715106474881851,0.0,F574-1,0.9728489352511814,0.02715106474881851,0.026413884431823974
F574-1,96.8,6.11,89.40,4.40,10.44,48.85,0.0,3.72,0.00,,,,,,,,,0.9563207242561375,0.04367927574386266,0.0,F574-1,0.9563207242561375,0.04367927574386266,0.04177139661435428
F574-1,96.8,7.05,92.50,4.40,13.15,49.34,0.0,0.54,0.00,,,,,,,,,0.9336790370298579,0.06632096297014207,0.0,F574-1,0.9336790370298579,0.06632096297014207,0.06192249284085512
F574-1,96.8,7.99,94.70,4.40,16.07,50.15,0.0,8.66,0.00,,,,,,,,,0.9068806347343209,0.09311936526567904,0.0,F574-1,0.9068806347343209,0.09311936526567904,0.08444814907819609
F574-1,96.8,8.92,96.30,4.40,18.98,49.17,0.0,6.85,0.00,,,,,,,,,0.8703205297557428,0.1296794702442571,0.0,F574-1,0.8703205297557428,0.1296794702442571,0.11286270524142593
F574-1,96.8,9.87,97.80,4.40,21.99,49.76,0.0,6.33,0.00,,,,,,,,,0.8366139991661761,0.1633860008338239,0.0,F574-1,0.8366139991661761,0.1633860008338239,0.1366910155653536
F574-1,96.8,10.79,98.80,4.62,25.0,50.33,0.0,5.29,0.00,,,,,,,,,0.8020967548015839,0.19790324519841607,0.0,F574-1,0.8020967548015839,0.19790324519841607,0.15873755073835166
F574-1,96.8,11.80,99.50,4.40,27.82,50.68,0.0,4.09,0.00,,,,,,,,,0.7684451373300525,0.2315548626699475,0.0,F574-1,0.7684451373300525,0.2315548626699475,0.17793720824384923
F574-1,96.8,12.60,99.70,5.14,30.02,50.19,0.0,3.23,0.00,,,,,,,,,0.7365093320301096,0.26349066796989035,0.0,F574-1,0.7365093320301096,0.26349066796989035,0.19406333586267133
F574-2,89.1,2.17,12.60,10.00,-8.64,21.61,0.0,9.17,0.00,,,,,,,,,0.862179001358278,0.137820998641722,0.0,F574-2,0.862179001358278,0.137820998641722,0.11882637097512047
F574-2,89.1,4.32,23.00,10.00,-7.74,27.24,0.0,9.84,0.00,,,,,,,,,0.9252952769161014,0.07470472308389861,0.0,F574-2,0.9252952769161014,0.07470472308389861,0.06912392743285664
F574-2,89.1,6.49,30.00,8.00,15.6,34.0,0.0,6.78,0.00,,,,,,,,,0.8260919277383948,0.17390807226160532,0.0,F574-2,0.8260919277383948,0.17390807226160532,0.1436640546638576
F574-2,89.1,8.65,36.00,8.00,23.65,34.44,0.0,4.16,0.00,,,,,,,,,0.6795514313013234,0.32044856869867644,0.0,F574-2,0.6795514313013234,0.32044856869867644,0.21776128351764604
F574-2,89.1,10.83,40.00,8.00,28.17,36.32,0.0,2.72,0.00,,,,,,,,,0.6243895641544981,0.37561043584550197,0.0,F574-2,0.6243895641544981,0.37561043584550197,0.23452723632945405
F579-V1,89.5,0.42,35.70,9.10,-1.7,15.39,0.0,6.94,0.00,,,,,,,,,0.987945379639204,0.012054620360796037,0.0,F579-V1,0.987945379639204,0.012054620360796037,0.01190930648875312
F579-V1,89.5,1.47,83.30,9.30,-4.3,40.7,0.0,5.56,0.00,,,,,,,,,0.9889610622216385,0.01103893777836153,0.0,F579-V1,0.9889610622216385,0.01103893777836153,0.010917079631086993
F579-V1,89.5,2.11,94.20,10.40,-3.8,48.7,0.0,7.92,0.00,,,,,,,,,0.9939483598965689,0.006051640103431078,0.0,F579-V1,0.9939483598965689,0.006051640103431078,0.006015017755489623
F579-V1,89.5,2.84,97.60,9.10,-0.8,53.6,0.0,7.77,0.00,,,,,,,,,0.9997772828507796,0.00022271714922049004,0.0,F579-V1,0.9997772828507796,0.00022271714922049004,0.00022266754629193315
F579-V1,89.5,3.90,101.00,9.10,5.9,57.61,0.0,7.14,0.00,,,,,,,,,0.9896204876367067,0.01037951236329331,0.0,F579-V1,0.9896204876367067,0.01037951236329331,0.010271778086393553
F579-V1,89.5,4.74,105.00,16.70,10.47,63.1,0.0,1.35,0.00,,,,,,,,,0.973205887743955,0.026794112256045,0.0,F579-V1,0.973205887743955,0.026794112256045,0.026076187804455458
F579-V1,89.5,5.69,106.00,9.10,13.24,67.96,0.0,2.17,0.00,,,,,,,,,0.9634328851377195,0.03656711486228049,0.0,F579-V1,0.9634328851377195,0.03656711486228049,0.035229960972929276
F579-V1,89.5,6.32,108.00,11.50,14.88,69.85,0.0,7.41,0.00,,,,,,,,,0.956589130629182,0.043410869370818034,0.0,F579-V1,0.956589130629182,0.043410869370818034,0.04152636579128781
F579-V1,89.5,7.37,110.00,23.00,17.96,72.36,0.0,0.81,0.00,,,,,,,,,0.941969993799801,0.05803000620019908,0.0,F579-V1,0.941969993799801,0.05803000620019908,0.05466252458060394
F579-V1,89.5,8.21,112.00,19.70,20.83,72.55,0.0,6.56,0.00,,,,,,,,,0.9238442877559719,0.07615571224402802,0.0,F579-V1,0.9238442877559719,0.07615571224402802,0.07035601973663282
F579-V1,89.5,9.16,113.00,9.10,23.19,73.73,0.0,3.22,0.00,,,,,,,,,0.9099788931464914,0.09002110685350866,0.0,F579-V1,0.9099788931464914,0.09002110685350866,0.08191730717437784
F579-V1,89.5,10.85,114.00,9.10,26.37,73.37,0.0,7.53,0.00,,,,,,,,,0.885601211923836,0.11439878807616402,0.0,F579-V1,0.885601211923836,0.11439878807616402,0.10131170536286893
F579-V1,89.5,12.21,114.00,9.10,28.32,69.96,0.0,4.36,0.00,,,,,,,,,0.8592059860712615,0.14079401392873847,0.0,F579-V1,0.8592059860712615,0.14079401392873847,0.12097105957057266
F579-V1,89.5,15.16,114.00,11.20,33.04,63.57,0.0,1.75,0.00,,,,,,,,,0.7873198894986184,0.21268011050138164,0.0,F579-V1,0.7873198894986184,0.21268011050138164,0.16744728109850174
F583-1,35.4,0.26,14.60,13.00,-0.5,5.06,0.0,4.28,0.00,,,,,,,,,0.9903301667852833,0.009669833214716714,0.0,F583-1,0.9903301667852833,0.009669833214716714,0.009576327540316275
F583-1,35.4,0.44,10.00,7.00,-0.86,8.17,0.0,1.74,0.00,,,,,,,,,0.989041095890411,0.010958904109589041,0.0,F583-1,0.989041095890411,0.010958904109589041,0.010838806530305873
F583-1,35.4,0.77,10.70,7.13,-1.55,13.14,0.0,6.03,0.00,,,,,,,,,0.9862762985249234,0.01372370147507656,0.0,F583-1,0.9862762985249234,0.01372370147507656,0.01353536149289954
F583-1,35.4,0.89,17.40,9.60,-1.78,14.55,0.0,3.16,0.00,,,,,,,,,0.9852544015964936,0.014745598403506477,0.0,F583-1,0.9852544015964936,0.014745598403506477,0.014528165731228984
F583-1,35.4,1.22,23.50,11.20,-2.43,17.29,0.0,7.48,0.00,,,,,,,,,0.9806300824342543,0.019369917565745666,0.0,F583-1,0.9806300824342543,0.019369917565745666,0.018994723859241884
F583-1,35.4,1.55,31.00,5.20,-2.98,18.37,0.0,1.30,0.00,,,,,,,,,0.9743591002181977,0.025640899781802305,0.0,F583-1,0.9743591002181977,0.025640899781802305,0.024983444040181876
F583-1,35.4,1.80,32.30,2.41,-3.18,18.25,0.0,0.51,0.00,,,,,,,,,0.9705328099461821,0.029467190053818045,0.0,F583-1,0.9705328099461821,0.029467190053818045,0.028598874764150215
F583-1,35.4,2.21,40.90,5.90,-3.53,19.06,0.0,0.14,0.00,,,,,,,,,0.966836773392558,0.033163226607442024,0.0,F583-1,0.966836773392558,0.033163226607442024,0.032063427008425474
F583-1,35.4,2.31,43.80,4.26,-3.66,19.39,0.0,9.91,0.00,,,,,,,,,0.9655965299638363,0.034403470036163765,0.0,F583-1,0.9655965299638363,0.034403470036163765,0.03321987128563455
F583-1,35.4,2.54,44.80,4.50,-4.08,20.16,0.0,9.20,0.00,,,,,,,,,0.9606535057862492,0.03934649421375085,0.0,F583-1,0.9606535057862492,0.03934649421375085,0.037798347606838124
F583-1,35.4,3.10,51.70,12.70,-5.16,22.16,0.0,8.56,0.00,,,,,,,,,0.9485685675166973,0.05143143248330279,0.0,F583-1,0.9485685675166973,0.05143143248330279,0.04878624023601826
F583-1,35.4,3.43,55.70,4.50,-4.94,23.71,0.0,7.60,0.00,,,,,,,,,0.9583959362235596,0.04160406377644047,0.0,F583-1,0.9583959362235596,0.04160406377644047,0.039873165653726346
F583-1,35.4,3.86,59.40,9.85,-3.07,24.94,0.0,6.05,0.00,,,,,,,,,0.9850736860943085,0.014926313905691614,0.0,F583-1,0.9850736860943085,0.014926313905691614,0.014703519058880373
F583-1,35.4,4.09,62.00,4.50,1.31,25.34,0.0,5.43,0.00,,,,,,,,,0.9973345518712422,0.0026654481287578732,0.0,F583-1,0.9973345518712422,0.0026654481287578732,0.0026583435150307746
F583-1,35.4,4.37,63.00,3.20,4.42,25.74,0.0,4.75,0.00,,,,,,,,,0.9713577799801785,0.028642220019821613,0.0,F583-1,0.9713577799801785,0.028642220019821613,0.027821843252157745
F583-1,35.4,4.76,66.60,6.90,7.13,26.09,0.0,3.90,0.00,,,,,,,,,0.9305055876422542,0.06949441235774581,0.0,F583-1,0.9305055876422542,0.06949441235774581,0.0646649390087974
F583-1,35.4,5.40,71.30,2.95,11.25,26.17,0.0,2.77,0.00,,,,,,,,,0.8440256317416358,0.15597436825836417,0.0,F583-1,0.8440256317416358,0.15597436825836417,0.13164636470476837
F583-1,35.4,5.86,72.30,15.50,13.88,25.92,0.0,2.15,0.00,,,,,,,,,0.7771495410993258,0.2228504589006742,0.0,F583-1,0.7771495410993258,0.2228504589006742,0.17318813186843313
F583-1,35.4,6.08,73.40,6.00,14.94,25.73,0.0,1.92,0.00,,,,,,,,,0.7478599221789884,0.25214007782101167,0.0,F583-1,0.7478599221789884,0.25214007782101167,0.18856545897742588
F583-1,35.4,6.43,72.40,5.81,16.72,25.39,0.0,1.61,0.00,,,,,,,,,0.6975165289725664,0.30248347102743367,0.0,F583-1,0.6975165289725664,0.30248347102743367,0.2109872207826294
F583-1,35.4,6.97,77.10,12.10,19.67,24.74,0.0,1.25,0.00,,,,,,,,,0.6126946930183043,0.38730530698169585,0.0,F583-1,0.6126946930183043,0.38730530698169585,0.23729990616551022
F583-1,35.4,7.96,80.30,13.50,24.09,23.76,0.0,0.92,0.00,,,,,,,,,0.4931037762769905,0.5068962237230096,0.0,F583-1,0.4931037762769905,0.5068962237230096,0.24995244209836223
F583-1,35.4,10.29,84.70,6.00,31.66,22.09,0.0,0.37,0.00,,,,,,,,,0.3274242367614499,0.6725757632385502,0.0,F583-1,0.3274242367614499,0.6725757632385502,0.2202176059426319
F583-1,35.4,15.49,86.90,5.60,39.34,17.78,0.0,0.00,0.00,,,,,,,,,0.1696182563886844,0.8303817436113156,0.0,F583-1,0.1696182563886844,0.8303817436113156,0.14084790348834691
F583-1,35.4,16.26,85.80,8.60,39.55,17.09,0.0,0.00,0.00,,,,,,,,,0.15734133805706993,0.84265866194293,0.0,F583-1,0.15734133805706993,0.84265866194293,0.13258504139548077
F583-4,53.3,0.22,10.70,4.90,0.47,5.59,0.0,9.18,0.00,,,,,,,,,0.9929803934030316,0.0070196065969684454,0.0,F583-4,0.9929803934030316,0.0070196065969684454,0.006970331720192242
F583-4,53.3,0.76,24.70,4.90,1.87,17.63,0.0,0.07,0.00,,,,,,,,,0.9888744942156533,0.011125505784346729,0.0,F583-4,0.9888744942156533,0.011125505784346729,0.011001728905389196
F583-4,53.3,1.31,38.90,4.90,3.27,26.64,0.0,2.04,0.00,,,,,,,,,0.9851566355373708,0.014843364462629228,0.0,F583-4,0.9851566355373708,0.014843364462629228,0.014623038994058783
F583-4,53.3,1.94,42.70,7.89,4.87,32.27,0.0,1.07,0.00,,,,,,,,,0.9777320697666952,0.022267930233304898,0.0,F583-4,0.9777320697666952,0.022267930233304898,0.021772069516429567
F583-4,53.3,3.92,55.00,4.90,8.5,38.26,0.0,9.64,0.00,,,,,,,,,0.9529646158501367,0.04703538414986327,0.0,F583-4,0.9529646158501367,0.04703538414986327,0.044823056787738055
F583-4,53.3,4.35,57.20,4.90,9.17,38.43,0.0,8.68,0.00,,,,,,,,,0.9461297957697403,0.053870204230259726,0.0,F583-4,0.9461297957697403,0.053870204230259726,0.050968205326449835
F583-4,53.3,5.00,59.80,4.90,10.3,39.09,0.0,6.38,0.00,,,,,,,,,0.9350781317458022,0.0649218682541978,0.0,F583-4,0.9350781317458022,0.0649218682541978,0.06070701927658238
F583-4,53.3,5.05,62.50,3.43,10.4,39.06,0.0,6.20,0.00,,,,,,,,,0.9338002731718017,0.06619972682819825,0.0,F583-4,0.9338002731718017,0.06619972682819825,0.06181732299607017
F583-4,53.3,5.83,61.80,3.98,12.1,38.38,0.0,3.70,0.00,,,,,,,,,0.909591892082816,0.0904081079171839,0.0,F583-4,0.909591892082816,0.0904081079171839,0.08223448194001871
F583-4,53.3,6.09,64.40,4.90,12.72,38.13,0.0,3.52,0.00,,,,,,,,,0.8998583458155754,0.10014165418442449,0.0,F583-4,0.8998583458155754,0.10014165418442449,0.09011330328163161
F583-4,53.3,6.74,67.20,4.90,14.18,39.23,0.0,2.89,0.00,,,,,,,,,0.8844454860400929,0.11555451395990715,0.0,F583-4,0.8844454860400929,0.11555451395990715,0.10220166826339677
F583-4,53.3,7.29,69.90,4.90,15.33,36.96,0.0,0.00,0.00,,,,,,,,,0.8532158104944222,0.14678418950557776,0.0,F583-4,0.8532158104944222,0.14678418950557776,0.1252385912167684
IC2574,3.91,0.85,10.30,0.20,0.0,9.59,0.0,6.75,0.00,,,,,,,,,1.0,0.0,0.0,IC2574,1.0,0.0,0.0
IC2574,3.91,1.14,12.90,2.70,0.0,11.99,0.0,4.92,0.00,,,,,,,,,1.0,0.0,0.0,IC2574,1.0,0.0,0.0
IC2574,3.91,1.42,16.40,1.80,0.94,13.83,0.0,3.07,0.00,,,,,,,,,0.9954015690662364,0.004598430933763547,0.0,IC2574,0.9954015690662364,0.004598430933763547,0.004577285366710954
IC2574,3.91,1.71,18.60,2.10,3.44,15.27,0.0,1.58,0.00,,,,,,,,,0.9517008732421385,0.04829912675786152,0.0,IC2574,0.9517008732421385,0.04829912675786152,0.04596632111228954
IC2574,3.91,1.99,19.80,2.00,5.14,16.76,0.0,0.80,0.00,,,,,,,,,0.9140314957965255,0.08596850420347442,0.0,IC2574,0.9140314957965255,0.08596850420347442,0.07857792048849162
IC2574,3.91,2.28,26.10,0.60,5.82,17.77,0.0,9.24,0.00,,,,,,,,,0.9031235369101199,0.09687646308987996,0.0,IC2574,0.9031235369101199,0.09687646308987996,0.08749141398907508
IC2574,3.91,2.55,27.70,2.70,6.87,18.7,0.0,8.42,0.00,,,,,,,,,0.8810822428253491,0.11891775717465103,0.0,IC2574,0.8810822428253491,0.11891775717465103,0.10477632420320178
IC2574,3.91,2.84,29.70,2.60,7.58,19.36,0.0,7.37,0.00,,,,,,,,,0.867080917768226,0.13291908223177398,0.0,IC2574,0.867080917768226,0.13291908223177398,0.1152515998104369
IC2574,3.91,3.13,33.00,3.40,8.21,19.89,0.0,6.93,0.00,,,,,,,,,0.8544238840887208,0.14557611591127914,0.0,IC2574,0.8544238840887208,0.14557611591127914,0.12438371038746496
IC2574,3.91,3.41,34.80,1.20,8.78,20.19,0.0,5.88,0.00,,,,,,,,,0.840964506642433,0.159035493357567,0.0,IC2574,0.840964506642433,0.159035493357567,0.13374320521008226
IC2574,3.91,3.70,35.00,0.90,8.64,20.15,0.0,5.69,0.00,,,,,,,,,0.8446974559164137,0.15530254408358632,0.0,IC2574,0.8446974559164137,0.15530254408358632,0.13118366388475206
IC2574,3.91,3.98,39.00,10.20,7.98,20.39,0.0,5.87,0.00,,,,,,,,,0.8671754626563698,0.13282453734363023,0.0,IC2574,0.8671754626563698,0.13282453734363023,0.1151821796230808
IC2574,3.91,4.26,35.90,5.40,7.97,21.28,0.0,6.08,0.00,,,,,,,,,0.8769831394534774,0.12301686054652253,0.0,IC2574,0.8769831394534774,0.12301686054652253,0.10788371256779995
IC2574,3.91,4.55,40.00,4.10,10.01,22.72,0.0,6.50,0.00,,,,,,,,,0.8374426608760404,0.16255733912395956,0.0,IC2574,0.8374426608760404,0.16255733912395956,0.13613245062089754
IC2574,3.91,4.84,38.70,1.40,11.42,24.6,0.0,5.76,0.00,,,,,,,,,0.8227017615029519,0.177298238497048,0.0,IC2574,0.8227017615029519,0.177298238497048,0.1458635731228919
IC2574,3.91,5.12,41.80,0.50,12.67,25.34,0.0,4.60,0.00,,,,,,,,,0.7999999999999999,0.19999999999999998,0.0,IC2574,0.7999999999999999,0.19999999999999998,0.15999999999999998
IC2574,3.91,5.41,42.90,0.40,13.13,25.74,0.0,4.30,0.00,,,,,,,,,0.793522922781095,0.20647707721890504,0.0,IC2574,0.793522922781095,0.20647707721890504,0.16384429380204338
IC2574,3.91,5.68,44.40,1.70,13.93,26.48,0.0,4.03,0.00,,,,,,,,,0.7832470413085811,0.21675295869141886,0.0,IC2574,0.7832470413085811,0.21675295869141886,0.16977111358993494
IC2574,3.91,5.97,46.10,1.30,14.5,27.15,0.0,3.42,0.00,,,,,,,,,0.7780703999746668,0.22192960002533324,0.0,IC2574,0.7780703999746668,0.22192960002533324,0.17267685265792884
IC2574,3.91,6.26,49.00,0.90,15.98,27.39,0.0,2.76,0.00,,,,,,,,,0.7460547101278128,0.25394528987218723,0.0,IC2574,0.7460547101278128,0.25394528987218723,0.18945707962391803
IC2574,3.91,6.54,51.90,0.60,17.58,27.31,0.0,2.14,0.00,,,,,,,,,0.7070256921913843,0.29297430780861555,0.0,IC2574,0.7070256921913843,0.29297430780861555,0.2071403627726781
IC2574,3.91,6.83,53.10,2.10,18.38,26.75,0.0,1.67,0.00,,,,,,,,,0.6792969420827238,0.32070305791727616,0.0,IC2574,0.6792969420827238,0.32070305791727616,0.21785260655978436
IC2574,3.91,7.10,54.00,0.50,19.29,26.25,0.0,1.55,0.00,,,,,,,,,0.649344315963205,0.3506556840367949,0.0,IC2574,0.649344315963205,0.3506556840367949,0.22769627528948233
IC2574,3.91,7.39,55.90,1.10,19.86,26.04,0.0,1.54,0.00,,,,,,,,,0.6322432086789274,0.3677567913210727,0.0,IC2574,0.6322432086789274,0.3677567913210727,0.2325117337583017
IC2574,3.91,7.68,58.80,3.60,21.01,25.86,0.0,1.40,0.00,,,,,,,,,0.6023814411566191,0.3976185588433808,0.0,IC2574,0.6023814411566191,0.3976185588433808,0.23951804050669367
IC2574,3.91,7.96,57.30,4.60,21.81,25.77,0.0,1.25,0.00,,,,,,,,,0.5826556960226151,0.41734430397738487,0.0,IC2574,0.5826556960226151,0.41734430397738487,0.24316803591501704
IC2574,3.91,8.25,54.00,9.00,22.49,25.57,0.0,1.12,0.00,,,,,,,,,0.5638244259997844,0.4361755740002155,0.0,IC2574,0.5638244259997844,0.4361755740002155,0.24592644264579802
IC2574,3.91,8.52,63.80,12.00,22.38,25.47,0.0,1.02,0.00,,,,,,,,,0.5643086250320007,0.43569137496799937,0.0,IC2574,0.5643086250320007,0.43569137496799937,0.2458644007464936
IC2574,3.91,8.81,60.50,6.20,22.6,25.41,0.0,0.92,0.00,,,,,,,,,0.5583296531794756,0.44167034682052436,0.0,IC2574,0.5583296531794756,0.44167034682052436,0.24659765155996205
IC2574,3.91,9.10,61.00,5.70,22.95,25.38,0.0,0.83,0.00,,,,,,,,,0.55015254342818,0.4498474565718199,0.0,IC2574,0.55015254342818,0.4498474565718199,0.24748472238768446
IC2574,3.91,9.38,66.00,1.30,23.63,25.51,0.0,0.75,0.00,,,,,,,,,0.5382021226709628,0.4617978773290371,0.0,IC2574,0.5382021226709628,0.4617978773290371,0.24854059782343266
IC2574,3.91,9.67,65.20,3.40,24.89,25.74,0.0,0.67,0.00,,,,,,,,,0.5167837347979973,0.4832162652020028,0.0,IC2574,0.5167837347979973,0.4832162652020028,0.24971830624623056
IC2574,3.91,9.96,67.10,4.70,25.8,24.84,0.0,0.00,0.00,,,,,,,,,0.4810494644901992,0.5189505355098009,0.0,IC2574,0.4810494644901992,0.5189505355098009,0.2496408772038918
IC2574,3.91,10.23,67.50,9.30,27.17,23.97,0.0,0.00,0.00,,,,,,,,,0.43767071728798146,0.5623292827120185,0.0,IC2574,0.43767071728798146,0.5623292827120185,0.24611506051660526
IC4202,100.4,0.77,35.10,3.96,2.22,20.98,3.76,5.17,78.70,,,,,,,,,0.958482352059899,0.01073196140291586,0.030785686537185136,IC4202,0.958482352059899,0.01073196140291586,0.010286395607682847
IC4202,100.4,1.59,77.90,3.95,3.89,40.96,6.62,2.39,48.63,,,,,,,,,0.9660521428812858,0.00871324397998685,0.02523461313872732,IC4202,0.9660521428812858,0.00871324397998685,0.00841744801831376
IC4202,100.4,2.36,115.00,6.70,4.02,58.24,6.92,0.83,63.05,,,,,,,,,0.9814676416669204,0.0046761168958620964,0.013856241437217566,IC4202,0.9814676416669204,0.0046761168958620964,0.004589457421940612
IC4202,100.4,3.13,156.00,3.16,0.9,74.68,2.53,9.69,49.20,,,,,,,,,0.9987087221628486,0.00014504916835522103,0.001146228668796215,IC4202,0.9987087221628486,0.00014504916835522103,0.00014486186957882668
IC4202,100.4,3.95,192.00,3.14,0.0,91.45,3.49,8.26,88.22,,,,,,,,,0.9985457087740538,0.0,0.0014542912259462148,IC4202,0.9985457087740538,0.0,0.0
IC4202,100.4,4.73,204.00,2.90,0.0,7.35,4.08,6.77,83.53,,,,,,,,,0.7644451802702461,0.0,0.23555481972975384,IC4202,0.7644451802702461,0.0,0.0
IC4202,100.4,5.50,209.00,3.36,0.0,20.52,7.74,7.54,24.93,,,,,,,,,0.8754462782081509,0.0,0.1245537217918491,IC4202,0.8754462782081509,0.0,0.0
IC4202,100.4,6.27,220.00,3.25,0.0,32.68,9.21,5.77,7.38,,,,,,,,,0.9264194815001476,0.0,0.07358051849985234,IC4202,0.9264194815001476,0.0,0.0
IC4202,100.4,7.08,231.00,3.49,0.0,50.86,0.44,4.06,2.06,,,,,,,,,0.9999251623505392,0.0,7.483764946075917e-05,IC4202,0.9999251623505392,0.0,0.0
IC4202,100.4,7.86,235.00,4.65,0.24,70.8,2.84,9.48,0.60,,,,,,,,,0.9983820786449359,1.1472359421372433e-05,0.0016064489956427344,IC4202,0.9983820786449359,1.1472359421372433e-05,1.1453798046071625e-05
IC4202,100.4,8.66,245.00,6.00,0.0,87.59,6.33,1.03,0.17,,,,,,,,,0.994804395754866,0.0,0.005195604245133962,IC4202,0.994804395754866,0.0,0.0
IC4202,100.4,9.45,246.00,5.57,3.8,99.82,0.53,0.74,0.05,,,,,,,,,0.9985247756350485,0.0014470745558966772,2.814980905480448e-05,IC4202,0.9985247756350485,0.0014470745558966772,0.001444939796253917
IC4202,100.4,10.24,239.00,6.95,0.0,8.12,5.41,1.13,0.01,,,,,,,,,0.6925700480554606,0.0,0.3074299519445393,IC4202,0.6925700480554606,0.0,0.0
IC4202,100.4,11.02,240.00,7.16,3.35,12.98,0.9,4.69,0.00,,,,,,,,,0.9333427140110209,0.062170072055792135,0.004487213933187047,IC4202,0.9333427140110209,0.062170072055792135,0.05802598378281376
IC4202,100.4,11.79,240.00,4.85,15.63,14.9,6.92,1.97,0.00,,,,,,,,,0.4317636966487117,0.4751071241107187,0.09312917924056964,IC4202,0.4317636966487117,0.4751071241107187,0.20513400821018218
IC4202,100.4,12.47,246.00,7.68,22.51,14.77,3.67,5.47,0.00,,,,,,,,,0.2954712571847049,0.6862861578398257,0.01824258497546937,IC4202,0.2954712571847049,0.6862861578398257,0.20277783384539413
IC4202,100.4,13.34,241.00,6.21,30.77,13.03,9.94,9.15,0.00,,,,,,,,,0.1396939748920788,0.7790114412198219,0.08129458388809929,IC4202,0.1396939748920788,0.7790114412198219,0.10882320471040392
IC4202,100.4,14.11,250.00,5.62,37.16,10.67,6.85,8.36,0.00,,,,,,,,,0.07384935623626056,0.8957138418447405,0.03043680191899909,IC4202,0.07384935623626056,0.8957138418447405,0.06614789059214178
IC4202,100.4,14.59,242.00,5.10,39.71,9.26,5.08,3.00,0.00,,,,,,,,,0.050785160557559085,0.9339306546091326,0.015284184833308371,IC4202,0.050785160557559085,0.9339306546091326,0.04742981824395106
IC4202,100.4,14.98,244.00,7.41,41.88,8.03,3.7,8.81,0.00,,,,,,,,,0.03519497487398785,0.9573327471952622,0.00747227793074994,IC4202,0.03519497487398785,0.9573327471952622,0.033693301983583016
IC4202,100.4,15.75,248.00,5.08,44.73,5.55,1.13,1.91,0.00,,,,,,,,,0.015152355141590957,0.9842195126522473,0.000628132206161756,IC4202,0.015152355141590957,0.9842195126522473,0.014913243592990425
IC4202,100.4,16.52,249.00,5.22,46.3,3.07,8.75,5.71,0.00,,,,,,,,,0.004227024052896621,0.9614350488550496,0.03433792709205377,IC4202,0.004227024052896621,0.9614350488550496,0.004064009076808133
IC4202,100.4,17.10,246.00,6.35,46.79,1.06,7.06,1.62,0.00,,,,,,,,,0.0005015463975278353,0.9772495411604836,0.02224891244198861,IC4202,0.0005015463975278353,0.9772495411604836,0.0004901359868547705
IC4202,100.4,17.88,241.00,16.20,46.99,98.19,4.92,6.82,0.00,,,,,,,,,0.8119965897962079,0.1859647263151269,0.0020386838886652077,IC4202,0.8119965897962079,0.1859647263151269,0.15100272359026817
IC4202,100.4,18.65,247.00,14.60,47.18,95.23,2.94,2.81,0.00,,,,,,,,,0.8023067305300998,0.19692857574271638,0.0007646937271838082,IC4202,0.8023067305300998,0.19692857574271638,0.1579971217520879
IC4202,100.4,19.62,234.00,20.90,47.77,91.47,0.61,8.65,0.00,,,,,,,,,0.7856773121206353,0.21428774597874928,3.4941900615337105e-05,IC4202,0.7856773121206353,0.21428774597874928,0.16836102028097322
IC4202,100.4,20.78,249.00,10.00,51.51,86.83,8.05,4.60,0.00,,,,,,,,,0.7350159148914142,0.25866653200138845,0.006317553107197381,IC4202,0.7350159148914142,0.25866653200138845,0.1901240176707898
IC4202,100.4,22.13,236.00,16.10,57.31,81.4,5.32,0.95,0.00,,,,,,,,,0.666682865970831,0.3304694372205777,0.0028476968085911847,IC4202,0.666682865970831,0.3304694372205777,0.22031831152198236
IC4202,100.4,23.00,245.00,22.10,59.87,77.88,3.69,9.17,0.00,,,,,,,,,0.6276610683810631,0.3709298828062061,0.0014090488127309027,IC4202,0.6276610683810631,0.3709298828062061,0.23281824653660582
IC4202,100.4,23.58,243.00,4.20,61.24,75.64,2.65,8.14,0.00,,,,,,,,,0.6036025540318803,0.3956565797774368,0.0007408661906829533,IC4202,0.6036025540318803,0.3956565797774368,0.23881932207317927
IC4202,100.4,25.03,238.00,7.76,61.05,70.07,0.22,6.11,0.00,,,,,,,,,0.5684647477297499,0.4315296484439576,5.603826292592583e-06,IC4202,0.5684647477297499,0.4315296484439576,0.24530939274060198
IC4202,100.4,25.90,247.00,6.14,60.16,66.98,8.87,5.18,0.00,,,,,,,,,0.5481669371443928,0.4422198227274577,0.00961324012814949,IC4202,0.5481669371443928,0.4422198227274577,0.24241028576904683
KK98-251,6.8,0.25,4.25,2.00,1.87,2.88,0.0,8.69,0.00,,,,,,,,,0.7034338876968612,0.2965661123031388,0.0,KK98-251,0.7034338876968612,0.2965661123031388,0.20861465333654086
KK98-251,6.8,0.41,6.84,2.00,3.32,3.93,0.0,6.61,0.00,,,,,,,,,0.5835464894416884,0.41645351055831153,0.0,KK98-251,0.5835464894416884,0.41645351055831153,0.24301998410196982
KK98-251,6.8,0.57,9.56,2.00,4.8,4.8,0.0,6.95,0.00,,,,,,,,,0.5,0.5,0.0,KK98-251,0.5,0.5,0.25
KK98-251,6.8,0.74,12.30,2.00,6.44,6.36,0.0,6.78,0.00,,,,,,,,,0.49375024413108864,0.5062497558689114,0.0,KK98-251,0.49375024413108864,0.5062497558689114,0.24996094055157903
KK98-251,6.8,0.90,15.10,2.00,8.03,7.43,0.0,5.71,0.00,,,,,,,,,0.4612485357494373,0.5387514642505628,0.0,KK98-251,0.4612485357494373,0.5387514642505628,0.24849832401843738
KK98-251,6.8,1.07,17.50,2.00,9.79,8.56,0.0,5.63,0.00,,,,,,,,,0.43326984697639576,0.5667301530236042,0.0,KK98-251,0.43326984697639576,0.5667301530236042,0.24554708667744635
KK98-251,6.8,1.24,19.70,2.00,11.57,9.52,0.0,4.46,0.00,,,,,,,,,0.4037073381937172,0.5962926618062828,0.0,KK98-251,0.4037073381937172,0.5962926618062828,0.24072772328226083
KK98-251,6.8,1.40,21.80,2.00,13.11,10.08,0.0,3.87,0.00,,,,,,,,,0.37153341121879785,0.6284665887812021,0.0,KK98-251,0.37153341121879785,0.6284665887812021,0.23349633556692148
KK98-251,6.8,1.57,24.40,2.00,14.44,10.55,0.0,3.42,0.00,,,,,,,,,0.3480203154250208,0.6519796845749791,0.0,KK98-251,0.3480203154250208,0.6519796845749791,0.2269021754764898
KK98-251,6.8,1.72,27.30,2.00,15.54,10.95,0.0,3.02,0.00,,,,,,,,,0.33177769089202064,0.6682223091079793,0.0,KK98-251,0.33177769089202064,0.6682223091079793,0.22170125471837943
KK98-251,6.8,1.89,30.30,2.00,16.53,11.36,0.0,2.62,0.00,,,,,,,,,0.3207870929092285,0.6792129070907715,0.0,KK98-251,0.3207870929092285,0.6792129070907715,0.21788273393207452
KK98-251,6.8,2.06,32.60,2.00,17.3,11.57,0.0,2.28,0.00,,,,,,,,,0.3090462557389978,0.6909537442610023,0.0,KK98-251,0.3090462557389978,0.6909537442610023,0.2135366675527038
KK98-251,6.8,2.46,33.30,2.00,18.07,12.23,0.0,1.69,0.00,,,,,,,,,0.31416423264295695,0.685835767357043,0.0,KK98-251,0.31416423264295695,0.685835767357043,0.21546506757081896
KK98-251,6.8,2.79,34.60,2.00,18.07,12.94,0.0,1.34,0.00,,,,,,,,,0.3389762707541068,0.6610237292458933,0.0,KK98-251,0.3389762707541068,0.6610237292458933,0.2240713586197453
KK98-251,6.8,3.13,34.20,2.00,17.41,12.45,0.0,0.00,0.00,,,,,,,,,0.33835169934945836,0.6616483006505416,0.0,KK98-251,0.33835169934945836,0.6616483006505416,0.22386982689679208
NGC0024,7.3,0.21,17.40,6.51,1.51,18.55,0.0,0.75,0.00,,,,,,,,,0.9934173945227041,0.006582605477295915,0.0,NGC0024,0.9934173945227041,0.006582605477295915,0.006539274782426188
NGC0024,7.3,0.32,31.00,8.86,2.27,25.65,0.0,7.43,0.00,,,,,,,,,0.9922287872540588,0.0077712127459411105,0.0,NGC0024,0.9922287872540588,0.0077712127459411105,0.007710820998398433
NGC0024,7.3,0.43,36.10,8.16,3.03,29.58,0.0,8.58,0.00,,,,,,,,,0.9896162142188952,0.010383785781104788,0.0,NGC0024,0.9896162142188952,0.010383785781104788,0.010275962773956914
NGC0024,7.3,0.54,46.00,8.52,3.84,33.96,0.0,1.26,0.00,,,,,,,,,0.9873756364577811,0.012624363542218879,0.0,NGC0024,0.9873756364577811,0.012624363542218879,0.012464988987372774
NGC0024,7.3,0.64,58.00,6.90,4.53,36.83,0.0,2.69,0.00,,,,,,,,,0.9850970587735476,0.014902941226452464,0.0,NGC0024,0.9850970587735476,0.014902941226452464,0.014680843569253367
NGC0024,7.3,0.74,63.40,9.55,5.28,39.62,0.0,2.03,0.00,,,,,,,,,0.9825500737721069,0.017449926227893094,0.0,NGC0024,0.9825500737721069,0.017449926227893094,0.017145426302534184
NGC0024,7.3,0.85,71.90,8.52,6.04,43.11,0.0,6.10,0.00,,,,,,,,,0.9807480256641626,0.019251974335837335,0.0,NGC0024,0.9807480256641626,0.019251974335837335,0.018881335820009594
NGC0024,7.3,0.96,76.40,6.82,6.8,46.75,0.0,1.46,0.00,,,,,,,,,0.9792813208157981,0.020718679184202008,0.0,NGC0024,0.9792813208157981,0.020718679184202008,0.020289415517064126
NGC0024,7.3,1.07,78.10,6.65,7.62,50.04,0.0,9.91,0.00,,,,,,,,,0.9773368835931626,0.022663116406837294,0.0,NGC0024,0.9773368835931626,0.022663116406837294,0.022149499561567434
NGC0024,7.3,1.17,80.50,6.14,8.31,52.76,0.0,7.35,0.00,,,,,,,,,0.9757924995066909,0.024207500493309147,0.0,NGC0024,0.9757924995066909,0.024207500493309147,0.023621497413175586
NGC0024,7.3,1.28,82.80,5.80,9.07,55.72,0.0,9.14,0.00,,,,,,,,,0.9741872196192556,0.02581278038074439,0.0,NGC0024,0.9741872196192556,0.02581278038074439,0.025146480749759847
NGC0024,7.3,1.38,85.60,6.48,9.82,58.31,0.0,0.35,0.00,,,,,,,,,0.9724202153103034,0.027579784689696532,0.0,NGC0024,0.9724202153103034,0.027579784689696532,0.026819140166166513
NGC0024,7.3,1.48,88.00,7.50,10.57,61.08,0.0,9.46,0.00,,,,,,,,,0.9709238378757031,0.029076162124296808,0.0,NGC0024,0.9709238378757031,0.029076162124296808,0.028230738920418413
NGC0024,7.3,1.59,92.00,8.52,11.19,63.47,0.0,5.67,0.00,,,,,,,,,0.9698540105742963,0.030145989425703658,0.0,NGC0024,0.9698540105742963,0.030145989425703658,0.02923720874724902
NGC0024,7.3,1.70,92.40,8.52,11.92,65.59,0.0,1.41,0.00,,,,,,,,,0.9680283303756896,0.03197166962431042,0.0,NGC0024,0.9680283303756896,0.03197166962431042,0.030949481965744364
NGC0024,7.3,1.80,95.10,9.20,12.54,66.83,0.0,9.69,0.00,,,,,,,,,0.9659886270153968,0.034011372984603334,0.0,NGC0024,0.9659886270153968,0.034011372984603334,0.032854599492305535
NGC0024,7.3,1.91,96.50,8.52,13.26,68.03,0.0,7.79,0.00,,,,,,,,,0.9633990530835466,0.036600946916453554,0.0,NGC0024,0.9633990530835466,0.036600946916453554,0.035261317601272504
NGC0024,7.3,2.02,101.00,8.86,13.88,68.59,0.0,7.06,0.00,,,,,,,,,0.9606606370830114,0.03933936291698848,0.0,NGC0024,0.9606606370830114,0.03933936291698848,0.037791777442273945
NGC0024,7.3,2.13,99.90,9.55,14.61,69.0,0.0,8.97,0.00,,,,,,,,,0.9570903296063499,0.04290967039364998,0.0,NGC0024,0.9570903296063499,0.04290967039364998,0.04106843058035829
NGC0024,7.3,2.23,103.00,8.18,15.23,69.17,0.0,3.99,0.00,,,,,,,,,0.9537614689360095,0.04623853106399041,0.0,NGC0024,0.9537614689360095,0.04623853106399041,0.044100529309034804
NGC0024,7.3,2.34,104.00,8.52,15.96,69.56,0.0,7.94,0.00,,,,,,,,,0.9499890366101827,0.05001096338981731,0.0,NGC0024,0.9499890366101827,0.05001096338981731,0.04750986693063967
NGC0024,7.3,2.44,107.00,9.20,16.58,69.75,0.0,2.31,0.00,,,,,,,,,0.9465177824670933,0.05348221753290673,0.0,NGC0024,0.9465177824670933,0.05348221753290673,0.05062186994066958
NGC0024,7.3,2.54,107.00,9.55,17.3,69.69,0.0,7.47,0.00,,,,,,,,,0.9419529079025252,0.05804709209747482,0.0,NGC0024,0.9419529079025252,0.05804709209747482,0.0546776271965021
NGC0024,7.3,2.65,106.00,11.20,17.92,69.65,0.0,3.16,0.00,,,,,,,,,0.9379135833930962,0.06208641660690382,0.0,NGC0024,0.9379135833930962,0.06208641660690382,0.05823169347981779
NGC0024,7.3,2.76,107.00,11.20,18.55,69.52,0.0,9.28,0.00,,,,,,,,,0.9335341574870524,0.06646584251294767,0.0,NGC0024,0.9335341574870524,0.06646584251294767,0.062048134291991706
NGC0024,7.3,7.07,104.00,3.11,26.32,52.21,0.0,1.70,0.00,,,,,,,,,0.7973623617555179,0.20263763824448208,0.0,NGC0024,0.7973623617555179,0.20263763824448208,0.16157562581118048
NGC0024,7.3,8.49,106.00,2.55,24.76,47.19,0.0,0.49,0.00,,,,,,,,,0.784131128616639,0.21586887138336097,0.0,NGC0024,0.784131128616639,0.21586887138336097,0.16926950175103492
NGC0024,7.3,9.91,109.00,4.95,22.59,43.11,0.0,0.19,0.00,,,,,,,,,0.7845692479192454,0.21543075208075443,0.0,NGC0024,0.7845692479192454,0.21543075208075443,0.16902034313867492
NGC0024,7.3,11.27,110.00,2.83,20.52,40.05,0.0,0.00,0.00,,,,,,,,,0.7920714854265246,0.20792851457347536,0.0,NGC0024,0.7920714854265246,0.20792851457347536,0.1646942474007434
NGC0055,2.11,1.23,28.70,3.40,13.65,27.5,0.0,8.00,0.00,,,,,,,,,0.8023255505544666,0.1976744494455334,0.0,NGC0055,0.8023255505544666,0.1976744494455334,0.15859926148193865
NGC0055,2.11,1.84,37.60,2.60,18.65,32.63,0.0,8.02,0.00,,,,,,,,,0.7537608508477711,0.2462391491522289,0.0,NGC0055,0.7537608508477711,0.2462391491522289,0.18560543057701526
NGC0055,2.11,2.46,43.10,1.20,21.85,36.38,0.0,9.50,0.00,,,,,,,,,0.7349017886289554,0.2650982113710445,0.0,NGC0055,0.7349017886289554,0.2650982113710445,0.19482114969891748
NGC0055,2.11,3.07,50.10,2.80,25.04,38.7,0.0,1.65,0.00,,,,,,,,,0.7048975954910351,0.2951024045089649,0.0,NGC0055,0.7048975954910351,0.2951024045089649,0.20801697536199218
NGC0055,2.11,3.68,58.10,4.50,28.73,39.68,0.0,6.32,0.00,,,,,,,,,0.6560658203229089,0.3439341796770911,0.0,NGC0055,0.6560658203229089,0.3439341796770911,0.22564345972693753
NGC0055,2.11,4.30,64.60,4.10,32.28,39.98,0.0,3.06,0.00,,,,,,,,,0.6053632504302001,0.3946367495697999,0.0,NGC0055,0.6053632504302001,0.3946367495697999,0.23889858545878292
NGC0055,2.11,4.91,68.50,2.70,34.59,39.99,0.0,0.93,0.00,,,,,,,,,0.5720278608169596,0.4279721391830404,0.0,NGC0055,0.5720278608169596,0.4279721391830404,0.24481198726613268
NGC0055,2.11,5.52,72.30,0.80,36.37,39.87,0.0,9.36,0.00,,,,,,,,,0.545811112494471,0.45418888750552894,0.0,NGC0055,0.545811112494471,0.45418888750552894,0.24790134197201888
NGC0055,2.11,6.14,74.20,2.40,37.73,39.71,0.0,8.35,0.00,,,,,,,,,0.5255514780013711,0.4744485219986288,0.0,NGC0055,0.5255514780013711,0.4744485219986288,0.24934712197194542
NGC0055,2.11,6.75,78.90,2.60,38.68,39.75,0.0,7.82,0.00,,,,,,,,,0.5136401999749757,0.4863598000250244,0.0,NGC0055,0.5136401999749757,0.4863598000250244,0.2498139449446427
NGC0055,2.11,7.37,82.40,2.30,39.3,40.35,0.0,7.39,0.00,,,,,,,,,0.5131803836743378,0.4868196163256621,0.0,NGC0055,0.5131803836743378,0.4868196163256621,0.2498262774861972
NGC0055,2.11,7.98,84.30,4.80,39.72,41.04,0.0,6.69,0.00,,,,,,,,,0.5163403597836883,0.48365964021631164,0.0,NGC0055,0.5163403597836883,0.48365964021631164,0.2497329926421396
NGC0055,2.11,8.59,85.40,7.30,40.39,41.57,0.0,5.95,0.00,,,,,,,,,0.5143942832937977,0.4856057167062023,0.0,NGC0055,0.5143942832937977,0.4856057167062023,0.24979280460845787
NGC0055,2.11,9.21,85.30,4.60,40.44,42.03,0.0,5.36,0.00,,,,,,,,,0.51927257431073,0.48072742568926996,0.0,NGC0055,0.51927257431073,0.48072742568926996,0.24962856787943738
NGC0055,2.11,9.82,86.80,4.00,39.94,42.44,0.0,4.85,0.00,,,,,,,,,0.5303192491060716,0.46968075089392836,0.0,NGC0055,0.5303192491060716,0.46968075089392836,0.24908074313364398
NGC0055,2.11,10.43,85.40,5.70,39.15,42.87,0.0,4.39,0.00,,,,,,,,,0.5452616856418552,0.4547383143581448,0.0,NGC0055,0.5452616856418552,0.4547383143581448,0.2479513798128579
NGC0055,2.11,11.05,85.40,7.00,37.71,43.32,0.0,3.97,0.00,,,,,,,,,0.5689033432145989,0.431096656785401,0.0,NGC0055,0.5689033432145989,0.431096656785401,0.24525232929385113
NGC0055,2.11,11.66,86.20,4.10,36.23,43.95,0.0,3.59,0.00,,,,,,,,,0.595398967651778,0.404601032348222,0.0,NGC0055,0.595398967651778,0.404601032348222,0.240899036970975
NGC0055,2.11,12.28,86.10,6.20,35.41,44.71,0.0,3.25,0.00,,,,,,,,,0.6145327168569172,0.38546728314308276,0.0,NGC0055,0.6145327168569172,0.38546728314308276,0.23688225676937322
NGC0055,2.11,12.89,87.40,2.50,34.67,45.88,0.0,2.94,0.00,,,,,,,,,0.6365240489723671,0.36347595102763297,0.0,NGC0055,0.6365240489723671,0.36347595102763297,0.23136118405219078
NGC0055,2.11,13.50,86.50,5.50,33.61,48.0,0.0,0.00,0.00,,,,,,,,,0.6710095703031201,0.3289904296968799,0.0,NGC0055,0.6710095703031201,0.3289904296968799,0.22075572686474224
NGC0100,13.5,0.23,6.81,8.19,-0.86,9.67,0.0,2.64,0.00,,,,,,,,,0.9921526602545399,0.00784733974546014,0.0,NGC0100,0.9921526602545399,0.00784733974546014,0.007785759004379462
NGC0100,13.5,0.69,20.00,4.09,-1.93,23.77,0.0,4.33,0.00,,,,,,,,,0.9934505847861703,0.006549415213829642,0.0,NGC0100,0.9934505847861703,0.006549415213829642,0.006506520374186499
NGC0100,13.5,1.15,33.00,4.00,-3.62,34.7,0.0,2.98,0.00,,,,,,,,,0.9892339300936647,0.010766069906335421,0.0,NGC0100,0.9892339300936647,0.010766069906335421,0.010650161645107322
NGC0100,13.5,1.59,42.70,4.00,-4.31,41.73,0.0,0.00,0.00,,,,,,,,,0.9894452118190719,0.010554788180928186,0.0,NGC0100,0.9894452118190719,0.010554788180928186,0.010443384627383926
NGC0100,13.5,2.05,49.90,4.00,-3.92,46.7,0.0,4.62,0.00,,,,,,,,,0.9930033670021406,0.006996632997859447,0.0,NGC0100,0.9930033670021406,0.006996632997859447,0.006947680124552712
NGC0100,13.5,2.51,55.50,4.00,3.21,50.33,0.0,3.18,0.00,,,,,,,,,0.9959487114361687,0.004051288563831357,0.0,NGC0100,0.9959487114361687,0.004051288563831357,0.004034875624803926
NGC0100,13.5,2.97,61.90,4.00,7.43,53.12,0.0,3.14,0.00,,,,,,,,,0.980811239222183,0.019188760777816897,0.0,NGC0100,0.980811239222183,0.019188760777816897,0.018820552237628612
NGC0100,13.5,3.42,67.90,4.00,10.05,55.1,0.0,5.50,0.00,,,,,,,,,0.9678029654009985,0.03219703459900144,0.0,NGC0100,0.9678029654009985,0.03219703459900144,0.031160385562032142
NGC0100,13.5,3.88,73.10,4.00,11.97,55.08,0.0,6.10,0.00,,,,,,,,,0.9549018058144011,0.045098194185598864,0.0,NGC0100,0.9549018058144011,0.045098194185598864,0.043064347066796876
NGC0100,13.5,4.34,76.10,3.00,13.61,54.16,0.0,3.06,0.00,,,,,,,,,0.9406028985957103,0.059397101404289575,0.0,NGC0100,0.9406028985957103,0.059397101404289575,0.05586908574905811
NGC0100,13.5,4.79,77.80,5.34,14.82,53.32,0.0,9.76,0.00,,,,,,,,,0.9282869228357045,0.07171307716429551,0.0,NGC0100,0.9282869228357045,0.07171307716429551,0.0665703117279233
NGC0100,13.5,5.24,79.00,4.00,15.7,52.48,0.0,7.40,0.00,,,,,,,,,0.9178542020563344,0.08214579794366564,0.0,NGC0100,0.9178542020563344,0.08214579794366564,0.0753978658238641
NGC0100,13.5,5.70,78.50,5.60,16.36,50.92,0.0,5.05,0.00,,,,,,,,,0.9064324508756524,0.09356754912434764,0.0,NGC0100,0.9064324508756524,0.09356754912434764,0.08481266287521044
NGC0100,13.5,6.16,79.80,7.15,16.58,49.36,0.0,4.20,0.00,,,,,,,,,0.898611075253033,0.10138892474696695,0.0,NGC0100,0.898611075253033,0.10138892474696695,0.09110921068562082
NGC0100,13.5,7.16,83.40,5.12,17.02,46.44,0.0,2.37,0.00,,,,,,,,,0.881586883991442,0.11841311600855806,0.0,NGC0100,0.881586883991442,0.11841311600855806,0.10439144996570184
NGC0100,13.5,7.52,84.60,4.00,17.46,45.44,0.0,2.01,0.00,,,,,,,,,0.8713513736149192,0.1286486263850808,0.0,NGC0100,0.8713513736149192,0.1286486263850808,0.11209815731431268
NGC0100,13.5,7.98,86.10,5.53,18.01,44.24,0.0,1.61,0.00,,,,,,,,,0.8578326801262148,0.14216731987378511,0.0,NGC0100,0.8578326801262148,0.14216731987378511,0.12195577303368997
NGC0100,13.5,8.44,87.50,10.20,18.77,43.11,0.0,1.27,0.00,,,,,,,,,0.8406390037927705,0.15936099620722954,0.0,NGC0100,0.8406390037927705,0.15936099620722954,0.13396506909506892
NGC0100,13.5,8.90,89.00,7.77,19.76,41.91,0.0,0.96,0.00,,,,,,,,,0.8181300650512967,0.1818699349487032,0.0,NGC0100,0.8181300650512967,0.1818699349487032,0.14879326171045765
NGC0100,13.5,9.35,90.40,5.16,20.86,40.72,0.0,0.84,0.00,,,,,,,,,0.7921232834175242,0.20787671658247575,0.0,NGC0100,0.7921232834175242,0.20787671658247575,0.1646639872853648
NGC0100,13.5,9.62,91.20,13.70,21.63,40.12,0.0,0.83,0.00,,,,,,,,,0.7747950116085839,0.22520498839141606,0.0,NGC0100,0.7747950116085839,0.22520498839141606,0.1744877015950382
NGC0247,3.7,1.08,34.60,0.90,2.87,22.18,0.0,6.02,0.00,,,,,,,,,0.9835324346202527,0.016467565379747227,0.0,NGC0247,0.9835324346202527,0.016467565379747227,0.016196384670210978
NGC0247,3.7,1.61,47.00,0.80,4.22,29.63,0.0,4.33,0.00,,,,,,,,,0.9801189021030866,0.019881097896913332,0.0,NGC0247,0.9801189021030866,0.019881097896913332,0.01948583984332668
NGC0247,3.7,2.15,59.10,3.10,5.53,34.54,0.0,4.47,0.00,,,,,,,,,0.9750072838792327,0.024992716120767335,0.0,NGC0247,0.9750072838792327,0.024992716120767335,0.024368080261674075
NGC0247,3.7,2.70,64.40,1.40,7.02,38.17,0.0,7.92,0.00,,,,,,,,,0.967282272360523,0.03271772763947693,0.0,NGC0247,0.967282272360523,0.03271772763947693,0.031647277937585934
NGC0247,3.7,3.22,67.40,2.30,8.74,41.49,0.0,3.35,0.00,,,,,,,,,0.9575106948312658,0.042489305168734115,0.0,NGC0247,0.9575106948312658,0.042489305168734115,0.040683964115012294
NGC0247,3.7,3.77,69.80,0.70,10.74,44.33,0.0,9.03,0.00,,,,,,,,,0.9445576572707525,0.05544234272924757,0.0,NGC0247,0.9445576572707525,0.05544234272924757,0.052368489361940225
NGC0247,3.7,4.31,71.30,1.10,12.87,46.65,0.0,5.59,0.00,,,,,,,,,0.9292712021908744,0.07072879780912551,0.0,NGC0247,0.9292712021908744,0.07072879780912551,0.06572623496960135
NGC0247,3.7,4.85,73.20,1.70,14.02,48.71,0.0,2.37,0.00,,,,,,,,,0.9234942684066729,0.07650573159332709,0.0,NGC0247,0.9234942684066729,0.07650573159332709,0.07065260462669688
NGC0247,3.7,5.38,75.10,3.00,14.25,50.36,0.0,9.55,0.00,,,,,,,,,0.9258677403457757,0.07413225965422433,0.0,NGC0247,0.9258677403457757,0.07413225965422433,0.068636667732783
NGC0247,3.7,5.92,78.50,3.80,15.4,51.67,0.0,7.02,0.00,,,,,,,,,0.9184161785575248,0.08158382144247532,0.0,NGC0247,0.9184161785575248,0.08158382144247532,0.07492790152131763
NGC0247,3.7,6.46,81.40,5.00,17.47,52.6,0.0,4.83,0.00,,,,,,,,,0.900649484178005,0.09935051582199497,0.0,NGC0247,0.900649484178005,0.09935051582199497,0.0894799908278985
NGC0247,3.7,6.99,83.50,7.00,20.12,53.23,0.0,3.01,0.00,,,,,,,,,0.8749896587576865,0.12501034124231342,0.0,NGC0247,0.8749896587576865,0.12501034124231342,0.10938275582479376
NGC0247,3.7,7.53,87.10,7.20,23.34,53.67,0.0,1.50,0.00,,,,,,,,,0.8409576948897802,0.15904230511021974,0.0,NGC0247,0.8409576948897802,0.15904230511021974,0.1337478502954475
NGC0247,3.7,8.07,90.70,4.80,25.63,54.09,0.0,0.34,0.00,,,,,,,,,0.8166436900317505,0.18335630996824953,0.0,NGC0247,0.8166436900317505,0.18335630996824953,0.14973677356307674
NGC0247,3.7,8.62,93.10,1.40,27.36,54.75,0.0,9.41,0.00,,,,,,,,,0.8001753328453101,0.19982466715469002,0.0,NGC0247,0.8001753328453101,0.19982466715469002,0.15989476955120738
NGC0247,3.7,9.14,95.90,2.10,29.31,55.29,0.0,8.09,0.00,,,,,,,,,0.7806274530713292,0.21937254692867078,0.0,NGC0247,0.7806274530713292,0.21937254692867078,0.17124823258269892
NGC0247,3.7,9.69,98.40,5.20,31.5,55.46,0.0,6.86,0.00,,,,,,,,,0.7560877642560772,0.24391223574392285,0.0,NGC0247,0.7560877642560772,0.24391223574392285,0.18441905699832384
NGC0247,3.7,10.23,101.00,8.20,33.45,55.35,0.0,5.80,0.00,,,,,,,,,0.7324815751250741,0.2675184248749261,0.0,NGC0247,0.7324815751250741,0.2675184248749261,0.19595231722736467
NGC0247,3.7,10.76,103.00,9.40,35.18,54.98,0.0,4.92,0.00,,,,,,,,,0.709505475593935,0.29049452440606505,0.0,NGC0247,0.709505475593935,0.29049452440606505,0.20610745569615913
NGC0247,3.7,11.30,104.00,9.40,36.44,54.45,0.0,4.17,0.00,,,,,,,,,0.6906653171433083,0.3093346828566916,0.0,NGC0247,0.6906653171433083,0.3093346828566916,0.21364673683864158
NGC0247,3.7,11.84,105.00,8.90,37.01,53.82,0.0,3.57,0.00,,,,,,,,,0.6789420187010742,0.32105798129892593,0.0,NGC0247,0.6789420187010742,0.32105798129892593,0.2179797539431845
NGC0247,3.7,12.38,105.00,8.40,37.01,53.2,0.0,3.12,0.00,,,,,,,,,0.6738698595262392,0.32613014047376077,0.0,NGC0247,0.6738698595262392,0.32613014047376077,0.21976927194832582
NGC0247,3.7,12.91,105.00,9.00,36.33,52.54,0.0,2.63,0.00,,,,,,,,,0.676528130572096,0.323471869427904,0.0,NGC0247,0.676528130572096,0.323471869427904,0.21883781911672104
NGC0247,3.7,13.48,106.00,8.40,35.29,51.7,0.0,2.23,0.00,,,,,,,,,0.6821600357157249,0.317839964284275,0.0,NGC0247,0.6821600357157249,0.317839964284275,0.21681772138804578
NGC0247,3.7,14.01,108.00,7.70,34.03,50.9,0.0,1.96,0.00,,,,,,,,,0.6910944364311742,0.30890556356882587,0.0,NGC0247,0.6910944364311742,0.30890556356882587,0.21348291636505196
NGC0247,3.7,14.54,107.00,9.20,32.65,50.18,0.0,1.79,0.00,,,,,,,,,0.7025652425134448,0.2974347574865552,0.0,NGC0247,0.7025652425134448,0.2974347574865552,0.20896732252546926
NGC0289,20.8,1.50,164.00,28.20,3.86,79.05,,2.39,0.00,,,,,,,,,0.0,0.0,0.0,NGC0289,0.0,0.0,0.0
NGC0289,20.8,2.52,194.00,32.00,5.64,26.49,0.0,4.62,0.00,,,,,,,,,0.9566348847224591,0.04336511527754091,0.0,NGC0289,0.9566348847224591,0.04336511527754091,0.041484582054506496
NGC0289,20.8,3.46,175.00,25.20,6.85,15.85,0.0,0.61,0.00,,,,,,,,,0.8426185245434269,0.15738147545657313,0.0,NGC0289,0.8426185245434269,0.15738147545657313,0.13261254663968522
NGC0289,20.8,4.32,185.00,31.50,7.4,20.68,0.0,9.95,0.00,,,,,,,,,0.8864895162413686,0.11351048375863146,0.0,NGC0289,0.8864895162413686,0.11351048375863146,0.10062585383551294
NGC0289,20.8,5.43,175.00,27.90,6.0,21.66,0.0,8.10,0.00,,,,,,,,,0.9287348294268142,0.07126517057318577,0.0,NGC0289,0.9287348294268142,0.07126517057318577,0.0661864460363605
NGC0289,20.8,6.38,167.00,27.20,4.74,11.57,0.0,8.44,0.00,,,,,,,,,0.8562832424479875,0.14371675755201255,0.0,NGC0289,0.8562832424479875,0.14371675755201255,0.12306225115074859
NGC0289,20.8,7.57,176.00,7.18,7.37,98.06,0.0,0.47,0.00,,,,,,,,,0.9943829940195431,0.0056170059804569366,0.0,NGC0289,0.9943829940195431,0.0056170059804569366,0.005585455224272447
NGC0289,20.8,10.60,185.00,4.29,21.99,70.85,0.0,4.69,0.00,,,,,,,,,0.912132424382495,0.08786757561750509,0.0,NGC0289,0.912132424382495,0.08786757561750509,0.08014686477260713
NGC0289,20.8,13.57,183.00,4.22,32.44,51.82,0.0,5.42,0.00,,,,,,,,,0.7184463245244492,0.28155367547555077,0.0,NGC0289,0.7184463245244492,0.28155367547555077,0.202281203301759
NGC0289,20.8,16.64,172.00,4.33,38.81,36.17,0.0,3.34,0.00,,,,,,,,,0.46483420590267843,0.5351657940973216,0.0,NGC0289,0.46483420590267843,0.5351657940973216,0.2487633669255048
NGC0289,20.8,19.71,161.00,4.24,42.5,27.01,0.0,3.06,0.00,,,,,,,,,0.2876973531839248,0.7123026468160751,0.0,NGC0289,0.2876973531839248,0.7123026468160751,0.20492758615488882
NGC0289,20.8,22.68,156.00,5.08,49.56,19.49,0.0,1.47,0.00,,,,,,,,,0.13393967117054234,0.8660603288294577,0.0,NGC0289,0.13393967117054234,0.8660603288294577,0.11599983565726933
NGC0289,20.8,25.75,159.00,6.49,54.94,11.5,0.0,0.76,0.00,,,,,,,,,0.04197541741815096,0.9580245825818491,0.0,NGC0289,0.04197541741815096,0.9580245825818491,0.04021348175072295
NGC0289,20.8,28.72,173.00,6.97,55.53,5.68,0.0,0.64,0.00,,,,,,,,,0.010354307612324407,0.9896456923876755,0.0,NGC0289,0.010354307612324407,0.9896456923876755,0.010247095926193767
NGC0289,20.8,31.79,177.00,6.57,60.71,0.59,0.0,0.40,0.00,,,,,,,,,9.443707823779597e-05,0.9999055629217621,0.0,NGC0289,9.443707823779597e-05,0.9999055629217621,9.442815987604987e-05
NGC0289,20.8,34.77,179.00,4.47,65.78,96.09,0.0,0.25,0.00,,,,,,,,,0.6809060627840992,0.3190939372159008,0.0,NGC0289,0.6809060627840992,0.3190939372159008,0.21727299644795553
NGC0289,20.8,37.84,181.00,4.26,67.48,92.02,0.0,0.16,0.00,,,,,,,,,0.650298004087294,0.34970199591270595,0.0,NGC0289,0.650298004087294,0.34970199591270595,0.22741050996737572
NGC0289,20.8,40.81,182.00,4.26,68.67,88.49,0.0,0.10,0.00,,,,,,,,,0.6241391293784999,0.3758608706215001,0.0,NGC0289,0.6241391293784999,0.3758608706215001,0.23458947655714807
NGC0289,20.8,43.88,182.00,4.83,68.27,85.15,0.0,0.06,0.00,,,,,,,,,0.6087087997015007,0.39129120029849934,0.0,NGC0289,0.6087087997015007,0.39129120029849934,0.23818239686745904
NGC0289,20.8,46.85,180.00,5.50,67.18,82.29,0.0,0.04,0.00,,,,,,,,,0.6000678966607861,0.399932103339214,0.0,NGC0289,0.6000678966607861,0.399932103339214,0.23998641605788626
NGC0289,20.8,49.92,177.00,8.50,65.98,79.64,0.0,0.03,0.00,,,,,,,,,0.5929875494231897,0.4070124505768104,0.0,NGC0289,0.5929875494231897,0.4070124505768104,0.2413533156522699
NGC0289,20.8,52.99,175.00,11.00,65.09,77.21,0.0,0.02,0.00,,,,,,,,,0.5845587569800555,0.41544124301994456,0.0,NGC0289,0.5845587569800555,0.41544124301994456,0.24284981661798796
NGC0289,20.8,55.96,172.00,11.60,64.29,75.06,0.0,0.01,0.00,,,,,,,,,0.5768284829245517,0.4231715170754483,0.0,NGC0289,0.5768284829245517,0.4231715170754483,0.24409738421151186
NGC0289,20.8,59.03,168.00,12.60,62.6,72.97,0.0,0.01,0.00,,,,,,,,,0.5760468985974602,0.4239531014025399,0.0,NGC0289,0.5760468985974602,0.4239531014025399,0.24421686921370764
NGC0289,20.8,62.00,158.00,5.38,59.81,71.15,0.0,0.00,0.00,,,,,,,,,0.5859468908515767,0.4140531091484234,0.0,NGC0289,0.5859468908515767,0.4140531091484234,0.24261313195294723
NGC0289,20.8,65.07,158.00,6.50,57.13,69.42,0.0,0.00,0.00,,,,,,,,,0.5962083779244947,0.4037916220755053,0.0,NGC0289,0.5962083779244947,0.4037916220755053,0.24074394801713758
NGC0289,20.8,68.05,166.00,15.50,55.14,67.85,0.0,0.00,0.00,,,,,,,,,0.6022497573633195,0.39775024263668046,0.0,NGC0289,0.6022497573633195,0.39775024263668046,0.2395449871191423
NGC0289,20.8,71.12,165.00,8.75,53.24,66.34,0.0,0.00,0.00,,,,,,,,,0.6082509482560221,0.39174905174397784,0.0,NGC0289,0.6082509482560221,0.39174905174397784,0.23828173220167198
NGC0300,2.08,0.91,33.10,3.90,0.0,31.52,0.0,0.50,0.00,,,,,,,,,1.0,0.0,0.0,NGC0300,1.0,0.0,0.0
NGC0300,2.08,1.36,46.70,2.70,0.0,37.5,0.0,7.25,0.00,,,,,,,,,1.0,0.0,0.0,NGC0300,1.0,0.0,0.0
NGC0300,2.08,1.82,53.90,4.70,0.0,42.04,0.0,3.80,0.00,,,,,,,,,1.0,0.0,0.0,NGC0300,1.0,0.0,0.0
NGC0300,2.08,2.27,58.80,2.50,2.86,46.16,0.0,1.88,0.00,,,,,,,,,0.9961758363499574,0.0038241636500425543,0.0,NGC0300,0.9961758363499574,0.0038241636500425543,0.0038095394224202475
NGC0300,2.08,2.72,65.60,2.60,7.4,48.37,0.0,1.96,0.00,,,,,,,,,0.9771301313484715,0.02286986865152848,0.0,NGC0300,0.9771301313484715,0.02286986865152848,0.022346837759390312
NGC0300,2.08,3.17,70.80,2.70,8.38,49.78,0.0,4.71,0.00,,,,,,,,,0.9724423538955483,0.027557646104451616,0.0,NGC0300,0.9724423538955483,0.027557646104451616,0.026798222245633416
NGC0300,2.08,3.63,82.10,4.90,8.42,50.48,0.0,8.99,0.00,,,,,,,,,0.9729312838156594,0.027068716184340525,0.0,NGC0300,0.9729312838156594,0.027068716184340525,0.026336000788472144
NGC0300,2.08,4.08,84.10,6.60,9.19,50.65,0.0,4.68,0.00,,,,,,,,,0.9681283135008525,0.031871686499147546,0.0,NGC0300,0.9681283135008525,0.031871686499147546,0.030855882098847605
NGC0300,2.08,4.54,83.40,6.20,12.0,50.39,0.0,1.28,0.00,,,,,,,,,0.9463317789550582,0.05366822104494187,0.0,NGC0300,0.9463317789550582,0.05366822104494187,0.05078794309481313
NGC0300,2.08,4.99,81.50,2.70,12.98,49.84,0.0,8.72,0.00,,,,,,,,,0.936482556495631,0.06351744350436907,0.0,NGC0300,0.936482556495631,0.06351744350436907,0.059482977875038354
NGC0300,2.08,5.45,80.80,4.00,13.57,49.05,0.0,6.70,0.00,,,,,,,,,0.9289028841711546,0.07109711582884547,0.0,NGC0300,0.9289028841711546,0.07109711582884547,0.06604231594966521
NGC0300,2.08,5.90,82.80,12.40,15.44,48.12,0.0,5.18,0.00,,,,,,,,,0.9066560999370382,0.09334390006296185,0.0,NGC0300,0.9066560999370382,0.09334390006296185,0.08463081638399765
NGC0300,2.08,6.36,88.20,11.70,20.16,47.07,0.0,3.98,0.00,,,,,,,,,0.8449946710739716,0.15500532892602834,0.0,NGC0300,0.8449946710739716,0.15500532892602834,0.1309786769305621
NGC0300,2.08,6.81,88.50,8.50,24.2,45.98,0.0,3.08,0.00,,,,,,,,,0.7830802603036876,0.2169197396963124,0.0,NGC0300,0.7830802603036876,0.2169197396963124,0.16986556622639648
NGC0300,2.08,7.26,88.40,8.90,27.05,44.86,0.0,2.38,0.00,,,,,,,,,0.7333564348321089,0.266643565167891,0.0,NGC0300,0.7333564348321089,0.266643565167891,0.19554477432244763
NGC0300,2.08,7.71,88.20,10.80,28.23,43.73,0.0,1.84,0.00,,,,,,,,,0.7058469556361404,0.29415304436385953,0.0,NGC0300,0.7058469556361404,0.29415304436385953,0.2076270308553328
NGC0300,2.08,8.17,89.50,3.10,27.84,42.59,0.0,1.41,0.00,,,,,,,,,0.7006282450841428,0.29937175491585716,0.0,NGC0300,0.7006282450841428,0.29937175491585716,0.2097483072744571
NGC0300,2.08,8.62,89.70,9.50,26.95,41.5,0.0,1.09,0.00,,,,,,,,,0.7033747489588237,0.2966252510411764,0.0,NGC0300,0.7033747489588237,0.2966252510411764,0.2086387114859355
NGC0300,2.08,9.07,93.70,7.30,26.46,40.45,0.0,0.84,0.00,,,,,,,,,0.7003289897622091,0.29967101023779086,0.0,NGC0300,0.7003289897622091,0.29967101023779086,0.2098682958608527
NGC0300,2.08,9.53,97.00,5.70,26.26,39.41,0.0,0.65,0.00,,,,,,,,,0.6925239117565212,0.3074760882434788,0.0,NGC0300,0.6925239117565212,0.3074760882434788,0.2129345434019672
NGC0300,2.08,9.96,96.20,1.50,25.18,38.5,0.0,0.51,0.00,,,,,,,,,0.7004027439816161,0.2995972560183839,0.0,NGC0300,0.7004027439816161,0.2995972560183839,0.2098387402046388
NGC0300,2.08,10.45,94.80,2.10,24.1,37.5,0.0,0.38,0.00,,,,,,,,,0.7077038438698379,0.2922961561301622,0.0,NGC0300,0.7077038438698379,0.2922961561301622,0.20685911324169406
NGC0300,2.08,10.93,92.50,13.90,23.02,36.62,0.0,0.29,0.00,,,,,,,,,0.7167632096895643,0.2832367903104357,0.0,NGC0300,0.7167632096895643,0.2832367903104357,0.20301371092507797
NGC0300,2.08,11.32,92.80,10.60,22.03,35.97,0.0,0.23,0.00,,,,,,,,,0.7272193568904188,0.2727806431095812,0.0,NGC0300,0.7272193568904188,0.2727806431095812,0.1983713638543045
NGC0300,2.08,11.80,93.50,12.10,21.74,35.19,0.0,0.00,0.00,,,,,,,,,0.7237652674922326,0.27623473250776737,0.0,NGC0300,0.7237652674922326,0.27623473250776737,0.19992910506412956
NGC0801,80.7,1.17,123.00,6.20,2.58,83.66,,5.87,0.00,,,,,,,,,0.0,0.0,0.0,NGC0801,0.0,0.0,0.0
NGC0801,80.7,1.56,142.00,6.20,3.43,10.66,,4.03,0.00,,,,,,,,,0.0,0.0,0.0,NGC0801,0.0,0.0,0.0
NGC0801,80.7,1.96,205.00,6.20,4.28,32.37,,0.29,0.00,,,,,,,,,0.0,0.0,0.0,NGC0801,0.0,0.0,0.0
NGC0801,80.7,2.73,228.00,6.20,5.96,64.64,,3.72,0.00,,,,,,,,,0.0,0.0,0.0,NGC0801,0.0,0.0,0.0
NGC0801,80.7,3.52,238.00,6.20,7.61,81.54,0.0,5.59,0.00,,,,,,,,,0.9913650169606181,0.008634983039382042,0.0,NGC0801,0.9913650169606181,0.008634983039382042,0.008560420107291628
NGC0801,80.7,10.59,229.00,4.20,23.2,69.17,0.0,9.49,0.00,,,,,,,,,0.8988789378320583,0.10112106216794171,0.0,NGC0801,0.8988789378320583,0.10112106216794171,0.09089559295396898
NGC0801,80.7,17.65,225.00,6.90,37.46,43.6,0.0,8.01,0.00,,,,,,,,,0.5753142444025073,0.4246857555974926,0.0,NGC0801,0.5753142444025073,0.4246857555974926,0.24432776459007935
NGC0801,80.7,24.61,220.00,4.00,47.21,26.69,0.0,6.25,0.00,,,,,,,,,0.24220406086047855,0.7577959391395215,0.0,NGC0801,0.24220406086047855,0.7577959391395215,0.18354125376317215
NGC0801,80.7,31.67,222.00,2.40,59.26,19.45,0.0,5.29,0.00,,,,,,,,,0.09724874751613097,0.9027512524838691,0.0,NGC0801,0.09724874751613097,0.9027512524838691,0.08779142862267479
NGC0801,80.7,38.74,219.00,4.10,61.77,2.4,0.0,5.94,0.00,,,,,,,,,0.00150734323453719,0.9984926567654627,0.0,NGC0801,0.00150734323453719,0.9984926567654627,0.0015050711509104848
NGC0801,80.7,45.80,214.00,4.70,58.45,83.36,0.0,2.13,0.00,,,,,,,,,0.6703997854532242,0.32960021454677585,0.0,NGC0801,0.6703997854532242,0.32960021454677585,0.2209639131174952
NGC0801,80.7,52.86,216.00,2.60,58.96,69.7,0.0,1.20,0.00,,,,,,,,,0.5828981755505118,0.4171018244494882,0.0,NGC0801,0.5828981755505118,0.4171018244494882,0.2431278924903965
NGC0801,80.7,59.82,216.00,8.80,66.89,58.21,0.0,0.00,0.00,,,,,,,,,0.430947938565752,0.569052061434248,0.0,NGC0801,0.430947938565752,0.569052061434248,0.24523181281168083
NGC0891,9.91,0.92,234.00,12.00,-5.19,21.44,,0.07,53.62,,,,,,,,,0.0,0.0,0.0,NGC0891,0.0,0.0,0.0
NGC0891,9.91,2.32,192.00,12.00,-10.42,80.89,,0.54,19.18,,,,,,,,,0.0,0.0,0.0,NGC0891,0.0,0.0,0.0
NGC0891,9.91,3.24,212.00,6.30,-11.44,25.09,8.37,4.93,1.73,,,,,,,,,0.7580429185252228,0.1575957572299746,0.08436132424480268,NGC0891,0.7580429185252228,0.1575957572299746,0.11946434775780242
NGC0891,9.91,4.17,223.00,4.41,-11.64,11.44,9.66,8.34,0.15,,,,,,,,,0.3638624239182292,0.3766960966284363,0.25944147945333446,NGC0891,0.3638624239182292,0.3766960966284363,0.13706555479975832
NGC0891,9.91,5.10,222.00,4.01,-11.54,93.95,6.35,1.63,0.01,,,,,,,,,0.9807230846833356,0.014796685626685381,0.004480229689979105,NGC0891,0.9807230846833356,0.014796685626685381,0.014511451170892462
NGC0891,9.91,6.03,224.00,3.85,-11.44,80.55,6.3,3.28,0.00,,,,,,,,,0.974385488844715,0.019654036893758834,0.005960474261526298,NGC0891,0.974385488844715,0.019654036893758834,0.019150608346497264
NGC0891,9.91,6.96,224.00,3.23,-9.02,71.7,8.06,1.67,0.00,,,,,,,,,0.9723249333202705,0.015388142034727553,0.012286924645002077,NGC0891,0.9723249333202705,0.015388142034727553,0.014962274177839319
NGC0891,9.91,7.89,226.00,3.40,6.44,60.33,1.6,2.27,0.00,,,,,,,,,0.988046504336283,0.011258550237971305,0.0006949454257456923,NGC0891,0.988046504336283,0.011258550237971305,0.011123971206521975
NGC0891,9.91,8.80,226.00,3.21,16.24,54.4,6.17,0.87,0.00,,,,,,,,,0.9074544338659188,0.08087216644718997,0.011673399686891179,NGC0891,0.9074544338659188,0.08087216644718997,0.07338780601884513
NGC0891,9.91,9.73,227.00,2.75,25.64,41.26,1.46,5.23,0.00,,,,,,,,,0.7207616080552469,0.2783359091942145,0.000902482750538458,NGC0891,0.7207616080552469,0.2783359091942145,0.20061383749034126
NGC0891,9.91,10.64,227.00,2.65,32.27,31.49,7.46,5.29,0.00,,,,,,,,,0.47477181873659813,0.49858308668776574,0.026645094575636043,NGC0891,0.47477181873659813,0.49858308668776574,0.2367131988580575
NGC0891,9.91,11.58,224.00,2.35,35.44,24.36,3.84,7.47,0.00,,,,,,,,,0.31832737815779516,0.6737625236783673,0.007910098163837566,NGC0891,0.31832737815779516,0.6737625236783673,0.21447705766351405
NGC0891,9.91,12.52,220.00,2.43,42.18,13.5,0.63,5.20,0.00,,,,,,,,,0.09289941127005194,0.9068982744565155,0.0002023142734325576,NGC0891,0.09289941127005194,0.9068982744565155,0.08425031577883628
NGC0891,9.91,13.46,218.00,2.30,46.37,8.0,7.76,2.53,0.00,,,,,,,,,0.02813935753010307,0.9453843209698229,0.026476321500073976,NGC0891,0.02813935753010307,0.9453843209698229,0.026602507411123563
NGC0891,9.91,14.40,217.00,2.77,49.33,0.84,5.18,6.77,0.00,,,,,,,,,0.0002867142445983764,0.9888101801760913,0.01090310557931048,NGC0891,0.0002867142445983764,0.9888101801760913,0.0002835059638603725
NGC0891,9.91,15.33,216.00,4.43,49.33,93.84,2.86,4.92,0.00,,,,,,,,,0.7829195452911042,0.21635322233618356,0.0007272323727122633,NGC0891,0.7829195452911042,0.21635322233618356,0.16938716645371
NGC0891,9.91,16.27,210.00,4.47,47.29,88.07,0.73,3.39,0.00,,,,,,,,,0.7761601314189399,0.22378654232934092,5.332625171918122e-05,NGC0891,0.7761601314189399,0.22378654232934092,0.1736941921041314
NGC0891,9.91,17.11,208.00,4.35,45.04,82.56,8.97,0.00,0.00,,,,,,,,,0.7636961977873007,0.22728879360131124,0.009015008611388134,NGC0891,0.7636961977873007,0.22728879360131124,0.17357958747298396
NGC1003,11.4,1.25,47.00,7.60,2.05,56.98,0.0,5.71,0.00,,,,,,,,,0.9987072901667401,0.0012927098332599645,0.0,NGC1003,0.9987072901667401,0.0012927098332599645,0.0012910387345469575
NGC1003,11.4,2.08,59.50,4.50,6.07,64.63,0.0,7.61,0.00,,,,,,,,,0.9912563043415219,0.00874369565847813,0.0,NGC1003,0.9912563043415219,0.00874369565847813,0.008667243444710041
NGC1003,11.4,2.90,71.60,3.70,10.81,74.91,0.0,7.61,0.00,,,,,,,,,0.9796004416059998,0.020399558394000164,0.0,NGC1003,0.9796004416059998,0.020399558394000164,0.01998341641132994
NGC1003,11.4,3.73,77.60,3.10,14.74,77.71,0.0,7.27,0.00,,,,,,,,,0.9652711443755072,0.03472885562449277,0.0,NGC1003,0.9652711443755072,0.03472885562449277,0.03352276221150591
NGC1003,11.4,4.56,83.40,3.60,17.0,79.57,0.0,9.91,0.00,,,,,,,,,0.9563469489515632,0.04365305104843678,0.0,NGC1003,0.9563469489515632,0.04365305104843678,0.04174746218259935
NGC1003,11.4,5.39,89.70,3.80,19.26,79.39,0.0,4.66,0.00,,,,,,,,,0.9444166646675316,0.05558333533246835,0.0,NGC1003,0.9444166646675316,0.05558333533246835,0.052493828165786724
NGC1003,11.4,6.22,93.80,2.40,21.62,73.38,0.0,7.84,0.00,,,,,,,,,0.9201263666837501,0.07987363331624987,0.0,NGC1003,0.9201263666837501,0.07987363331624987,0.07349383601711114
NGC1003,11.4,7.04,99.00,3.00,23.59,69.52,0.0,5.24,0.00,,,,,,,,,0.8967462306697712,0.10325376933022867,0.0,NGC1003,0.8967462306697712,0.10325376933022867,0.09259242844932859
NGC1003,11.4,7.87,103.00,2.50,27.03,65.95,0.0,3.23,0.00,,,,,,,,,0.8561776506777509,0.1438223493222492,0.0,NGC1003,0.8561776506777509,0.1438223493222492,0.12313748115767813
NGC1003,11.4,8.70,100.00,2.30,28.5,62.8,0.0,2.03,0.00,,,,,,,,,0.829218959271166,0.17078104072883396,0.0,NGC1003,0.829218959271166,0.17078104072883396,0.1416148768564103
NGC1003,11.4,9.54,98.30,2.00,29.19,59.81,0.0,1.06,0.00,,,,,,,,,0.8076315443808382,0.19236845561916194,0.0,NGC1003,0.8076315443808382,0.19236845561916194,0.15536283290186048
NGC1003,11.4,10.34,98.40,1.70,29.29,56.87,0.0,0.59,0.00,,,,,,,,,0.7903511912340385,0.20964880876596156,0.0,NGC1003,0.7903511912340385,0.20964880876596156,0.16569618574897485
NGC1003,11.4,11.21,94.50,1.80,30.27,54.18,0.0,0.37,0.00,,,,,,,,,0.7621148781566632,0.23788512184333682,0.0,NGC1003,0.7621148781566632,0.23788512184333682,0.18129579064891763
NGC1003,11.4,11.98,94.90,2.40,31.35,52.09,0.0,0.22,0.00,,,,,,,,,0.7340985337714997,0.26590146622850025,0.0,NGC1003,0.7340985337714997,0.26590146622850025,0.19519787648603398
NGC1003,11.4,12.85,95.30,1.60,32.24,49.97,0.0,0.13,0.00,,,,,,,,,0.7060818452340977,0.29391815476590233,0.0,NGC1003,0.7060818452340977,0.29391815476590233,0.20753027306490943
NGC1003,11.4,13.72,96.90,1.80,32.83,48.07,0.0,0.08,0.00,,,,,,,,,0.6819247014741302,0.3180752985258698,0.0,NGC1003,0.6819247014741302,0.3180752985258698,0.2169034029935486
NGC1003,11.4,14.49,97.20,1.30,33.03,46.57,0.0,0.05,0.00,,,,,,,,,0.6653171851621068,0.3346828148378932,0.0,NGC1003,0.6653171851621068,0.3346828148378932,0.22267022829007768
NGC1003,11.4,15.36,100.00,1.80,33.12,45.03,0.0,0.03,0.00,,,,,,,,,0.6489400218963154,0.35105997810368456,0.0,NGC1003,0.6489400218963154,0.35105997810368456,0.22781686987752506
NGC1003,11.4,16.13,104.00,2.70,32.83,43.81,0.0,0.02,0.00,,,,,,,,,0.6403857363306503,0.3596142636693498,0.0,NGC1003,0.6403857363306503,0.3596142636693498,0.2302918450349012
NGC1003,11.4,17.00,104.00,3.20,33.52,42.53,0.0,0.01,0.00,,,,,,,,,0.6168347655376006,0.3831652344623994,0.0,NGC1003,0.6168347655376006,0.3831652344623994,0.23634963756177393
NGC1003,11.4,17.78,105.00,3.40,32.34,41.49,0.0,0.01,0.00,,,,,,,,,0.6220586040010108,0.37794139599898924,0.0,NGC1003,0.6220586040010108,0.37794139599898924,0.23510169718932444
NGC1003,11.4,18.65,109.00,3.90,31.65,40.42,0.0,0.00,0.00,,,,,,,,,0.6199116228050788,0.38008837719492117,0.0,NGC1003,0.6199116228050788,0.38008837719492117,0.2356212027162525
NGC1003,11.4,19.52,110.00,3.80,29.88,39.42,0.0,0.00,0.00,,,,,,,,,0.6351020300064887,0.36489796999351143,0.0,NGC1003,0.6351020300064887,0.36489796999351143,0.2317474414881259
NGC1003,11.4,20.29,107.00,3.80,29.39,38.61,0.0,0.00,0.00,,,,,,,,,0.6331405567252758,0.3668594432747243,0.0,NGC1003,0.6331405567252758,0.3668594432747243,0.2322735921548837
NGC1003,11.4,21.16,106.00,3.80,29.0,37.75,0.0,0.00,0.00,,,,,,,,,0.6288716661610172,0.3711283338389828,0.0,NGC1003,0.6288716661610172,0.3711283338389828,0.23339209366088334
NGC1003,11.4,21.93,106.00,4.00,27.91,37.04,0.0,0.00,0.00,,,,,,,,,0.6378458580027047,0.36215414199729545,0.0,NGC1003,0.6378458580027047,0.36215414199729545,0.23099851943149827
NGC1003,11.4,22.80,108.00,3.40,27.03,36.29,0.0,0.00,0.00,,,,,,,,,0.6431792086775396,0.35682079132246036,0.0,NGC1003,0.6431792086775396,0.35682079132246036,0.22949971420247356
NGC1003,11.4,23.67,109.00,3.20,25.65,35.58,0.0,0.00,0.00,,,,,,,,,0.6580193589041275,0.34198064109587245,0.0,NGC1003,0.6580193589041275,0.34198064109587245,0.22502988221152853
NGC1003,11.4,24.44,110.00,3.30,26.24,34.99,0.0,0.00,0.00,,,,,,,,,0.6400438991766003,0.3599561008233996,0.0,NGC1003,0.6400438991766003,0.3599561008233996,0.23038770630341418
NGC1003,11.4,25.31,110.00,2.70,25.85,34.35,0.0,0.00,0.00,,,,,,,,,0.6384361075564958,0.3615638924435042,0.0,NGC1003,0.6384361075564958,0.3615638924435042,0.23083544412460633
NGC1003,11.4,26.08,110.00,2.40,25.26,33.82,0.0,0.00,0.00,,,,,,,,,0.6419092409055706,0.35809075909442944,0.0,NGC1003,0.6419092409055706,0.35809075909442944,0.22986176734560473
NGC1003,11.4,26.95,113.00,2.50,26.83,33.25,0.0,0.00,0.00,,,,,,,,,0.6056511425314863,0.39434885746851367,0.0,NGC1003,0.6056511425314863,0.39434885746851367,0.23883783608179157
NGC1003,11.4,27.73,114.00,2.20,30.76,32.76,0.0,0.00,0.00,,,,,,,,,0.5314549623570463,0.46854503764295374,0.0,NGC1003,0.5314549623570463,0.46854503764295374,0.2490105853431168
NGC1003,11.4,28.60,112.00,1.70,31.75,32.24,0.0,0.00,0.00,,,,,,,,,0.5076569974965813,0.49234300250341867,0.0,NGC1003,0.5076569974965813,0.49234300250341867,0.24994137038933734
NGC1003,11.4,29.47,113.00,1.80,34.6,31.75,0.0,0.00,0.00,,,,,,,,,0.4571250746806728,0.5428749253193272,0.0,NGC1003,0.4571250746806728,0.5428749253193272,0.24816174077886213
NGC1003,11.4,30.24,115.00,1.60,37.45,31.33,0.0,0.00,0.00,,,,,,,,,0.41171959027737165,0.5882804097226283,0.0,NGC1003,0.41171959027737165,0.5882804097226283,0.24220656925920483
NGC1090,37.0,0.35,20.90,9.81,-0.82,48.76,,0.43,0.00,,,,,,,,,0.0,0.0,0.0,NGC1090,0.0,0.0,0.0
NGC1090,37.0,1.07,61.70,8.19,-2.5,98.26,0.0,2.11,0.00,,,,,,,,,0.9993530876289074,0.0006469123710926181,0.0,NGC1090,0.9993530876289074,0.0006469123710926181,0.0006464938754767455
NGC1090,37.0,1.60,81.30,4.32,-3.73,14.22,0.0,3.24,0.00,,,,,,,,,0.9356245774942127,0.06437542250578726,0.0,NGC1090,0.9356245774942127,0.06437542250578726,0.060231227482988633
NGC1090,37.0,3.70,124.00,3.41,-7.4,44.04,0.0,0.12,0.00,,,,,,,,,0.9725414906300093,0.02745850936999068,0.0,NGC1090,0.9725414906300093,0.02745850936999068,0.026704539633168812
NGC1090,37.0,5.09,156.00,7.02,-9.39,54.24,0.0,3.64,0.00,,,,,,,,,0.9709017346568718,0.029098265343128097,0.0,NGC1090,0.9709017346568718,0.029098265343128097,0.028251556297149004
NGC1090,37.0,6.61,166.00,6.34,-10.89,66.19,0.0,2.68,0.00,,,,,,,,,0.9736444909916603,0.026355509008339707,0.0,NGC1090,0.9736444909916603,0.026355509008339707,0.025660896153251032
NGC1090,37.0,8.17,165.00,12.10,-5.79,71.87,0.0,9.50,0.00,,,,,,,,,0.993551595640627,0.006448404359373019,0.0,NGC1090,0.993551595640627,0.006448404359373019,0.006406822440591038
NGC1090,37.0,9.11,174.00,4.84,9.64,69.05,0.0,7.81,0.00,,,,,,,,,0.9808819564041308,0.019118043595869112,0.0,NGC1090,0.9808819564041308,0.019118043595869112,0.01875254400493556
NGC1090,37.0,10.37,164.00,5.86,17.85,66.21,0.0,9.00,0.00,,,,,,,,,0.9322423851752214,0.06775761482477856,0.0,NGC1090,0.9322423851752214,0.06775761482477856,0.0631665204580355
NGC1090,37.0,11.28,176.00,7.35,22.68,67.76,0.0,8.87,0.00,,,,,,,,,0.8992552783109404,0.10074472168905947,0.0,NGC1090,0.8992552783109404,0.10074472168905947,0.09059522274085341
NGC1090,37.0,13.62,174.00,3.28,31.86,64.88,0.0,4.37,0.00,,,,,,,,,0.8057106610158267,0.19428933898417336,0.0,NGC1090,0.8057106610158267,0.19428933898417336,0.15654099174126634
NGC1090,37.0,15.04,168.00,2.23,35.59,59.31,0.0,4.96,0.00,,,,,,,,,0.7352503620051499,0.26474963799484996,0.0,NGC1090,0.7352503620051499,0.26474963799484996,0.19465726717644583
NGC1090,37.0,16.37,166.00,2.23,38.11,53.0,0.0,8.69,0.00,,,,,,,,,0.6591773574525444,0.34082264254745553,0.0,NGC1090,0.6591773574525444,0.34082264254745553,0.22466256887442485
NGC1090,37.0,17.59,167.00,4.59,40.13,46.12,0.0,5.36,0.00,,,,,,,,,0.5691159153516443,0.4308840846483557,0.0,NGC1090,0.5691159153516443,0.4308840846483557,0.24522299024510433
NGC1090,37.0,18.80,167.00,5.30,41.74,40.2,0.0,3.94,0.00,,,,,,,,,0.4812123965344513,0.5187876034655488,0.0,NGC1090,0.4812123965344513,0.5187876034655488,0.24964702595602134
NGC1090,37.0,20.13,165.00,3.48,42.85,34.43,0.0,2.74,0.00,,,,,,,,,0.392323780854803,0.6076762191451969,0.0,NGC1090,0.392323780854803,0.6076762191451969,0.23840583183059547
NGC1090,37.0,21.35,165.00,3.12,43.55,29.7,0.0,2.05,0.00,,,,,,,,,0.31744786441824707,0.6825521355817529,0.0,NGC1090,0.31744786441824707,0.6825521355817529,0.21667471779454128
NGC1090,37.0,22.57,165.00,2.39,44.16,25.69,0.0,1.61,0.00,,,,,,,,,0.2528564910439394,0.7471435089560606,0.0,NGC1090,0.2528564910439394,0.7471435089560606,0.1889200859808856
NGC1090,37.0,23.89,165.00,2.23,45.07,21.68,0.0,1.08,0.00,,,,,,,,,0.18790919525005784,0.8120908047499422,0.0,NGC1090,0.18790919525005784,0.8120908047499422,0.1525993295905335
NGC1090,37.0,25.11,163.00,2.23,46.68,18.15,0.0,0.76,0.00,,,,,,,,,0.13132538809204058,0.8686746119079594,0.0,NGC1090,0.13132538809204058,0.8686746119079594,0.1140790305345155
NGC1090,37.0,26.33,162.00,2.23,48.39,14.89,0.0,0.54,0.00,,,,,,,,,0.08649465014725916,0.9135053498527408,0.0,NGC1090,0.08649465014725916,0.9135053498527408,0.0790133256431624
NGC1090,37.0,27.65,162.00,2.23,50.01,11.67,0.0,0.37,0.00,,,,,,,,,0.05164169120984503,0.9483583087901549,0.0,NGC1090,0.05164169120984503,0.9483583087901549,0.04897482693883204
NGC1090,37.0,28.87,162.00,2.23,51.42,8.99,0.0,0.26,0.00,,,,,,,,,0.029660531925493516,0.9703394680745066,0.0,NGC1090,0.029660531925493516,0.9703394680745066,0.0287807847713903
NGC1090,37.0,30.09,160.00,2.23,52.53,6.1,0.0,0.00,0.00,,,,,,,,,0.01330539046386467,0.9866946095361353,0.0,NGC1090,0.01330539046386467,0.9866946095361353,0.013128357048468767
NGC1705,5.73,0.22,50.20,7.50,5.62,33.24,0.0,2.85,0.00,,,,,,,,,0.9722086227498544,0.027791377250145622,0.0,NGC1705,0.9722086227498544,0.027791377250145622,0.027019016600685713
NGC1705,5.73,0.66,62.20,7.51,13.36,44.88,0.0,4.05,0.00,,,,,,,,,0.9185984063512449,0.08140159364875514,0.0,NGC1705,0.9185984063512449,0.08140159364875514,0.07477537420019809
NGC1705,5.73,1.11,72.40,5.35,17.38,43.65,0.0,5.33,0.00,,,,,,,,,0.8631574736626371,0.136842526337363,0.0,NGC1705,0.8631574736626371,0.136842526337363,0.11811664932297111
NGC1705,5.73,1.55,73.20,3.31,17.38,39.37,0.0,8.23,0.00,,,,,,,,,0.8369036705210567,0.16309632947894329,0.0,NGC1705,0.8369036705210567,0.16309632947894329,0.13649591678943926
NGC1705,5.73,2.00,72.90,3.21,17.17,35.3,0.0,3.00,0.00,,,,,,,,,0.8086773246447252,0.19132267535527483,0.0,NGC1705,0.8086773246447252,0.19132267535527483,0.15471830925017496
NGC1705,5.73,2.45,72.60,2.73,16.22,31.81,0.0,0.83,0.00,,,,,,,,,0.7936504114428283,0.20634958855717156,0.0,NGC1705,0.7936504114428283,0.20634958855717156,0.16376943585945755
NGC1705,5.73,2.89,71.50,3.41,15.26,28.94,0.0,0.29,0.00,,,,,,,,,0.782446268242863,0.217553731757137,0.0,NGC1705,0.782446268242863,0.217553731757137,0.17022410555568068
NGC1705,5.73,3.34,71.10,4.38,14.31,26.66,0.0,0.09,0.00,,,,,,,,,0.7763309560990624,0.2236690439009376,0.0,NGC1705,0.7763309560990624,0.2236690439009376,0.17364120270137803
NGC1705,5.73,3.78,71.40,4.60,13.46,24.88,0.0,0.03,0.00,,,,,,,,,0.7735881407572739,0.2264118592427261,0.0,NGC1705,0.7735881407572739,0.2264118592427261,0.1751495292369781
NGC1705,5.73,4.22,71.50,5.68,13.36,23.42,0.0,0.01,0.00,,,,,,,,,0.7544800037414752,0.2455199962585249,0.0,NGC1705,0.7544800037414752,0.2455199962585249,0.18523992769573883
NGC1705,5.73,4.66,71.50,6.20,13.36,22.2,0.0,0.00,0.00,,,,,,,,,0.7341252344600923,0.26587476553990763,0.0,NGC1705,0.7341252344600923,0.26587476553990763,0.19518537458900675
NGC1705,5.73,5.11,71.30,6.43,13.46,21.14,0.0,0.00,0.00,,,,,,,,,0.7115428951367296,0.28845710486327025,0.0,NGC1705,0.7115428951367296,0.28845710486327025,0.20524960351717053
NGC1705,5.73,5.56,71.80,9.68,13.46,20.22,0.0,0.00,0.00,,,,,,,,,0.6929399003423612,0.30706009965763875,0.0,NGC1705,0.6929399003423612,0.30706009965763875,0.2127741948558797
NGC1705,5.73,6.00,71.50,10.50,14.31,19.44,0.0,0.00,0.00,,,,,,,,,0.6485674965594896,0.35143250344051047,0.0,NGC1705,0.6485674965594896,0.35143250344051047,0.22792769896604612
NGC2366,3.27,0.12,4.20,3.15,-0.46,3.95,0.0,1.70,0.00,,,,,,,,,0.9866195357307719,0.013380464269228093,0.0,NGC2366,0.9866195357307719,0.013380464269228093,0.013201427445168003
NGC2366,3.27,0.36,9.41,1.83,-0.53,11.2,0.0,7.22,0.00,,,,,,,,,0.9977656857372164,0.0022343142627836744,0.0,NGC2366,0.9977656857372164,0.0022343142627836744,0.002229322102558796
NGC2366,3.27,0.59,15.30,1.37,1.73,15.88,0.0,5.13,0.00,,,,,,,,,0.988270832508711,0.011729167491289048,0.0,NGC2366,0.988270832508711,0.011729167491289048,0.011591594121250336
NGC2366,3.27,0.83,18.40,1.64,4.19,19.68,0.0,8.17,0.00,,,,,,,,,0.956636454464955,0.04336354553504497,0.0,NGC2366,0.956636454464955,0.04336354553504497,0.04148314845367505
NGC2366,3.27,1.07,23.40,2.08,6.57,22.21,0.0,7.57,0.00,,,,,,,,,0.919535873866854,0.08046412613314592,0.0,NGC2366,0.919535873866854,0.08046412613314592,0.0739896505387751
NGC2366,3.27,1.31,28.10,2.46,9.69,23.33,0.0,1.56,0.00,,,,,,,,,0.8528700925280286,0.1471299074719713,0.0,NGC2366,0.8528700925280286,0.1471299074719713,0.12548269779926044
NGC2366,3.27,1.54,33.10,2.01,12.94,22.77,0.0,7.62,0.00,,,,,,,,,0.755883405633193,0.24411659436680702,0.0,NGC2366,0.755883405633193,0.24411659436680702,0.18452368272155883
NGC2366,3.27,1.79,37.50,1.62,15.67,22.48,0.0,5.72,0.00,,,,,,,,,0.6729935691776514,0.3270064308223486,0.0,NGC2366,0.6729935691776514,0.3270064308223486,0.22007322502317714
NGC2366,3.27,2.02,40.50,1.68,17.89,22.28,0.0,4.38,0.00,,,,,,,,,0.6079957082517556,0.39200429174824436,0.0,NGC2366,0.6079957082517556,0.39200429174824436,0.23833692699920167
NGC2366,3.27,2.26,42.30,1.69,19.31,22.0,0.0,2.95,0.00,,,,,,,,,0.56484245505272,0.43515754494728,0.0,NGC2366,0.56484245505272,0.43515754494728,0.24579545602273598
NGC2366,3.27,2.49,45.20,1.91,20.12,21.29,0.0,1.90,0.00,,,,,,,,,0.5282315079564398,0.47176849204356014,0.0,NGC2366,0.5282315079564398,0.47176849204356014,0.24920298195850546
NGC2366,3.27,2.74,47.40,1.95,21.03,20.52,0.0,1.32,0.00,,,,,,,,,0.48772748074812067,0.5122725192518793,0.0,NGC2366,0.48772748074812067,0.5122725192518793,0.24984938527121225
NGC2366,3.27,2.97,48.10,1.74,22.14,19.83,0.0,0.93,0.00,,,,,,,,,0.44512691467197785,0.5548730853280222,0.0,NGC2366,0.44512691467197785,0.5548730853280222,0.2469889445065836
NGC2366,3.27,3.21,48.80,1.08,23.15,19.12,0.0,0.64,0.00,,,,,,,,,0.40551930905142336,0.5944806909485767,0.0,NGC2366,0.40551930905142336,0.5944806909485767,0.24107339903787958
NGC2366,3.27,3.44,50.70,1.55,23.96,18.46,0.0,0.45,0.00,,,,,,,,,0.3724877390164892,0.6275122609835108,0.0,NGC2366,0.3724877390164892,0.6275122609835108,0.23374062329887302
NGC2366,3.27,3.69,52.10,2.78,24.56,17.79,0.0,0.31,0.00,,,,,,,,,0.34412501249078886,0.655874987509211,0.0,NGC2366,0.34412501249078886,0.655874987509211,0.22570298826900323
NGC2366,3.27,3.92,53.00,2.98,25.07,17.2,0.0,0.22,0.00,,,,,,,,,0.32005369424335,0.6799463057566499,0.0,NGC2366,0.32005369424335,0.6799463057566499,0.2176193270445342
NGC2366,3.27,4.16,53.70,2.39,25.27,16.63,0.0,0.15,0.00,,,,,,,,,0.30220510795299205,0.6977948920470081,0.0,NGC2366,0.30220510795299205,0.6977948920470081,0.2108771806801125
NGC2366,3.27,4.40,51.20,2.21,25.47,16.1,0.0,0.10,0.00,,,,,,,,,0.28549529485118313,0.7145047051488169,0.0,NGC2366,0.28549529485118313,0.7145047051488169,0.20398773146901916
NGC2366,3.27,4.64,51.60,1.45,25.68,15.61,0.0,0.07,0.00,,,,,,,,,0.2698070996069799,0.7301929003930201,0.0,NGC2366,0.2698070996069799,0.7301929003930201,0.19701122860864914
NGC2366,3.27,4.87,51.50,1.84,26.18,15.18,0.0,0.05,0.00,,,,,,,,,0.2516118803509143,0.7483881196490857,0.0,NGC2366,0.2516118803509143,0.7483881196490857,0.18830334201719148
NGC2366,3.27,5.11,50.40,2.53,26.59,14.76,0.0,0.03,0.00,,,,,,,,,0.23555083617359418,0.7644491638264057,0.0,NGC2366,0.23555083617359418,0.7644491638264057,0.18006663975151474
NGC2366,3.27,5.35,48.50,4.60,26.69,14.37,0.0,0.02,0.00,,,,,,,,,0.2247333360178396,0.7752666639821604,0.0,NGC2366,0.2247333360178396,0.7752666639821604,0.1742282637001324
NGC2366,3.27,5.59,50.00,5.91,26.59,14.01,0.0,0.02,0.00,,,,,,,,,0.2172902891836917,0.7827097108163084,0.0,NGC2366,0.2172902891836917,0.7827097108163084,0.17007521941015935
NGC2366,3.27,5.82,49.00,7.42,26.28,13.7,0.0,0.01,0.00,,,,,,,,,0.2136900047863646,0.7863099952136354,0.0,NGC2366,0.2136900047863646,0.7863099952136354,0.16802658664076808
NGC2366,3.27,6.06,49.40,5.92,26.18,13.37,0.0,0.00,0.00,,,,,,,,,0.20685881479045345,0.7931411852095466,0.0,NGC2366,0.20685881479045345,0.7931411852095466,0.16406824553394234
NGC2403,3.16,0.16,24.50,2.83,0.0,23.21,,5.79,0.00,,,,,,,,,0.0,0.0,0.0,NGC2403,0.0,0.0,0.0
NGC2403,3.16,0.26,35.30,2.46,0.0,35.33,,6.36,0.00,,,,,,,,,0.0,0.0,0.0,NGC2403,0.0,0.0,0.0
NGC2403,3.16,0.36,43.20,1.12,1.92,46.97,0.0,8.26,0.00,,,,,,,,,0.9983318455366076,0.00166815446339244,0.0,NGC2403,0.9983318455366076,0.00166815446339244,0.0016653717240787038
NGC2403,3.16,0.46,52.00,1.25,2.29,56.68,0.0,9.78,0.00,,,,,,,,,0.9983703177244924,0.0016296822755077008,0.0,NGC2403,0.9983703177244924,0.0016296822755077008,0.001627026411188597
NGC2403,3.16,0.56,60.90,2.93,2.64,63.77,0.0,4.65,0.00,,,,,,,,,0.9982890735611714,0.0017109264388287214,0.0,NGC2403,0.9982890735611714,0.0017109264388287214,0.0017079991695496384
NGC2403,3.16,0.66,65.80,1.25,3.0,67.56,0.0,1.64,0.00,,,,,,,,,0.998032078691663,0.001967921308337059,0.0,NGC2403,0.998032078691663,0.001967921308337059,0.001964048594061252
NGC2403,3.16,0.76,71.70,1.25,3.34,70.83,0.0,9.31,0.00,,,,,,,,,0.9977813243299657,0.0022186756700343442,0.0,NGC2403,0.9977813243299657,0.0022186756700343442,0.002213753148305542
NGC2403,3.16,0.86,74.60,1.60,3.68,72.8,0.0,2.53,0.00,,,,,,,,,0.9974512656947108,0.002548734305289226,0.0,NGC2403,0.9974512656947108,0.002548734305289226,0.002542238258730268
NGC2403,3.16,0.96,74.60,1.03,4.02,74.87,0.0,1.19,0.00,,,,,,,,,0.9971253419330918,0.0028746580669082506,0.0,NGC2403,0.9971253419330918,0.0028746580669082506,0.00286639440790661
NGC2403,3.16,1.06,76.60,1.12,4.37,77.12,0.0,9.63,0.00,,,,,,,,,0.996799361806464,0.003200638193536065,0.0,NGC2403,0.996799361806464,0.003200638193536065,0.0031903941086901433
NGC2403,3.16,1.16,78.50,1.60,4.75,79.47,0.0,5.41,0.00,,,,,,,,,0.9964401474436101,0.003559852556389879,0.0,NGC2403,0.9964401474436101,0.003559852556389879,0.0035471800061666436
NGC2403,3.16,1.27,83.40,1.80,5.15,82.18,0.0,2.26,0.00,,,,,,,,,0.9960881700584163,0.003911829941583684,0.0,NGC2403,0.9960881700584163,0.003911829941583684,0.0038965275280918132
NGC2403,3.16,1.36,86.40,1.60,5.51,85.19,0.0,7.57,0.00,,,,,,,,,0.9958340607008289,0.004165939299171115,0.0,NGC2403,0.9958340607008289,0.004165939299171115,0.004148584248926737
NGC2403,3.16,1.47,87.40,1.41,5.76,87.94,0.0,7.25,0.00,,,,,,,,,0.9957281810010252,0.004271818998974741,0.0,NGC2403,0.9957281810010252,0.004271818998974741,0.004253570561414739
NGC2403,3.16,1.57,90.30,1.41,5.98,90.77,0.0,6.72,0.00,,,,,,,,,0.9956784771220402,0.004321522877959928,0.0,NGC2403,0.9956784771220402,0.004321522877959928,0.004302847317975198
NGC2403,3.16,1.67,93.30,1.60,6.21,93.98,0.0,1.01,0.00,,,,,,,,,0.995652694183487,0.0043473058165130335,0.0,NGC2403,0.995652694183487,0.0043473058165130335,0.0043284067486507455
NGC2403,3.16,1.77,93.30,1.41,6.42,96.86,0.0,2.38,0.00,,,,,,,,,0.9956260142654055,0.004373985734594521,0.0,NGC2403,0.9956260142654055,0.004373985734594521,0.004354853983388085
NGC2403,3.16,1.87,95.20,1.25,6.61,99.21,0.0,1.06,0.00,,,,,,,,,0.9955805479901604,0.004419452009839621,0.0,NGC2403,0.9955805479901604,0.004419452009839621,0.004399920453772346
NGC2403,3.16,1.97,97.20,1.60,6.81,1.42,0.0,4.50,0.00,,,,,,,,,0.041667613783127555,0.9583323862168724,0.0,NGC2403,0.041667613783127555,0.9583323862168724,0.039931423744747674
NGC2403,3.16,2.08,99.10,2.02,7.01,3.79,0.0,3.15,0.00,,,,,,,,,0.22619133852564083,0.7738086614743591,0.0,NGC2403,0.22619133852564083,0.7738086614743591,0.17502881690161975
NGC2403,3.16,2.18,98.20,2.02,7.27,6.07,0.0,7.77,0.00,,,,,,,,,0.41076704222400107,0.5892329577759988,0.0,NGC2403,0.41076704222400107,0.5892329577759988,0.24203747924654676
NGC2403,3.16,2.28,98.20,1.60,7.54,6.73,0.0,3.26,0.00,,,,,,,,,0.44341986107915754,0.5565801389208426,0.0,NGC2403,0.44341986107915754,0.5565801389208426,0.24679868787969822
NGC2403,3.16,2.37,98.20,1.00,7.81,6.19,0.0,5.45,0.00,,,,,,,,,0.3858146330460911,0.6141853669539089,0.0,NGC2403,0.3858146330460911,0.6141853669539089,0.23696170197360117
NGC2403,3.16,2.47,97.20,1.12,8.25,5.57,0.0,5.50,0.00,,,,,,,,,0.31310640908934945,0.6868935909106506,0.0,NGC2403,0.31310640908934945,0.6868935909106506,0.2150707856765224
NGC2403,3.16,2.57,98.20,1.41,8.77,5.08,0.0,8.64,0.00,,,,,,,,,0.25123224165273716,0.7487677583472628,0.0,NGC2403,0.25123224165273716,0.7487677583472628,0.18811460240687783
NGC2403,3.16,2.68,98.20,1.12,9.31,4.39,0.0,9.02,0.00,,,,,,,,,0.1819011554703147,0.8180988445296853,0.0,NGC2403,0.1819011554703147,0.8180988445296853,0.14881312510887912
NGC2403,3.16,2.78,98.20,1.60,9.95,3.8,0.0,1.66,0.00,,,,,,,,,0.12728915529894,0.87271084470106,0.0,NGC2403,0.12728915529894,0.87271084470106,0.11108662624222233
NGC2403,3.16,2.88,99.10,2.69,10.97,3.16,0.0,6.76,0.00,,,,,,,,,0.07661987393200922,0.9233801260679908,0.0,NGC2403,0.07661987393200922,0.9233801260679908,0.07074926885065223
NGC2403,3.16,2.98,100.00,2.69,11.96,2.68,0.0,3.79,0.00,,,,,,,,,0.04781126850569816,0.9521887314943018,0.0,NGC2403,0.04781126850569816,0.9521887314943018,0.045525351109574196
NGC2403,3.16,3.08,102.00,3.16,13.06,2.46,0.0,1.80,0.00,,,,,,,,,0.03426432153064968,0.9657356784693503,0.0,NGC2403,0.03426432153064968,0.9657356784693503,0.03309027780069393
NGC2403,3.16,3.19,101.00,3.40,14.06,2.29,0.0,8.36,0.00,,,,,,,,,0.02584220882609915,0.9741577911739009,0.0,NGC2403,0.02584220882609915,0.9741577911739009,0.025174389069087432
NGC2403,3.16,3.29,101.00,3.40,15.05,2.51,0.0,5.36,0.00,,,,,,,,,0.027061982984726108,0.9729380170152739,0.0,NGC2403,0.027061982984726108,0.9729380170152739,0.026329632061660505
NGC2403,3.16,3.39,103.00,2.93,16.15,2.82,0.0,1.99,0.00,,,,,,,,,0.029587584257309743,0.9704124157426902,0.0,NGC2403,0.029587584257309743,0.9704124157426902,0.02871215911512634
NGC2403,3.16,3.49,107.00,2.46,17.15,3.06,0.0,7.49,0.00,,,,,,,,,0.030853472366609215,0.9691465276333907,0.0,NGC2403,0.030853472366609215,0.9691465276333907,0.029901535609532095
NGC2403,3.16,3.59,110.00,2.46,18.14,2.95,0.0,2.39,0.00,,,,,,,,,0.025765176140247825,0.9742348238597522,0.0,NGC2403,0.025765176140247825,0.9742348238597522,0.025101331838709832
NGC2403,3.16,3.69,112.00,3.40,19.24,3.12,0.0,6.77,0.00,,,,,,,,,0.02562277580071175,0.9743772241992883,0.0,NGC2403,0.02562277580071175,0.9743772241992883,0.024966249160978213
NGC2403,3.16,3.79,114.00,5.10,20.24,2.93,0.0,2.43,0.00,,,,,,,,,0.0205261301756756,0.9794738698243244,0.0,NGC2403,0.0205261301756756,0.9794738698243244,0.02010480815568682
NGC2403,3.16,3.90,118.00,5.10,21.03,2.5,0.0,7.97,0.00,,,,,,,,,0.01393500135671173,0.9860649986432882,0.0,NGC2403,0.01393500135671173,0.9860649986432882,0.013740817093900171
NGC2403,3.16,3.99,118.00,4.85,21.83,1.99,0.0,4.58,0.00,,,,,,,,,0.008241468942309094,0.9917585310576909,0.0,NGC2403,0.008241468942309094,0.9917585310576909,0.008173547131982048
NGC2403,3.16,4.47,118.00,5.36,25.72,99.49,0.0,1.94,0.00,,,,,,,,,0.9373548981164709,0.06264510188352908,0.0,NGC2403,0.9373548981164709,0.06264510188352908,0.05872069309353134
NGC2403,3.16,4.97,121.00,2.57,27.81,97.06,0.0,4.17,0.00,,,,,,,,,0.924132520300073,0.07586747969992699,0.0,NGC2403,0.924132520300073,0.07586747969992699,0.07011160522390816
NGC2403,3.16,5.47,124.00,0.22,29.41,94.4,0.0,5.97,0.00,,,,,,,,,0.9115261005327768,0.08847389946722321,0.0,NGC2403,0.9115261005327768,0.08847389946722321,0.0806462685802869
NGC2403,3.16,5.96,125.00,0.88,30.7,91.13,0.0,1.31,0.00,,,,,,,,,0.89807797240039,0.10192202759961001,0.0,NGC2403,0.89807797240039,0.10192202759961001,0.09153392788959434
NGC2403,3.16,6.46,126.00,0.45,31.7,87.9,0.0,7.90,0.00,,,,,,,,,0.8849094636537514,0.11509053634624854,0.0,NGC2403,0.8849094636537514,0.11509053634624854,0.10184470478978137
NGC2403,3.16,6.96,126.00,0.55,33.29,84.95,0.0,5.51,0.00,,,,,,,,,0.8668756160712834,0.13312438392871664,0.0,NGC2403,0.8668756160712834,0.13312438392871664,0.1154022823323163
NGC2403,3.16,7.45,126.00,0.45,34.99,81.98,0.0,3.88,0.00,,,,,,,,,0.84590346871981,0.15409653128018988,0.0,NGC2403,0.84590346871981,0.15409653128018988,0.13035079032760333
NGC2403,3.16,7.95,126.00,0.24,36.58,79.11,0.0,2.71,0.00,,,,,,,,,0.8238532974808032,0.17614670251919687,0.0,NGC2403,0.8238532974808032,0.17614670251919687,0.14511904171081044
NGC2403,3.16,8.45,127.00,1.45,38.38,76.42,0.0,1.90,0.00,,,,,,,,,0.7985756622607657,0.2014243377392343,0.0,NGC2403,0.7985756622607657,0.2014243377392343,0.16085257390554517
NGC2403,3.16,8.94,128.00,1.12,39.97,74.09,0.0,1.34,0.00,,,,,,,,,0.7745707767073722,0.22542922329262785,0.0,NGC2403,0.7745707767073722,0.22542922329262785,0.1746108885783104
NGC2403,3.16,9.44,128.00,1.68,41.47,71.75,0.0,0.93,0.00,,,,,,,,,0.749591566376037,0.25040843362396303,0.0,NGC2403,0.749591566376037,0.25040843362396303,0.18770404999395635
NGC2403,3.16,9.94,127.00,2.56,42.57,69.58,0.0,0.65,0.00,,,,,,,,,0.727634664958554,0.272365335041446,0.0,NGC2403,0.727634664958554,0.272365335041446,0.19818245930920686
NGC2403,3.16,10.43,127.00,1.24,43.96,67.61,0.0,0.46,0.00,,,,,,,,,0.7028594206307814,0.29714057936921856,0.0,NGC2403,0.7028594206307814,0.29714057936921856,0.2088480554613437
NGC2403,3.16,10.93,128.00,0.21,45.06,65.75,0.0,0.32,0.00,,,,,,,,,0.6804258387402115,0.3195741612597886,0.0,NGC2403,0.6804258387402115,0.3195741612597886,0.21744651671489126
NGC2403,3.16,11.43,130.00,1.13,45.76,64.12,0.0,0.22,0.00,,,,,,,,,0.6625529704036129,0.337447029596387,0.0,NGC2403,0.6625529704036129,0.337447029596387,0.2235765318129621
NGC2403,3.16,11.92,130.00,2.23,46.15,62.55,0.0,0.16,0.00,,,,,,,,,0.6475160637668448,0.3524839362331553,0.0,NGC2403,0.6475160637668448,0.3524839362331553,0.22823901093073626
NGC2403,3.16,12.42,132.00,2.68,46.65,61.06,0.0,0.11,0.00,,,,,,,,,0.6314327192737136,0.3685672807262865,0.0,NGC2403,0.6314327192737136,0.3685672807262865,0.23272544030431724
NGC2403,3.16,12.92,133.00,2.68,46.95,59.67,0.0,0.08,0.00,,,,,,,,,0.6176279938663735,0.3823720061336265,0.0,NGC2403,0.6176279938663735,0.3823720061336265,0.23616365505897238
NGC2403,3.16,13.42,133.00,3.37,46.75,58.37,0.0,0.05,0.00,,,,,,,,,0.6092059295148888,0.39079407048511117,0.0,NGC2403,0.6092059295148888,0.39079407048511117,0.23807406495878913
NGC2403,3.16,13.91,133.00,3.81,46.25,57.26,0.0,0.04,0.00,,,,,,,,,0.6051765836280133,0.3948234163719867,0.0,NGC2403,0.6051765836280133,0.3948234163719867,0.23893788625633952
NGC2403,3.16,14.41,133.00,2.56,45.95,56.12,0.0,0.03,0.00,,,,,,,,,0.5986580627197824,0.40134193728021766,0.0,NGC2403,0.5986580627197824,0.40134193728021766,0.2402665866603795
NGC2403,3.16,14.91,134.00,0.56,45.66,55.05,0.0,0.02,0.00,,,,,,,,,0.5924344472948915,0.40756555270510864,0.0,NGC2403,0.5924344472948915,0.40756555270510864,0.241455872953288
NGC2403,3.16,15.40,134.00,0.79,45.26,54.06,0.0,0.01,0.00,,,,,,,,,0.5879123496525173,0.41208765034748285,0.0,NGC2403,0.5879123496525173,0.41208765034748285,0.2422714187785736
NGC2403,3.16,15.90,133.00,0.67,44.76,53.11,0.0,0.01,0.00,,,,,,,,,0.5847007181419687,0.4152992818580313,0.0,NGC2403,0.5847007181419687,0.4152992818580313,0.24282578834623475
NGC2403,3.16,16.40,134.00,2.35,44.16,52.26,0.0,0.01,0.00,,,,,,,,,0.5834187599060859,0.4165812400939141,0.0,NGC2403,0.5834187599060859,0.4165812400939141,0.24304131049573083
NGC2403,3.16,16.89,134.00,4.13,43.36,51.43,0.0,0.00,0.00,,,,,,,,,0.5845229351746339,0.41547706482536595,0.0,NGC2403,0.5845229351746339,0.41547706482536595,0.24285587342946457
NGC2403,3.16,17.39,136.00,3.91,42.67,50.61,0.0,0.00,0.00,,,,,,,,,0.5845077737824846,0.41549222621751525,0.0,NGC2403,0.5845077737824846,0.41549222621751525,0.24285843617032835
NGC2403,3.16,17.89,136.00,6.38,41.87,49.84,0.0,0.00,0.00,,,,,,,,,0.5862529582281372,0.4137470417718628,0.0,NGC2403,0.5862529582281372,0.4137470417718628,0.2425604271968952
NGC2403,3.16,18.38,135.00,8.39,41.07,49.16,0.0,0.00,0.00,,,,,,,,,0.588944742966925,0.41105525703307494,0.0,NGC2403,0.588944742966925,0.41105525703307494,0.2420888326985476
NGC2403,3.16,18.88,133.00,7.83,40.27,48.46,0.0,0.00,0.00,,,,,,,,,0.5915227398584575,0.40847726014154256,0.0,NGC2403,0.5915227398584575,0.40847726014154256,0.24162358808880116
NGC2403,3.16,19.38,134.00,6.26,39.87,47.78,0.0,0.00,0.00,,,,,,,,,0.5895162543353594,0.41048374566464074,0.0,NGC2403,0.5895162543353594,0.41048374566464074,0.24198684020976732
NGC2403,3.16,19.87,136.00,5.60,39.87,47.15,0.0,0.00,0.00,,,,,,,,,0.5830774849180619,0.41692251508193817,0.0,NGC2403,0.5830774849180619,0.41692251508193817,0.24309813149968923
NGC2403,3.16,20.37,135.00,5.24,39.87,46.52,0.0,0.00,0.00,,,,,,,,,0.5765230734795254,0.42347692652047464,0.0,NGC2403,0.5765230734795254,0.42347692652047464,0.24414421922524715
NGC2403,3.16,20.87,134.00,3.12,39.87,45.97,0.0,0.00,0.00,,,,,,,,,0.5707053886865436,0.4292946113134563,0.0,NGC2403,0.5707053886865436,0.4292946113134563,0.24500074801068475
NGC2683,9.81,2.89,189.00,10.00,7.68,3.92,9.57,5.39,0.00,,,,,,,,,0.09260566117672299,0.3554576315721279,0.5519367072511492,NGC2683,0.09260566117672299,0.3554576315721279,0.03291738899204891
NGC2683,9.81,5.77,212.00,5.00,21.36,29.24,3.44,9.71,0.00,,,,,,,,,0.6462118747679624,0.3448440162387096,0.008944108993328198,NGC2683,0.6462118747679624,0.3448440162387096,0.2228422982361302
NGC2683,9.81,8.66,206.00,5.00,17.89,97.87,1.78,6.22,0.00,,,,,,,,,0.9673572592275386,0.03232275717035846,0.00031998360210279436,NGC2683,0.9673572592275386,0.03232275717035846,0.031267653786995225
NGC2683,9.81,11.54,200.00,5.00,24.41,85.0,4.86,6.10,0.00,,,,,,,,,0.9210312638549075,0.07595774790429694,0.0030109882407954847,NGC2683,0.9210312638549075,0.07595774790429694,0.06995946055186705
NGC2683,9.81,14.43,172.00,12.00,25.8,59.52,0.12,2.72,0.00,,,,,,,,,0.8418228728245769,0.1581737053537821,3.4218216409687856e-06,NGC2683,0.8418228728245769,0.1581737053537821,0.13315424304622903
NGC2683,9.81,17.31,190.00,10.00,25.8,43.29,6.63,0.92,0.00,,,,,,,,,0.7253479128711215,0.25763840749088196,0.017013679637996437,NGC2683,0.7253479128711215,0.25763840749088196,0.18687748114895075
NGC2683,9.81,20.20,169.00,10.00,23.72,30.86,3.91,0.25,0.00,,,,,,,,,0.6223359453627052,0.36767356997583617,0.009990484661458554,NGC2683,0.6223359453627052,0.36767356997583617,0.22881647875579275
NGC2683,9.81,23.08,150.00,10.00,20.53,21.26,1.72,0.07,0.00,,,,,,,,,0.5157162565411901,0.4809082194989679,0.0033755239598419443,NGC2683,0.5157162565411901,0.4809082194989679,0.2480121866998967
NGC2683,9.81,28.85,160.00,10.00,17.48,7.36,8.37,0.00,0.00,,,,,,,,,0.12604120882253095,0.7109511935145887,0.1630075976628804,NGC2683,0.12604120882253095,0.7109511935145887,0.08960914784439988
NGC2683,9.81,31.74,155.00,10.00,16.5,2.03,7.05,0.00,0.00,,,,,,,,,0.012637952068460656,0.8349347110190528,0.15242733691248658,NGC2683,0.012637952068460656,0.8349347110190528,0.010551864858152838
NGC2683,9.81,34.62,151.00,12.00,15.67,97.49,5.9,0.00,0.00,,,,,,,,,0.971347095488969,0.025095294583081542,0.0035576099279494575,NGC2683,0.971347095488969,0.025095294583081542,0.024376241503716315
NGC2841,14.1,3.44,285.00,14.40,-0.57,63.4,9.5,0.42,13.23,,,,,,,,,0.9779630347412684,7.904850033024462e-05,0.021957916758401287,NGC2841,0.9779630347412684,7.904850033024462e-05,7.730651127471219e-05
NGC2841,14.1,3.77,297.00,13.60,-0.57,71.13,9.25,7.66,5.28,,,,,,,,,0.9833078097113552,6.314421701880274e-05,0.016629046071626068,NGC2841,0.9833078097113552,6.314421701880274e-05,6.20902017326974e-05
NGC2841,14.1,4.13,303.00,8.47,-0.43,80.88,9.24,7.23,1.94,,,,,,,,,0.987089070092999,2.790043465074639e-05,0.01288302947235027,NGC2841,0.987089070092999,2.790043465074639e-05,2.7540214094595738e-05
NGC2841,14.1,4.47,306.00,5.93,-0.1,88.37,0.91,5.98,0.76,,,,,,,,,0.9998926901657407,1.2803941565371485e-06,0.00010602944010284125,NGC2841,0.9998926901657407,1.2803941565371485e-06,1.280256757652424e-06
NGC2841,14.1,4.80,307.00,5.93,-0.19,94.64,3.54,8.69,0.30,,,,,,,,,0.9985988088498304,4.024841500125099e-06,0.0013971663086694652,NGC2841,0.9985988088498304,4.024841500125099e-06,4.019201927834289e-06
NGC2841,14.1,5.13,304.00,8.47,-0.28,0.57,6.88,3.05,0.12,,,,,,,,,0.006805941635227504,0.001642307861501497,0.9915517505032709,NGC2841,0.006805941635227504,0.001642307861501497,1.1177451452454484e-05
NGC2841,14.1,5.48,308.00,8.47,-0.38,6.64,0.44,3.91,0.05,,,,,,,,,0.992392116612196,0.0032502318378665514,0.004357651549937426,NGC2841,0.992392116612196,0.0032502318378665514,0.003225504453060735
NGC2841,14.1,5.83,313.00,12.70,-0.48,11.29,4.57,2.60,0.02,,,,,,,,,0.8578854134557011,0.0015506860304995175,0.14056390051379938,NGC2841,0.8578854134557011,0.0015506860304995175,0.0013303109264150585
NGC2841,14.1,6.16,314.00,9.32,-0.53,15.14,9.57,0.73,0.01,,,,,,,,,0.7138898249499976,0.000874845134658879,0.28523532991534334,NGC2841,0.7138898249499976,0.000874845134658879,0.0006245430400399842
NGC2841,14.1,6.51,315.00,6.78,3.83,21.84,4.68,9.32,0.00,,,,,,,,,0.928788221908809,0.028563339330072293,0.042648438761118776,NGC2841,0.928788221908809,0.028563339330072293,0.0265292931481558
NGC2841,14.1,6.86,317.00,8.47,8.02,27.72,0.15,0.88,0.00,,,,,,,,,0.9227336268778791,0.07723935392660361,2.7019195517263285e-05,NGC2841,0.9227336268778791,0.07723935392660361,0.0712713491863991
NGC2841,14.1,7.18,320.00,7.63,12.15,31.73,6.32,6.70,0.00,,,,,,,,,0.8429575291424396,0.12359989611153376,0.0334425747460267,NGC2841,0.8429575291424396,0.12359989611153376,0.10418946302844072
NGC2841,14.1,7.51,316.00,20.50,16.24,35.48,2.63,9.76,0.00,,,,,,,,,0.8230420581465041,0.17243556964831755,0.004522372205178358,NGC2841,0.8230420581465041,0.17243556964831755,0.14192172614101614
NGC2841,14.1,7.85,318.00,23.40,20.27,39.96,9.08,1.28,0.00,,,,,,,,,0.7639757106873579,0.1965785328494634,0.03944575646317876,NGC2841,0.7639757106873579,0.1965785328494634,0.15018122433954692
NGC2841,14.1,8.21,321.00,8.48,24.66,43.42,5.54,4.54,0.00,,,,,,,,,0.7469172026061054,0.240923391575528,0.012159405818366567,NGC2841,0.7469172026061054,0.240923391575528,0.17994982567796872
NGC2841,14.1,8.57,323.00,8.66,27.1,45.15,2.23,7.05,0.00,,,,,,,,,0.7338343847130286,0.26437545353416286,0.0017901617528084288,NGC2841,0.7338343847130286,0.26437545353416286,0.1940077982774703
NGC2841,14.1,8.90,321.00,12.70,29.42,45.8,9.38,7.67,0.00,,,,,,,,,0.6874891680569573,0.283674462519314,0.028836369423728837,NGC2841,0.6874891680569573,0.283674462519314,0.1950231202364077
NGC2841,14.1,9.24,323.00,11.00,31.74,45.24,6.61,0.42,0.00,,,,,,,,,0.6606858407800974,0.32520982060266235,0.014104338617240175,NGC2841,0.6606858407800974,0.32520982060266235,0.21486152375481463
NGC2841,14.1,9.60,323.00,10.40,34.31,44.14,3.83,6.11,0.00,,,,,,,,,0.6204538421085181,0.37487480831540926,0.004671349576072694,NGC2841,0.6204538421085181,0.37487480831540926,0.2325925151289899
NGC2841,14.1,9.93,322.00,13.60,36.63,43.64,1.42,6.37,0.00,,,,,,,,,0.586305083927584,0.41307414586603647,0.0006207702063796176,NGC2841,0.586305083927584,0.41307414586603647,0.24218747176030156
NGC2841,14.1,10.27,321.00,13.60,38.95,43.6,9.06,8.70,0.00,,,,,,,,,0.5431087576601445,0.43343976412870316,0.02345147821115239,NGC2841,0.5431087576601445,0.43343976412870316,0.23540493181644606
NGC2841,14.1,10.60,323.00,9.32,41.02,43.38,6.88,8.16,0.00,,,,,,,,,0.5210213236660554,0.46587318586260273,0.013105490471341814,NGC2841,0.5210213236660554,0.46587318586260273,0.2427298639586555
NGC2841,14.1,10.93,322.00,11.90,43.22,43.08,4.8,7.33,0.00,,,,,,,,,0.49531318573449135,0.49853772248956657,0.006149091775942041,NGC2841,0.49531318573449135,0.49853772248956657,0.246932307535125
NGC2841,14.1,11.27,321.00,11.00,45.42,42.44,2.75,6.07,0.00,,,,,,,,,0.46521091228190253,0.5328358075957736,0.001953280122323764,NGC2841,0.46521091228190253,0.5328358075957736,0.24788103214809415
NGC2841,14.1,12.31,323.00,4.24,52.25,37.3,7.02,0.76,0.00,,,,,,,,,0.3335920550571593,0.6545918965920017,0.011816048350839029,NGC2841,0.3335920550571593,0.6545918965920017,0.21836665600788935
NGC2841,14.1,14.35,319.00,4.24,56.77,22.06,7.64,0.36,0.00,,,,,,,,,0.12915697379465682,0.8553515229828522,0.01549150322249096,NGC2841,0.12915697379465682,0.8553515229828522,0.11047461423911605
NGC2841,14.1,16.40,308.00,4.24,51.89,7.98,0.04,9.68,0.00,,,,,,,,,0.023103965632196247,0.9768954538698009,5.804980027059189e-07,NGC2841,0.023103965632196247,0.9768954538698009,0.022570158992456634
NGC2841,14.1,18.48,299.00,5.66,48.35,96.87,3.67,1.59,0.00,,,,,,,,,0.799642629383789,0.19920961489156322,0.0011477557246478037,NGC2841,0.799642629383789,0.19920961489156322,0.15929650025042164
NGC2841,14.1,20.57,299.00,5.66,54.45,85.72,8.26,7.00,0.00,,,,,,,,,0.7078272664583587,0.2856003475982951,0.00657238594334612,NGC2841,0.7078272664583587,0.2856003475982951,0.2021557133400583
NGC2841,14.1,22.51,298.00,5.66,63.61,76.98,3.93,4.66,0.00,,,,,,,,,0.5933279208871596,0.40512567116491893,0.001546407947921489,NGC2841,0.5933279208871596,0.40512567116491893,0.24037237217029644
NGC2841,14.1,24.59,296.00,5.66,66.17,68.93,9.87,3.04,0.00,,,,,,,,,0.5149264231574919,0.47451603220454863,0.010557544637959467,NGC2841,0.5149264231574919,0.47451603220454863,0.24434084319397348
NGC2841,14.1,26.68,293.00,4.24,61.9,61.21,6.28,1.15,0.00,,,,,,,,,0.49183584967272004,0.5029869531043604,0.00517719722291961,NGC2841,0.49183584967272004,0.5029869531043604,0.24738701545437566
NGC2841,14.1,28.77,289.00,4.24,58.85,53.59,3.08,0.69,0.00,,,,,,,,,0.45264385359931303,0.5458609764973804,0.0014951699033066512,NGC2841,0.45264385359931303,0.5458609764973804,0.2470806159312583
NGC2841,14.1,30.70,289.00,4.24,57.01,47.56,0.43,0.41,0.00,,,,,,,,,0.410348199744476,0.5896182569582024,3.354329732172826e-05,NGC2841,0.410348199744476,0.5896182569582024,0.2419487902792742
NGC2841,14.1,32.79,288.00,4.24,57.38,41.95,7.82,0.23,0.00,,,,,,,,,0.3441537641945381,0.6438870366058187,0.011959199199643182,NGC2841,0.3441537641945381,0.6438870366058187,0.22159614736395883
NGC2841,14.1,34.88,285.00,4.24,60.43,36.82,5.46,0.13,0.00,,,,,,,,,0.2691342593661469,0.7249475806417193,0.005918159992133895,NGC2841,0.2691342593661469,0.7249475806417193,0.19510823019528914
NGC2841,14.1,36.96,283.00,2.83,64.09,32.38,3.3,0.07,0.00,,,,,,,,,0.2029201167241562,0.7949722293859014,0.002107653889942339,NGC2841,0.2029201167241562,0.7949722293859014,0.16131585757944977
NGC2841,14.1,38.90,275.00,2.83,66.9,28.66,1.45,0.04,0.00,,,,,,,,,0.15500638682951193,0.8445968482884885,0.0003967648819996708,NGC2841,0.15500638682951193,0.8445968482884885,0.13091790578079204
NGC2841,14.1,40.99,272.00,2.83,68.61,24.87,9.61,0.02,0.00,,,,,,,,,0.11415539744362756,0.8687998125429489,0.017044790013423457,NGC2841,0.11415539744362756,0.8687998125429489,0.09917818789978945
NGC2841,14.1,43.08,271.00,2.83,68.98,21.52,7.9,0.01,0.00,,,,,,,,,0.08764787384016323,0.9005404635274179,0.01181166263241894,NGC2841,0.08764787384016323,0.9005404635274179,0.07893045693521324
NGC2841,14.1,45.16,274.00,4.24,67.76,18.47,6.31,0.01,0.00,,,,,,,,,0.06860724049229916,0.9233852976402863,0.008007461867414412,NGC2841,0.06860724049229916,0.9233852976402863,0.06335091718226037
NGC2841,14.1,47.10,277.00,4.24,65.19,15.75,4.93,0.00,0.00,,,,,,,,,0.05485555560592543,0.9397697553804331,0.005374689013641549,NGC2841,0.05485555560592543,0.9397697553804331,0.051551592073038284
NGC2841,14.1,49.19,281.00,4.24,62.26,13.11,3.54,0.00,0.00,,,,,,,,,0.04232561423413676,0.9545883254492877,0.003086060316575572,NGC2841,0.04232561423413676,0.9545883254492877,0.04040353721537715
NGC2841,14.1,51.27,286.00,4.24,60.55,10.59,2.24,0.00,0.00,,,,,,,,,0.029641612951841385,0.9690321964381781,0.0013261906099805466,NGC2841,0.029641612951841385,0.9690321964381781,0.028723677304693204
NGC2841,14.1,53.36,282.00,4.24,60.55,8.3,1.01,0.00,0.00,,,,,,,,,0.018438458239769338,0.9812885112587009,0.00027303050152981123,NGC2841,0.018438458239769338,0.9812885112587009,0.01809344723600898
NGC2841,14.1,55.30,283.00,4.24,62.39,6.31,9.93,0.00,0.00,,,,,,,,,0.009877638505089553,0.96566030827949,0.02446205321542052,NGC2841,0.009877638505089553,0.96566030827949,0.009538443443898138
NGC2841,14.1,57.38,288.00,5.66,64.95,4.23,8.83,0.00,0.00,,,,,,,,,0.004147285383387769,0.977780782211646,0.018071932404966358,NGC2841,0.004147285383387769,0.977780782211646,0.004055135946223819
NGC2841,14.1,59.47,287.00,5.66,67.27,2.32,7.79,0.00,0.00,,,,,,,,,0.001172299187026718,0.9856105632729448,0.013217137540028253,NGC2841,0.001172299187026718,0.9856105632729448,0.0011554304620498188
NGC2841,14.1,61.56,289.00,7.07,68.49,0.51,6.8,0.00,0.00,,,,,,,,,5.4903763054525374e-05,0.9901844272494743,0.009760668987471176,NGC2841,5.4903763054525374e-05,0.9901844272494743,5.4364851173986054e-05
NGC2841,14.1,63.64,294.00,7.07,68.73,98.76,5.86,0.00,0.00,,,,,,,,,0.6721158964109908,0.3255177630894971,0.002366340499512183,NGC2841,0.6721158964109908,0.3255177630894971,0.21878566313659786
NGC2903,6.6,0.32,44.00,8.00,0.01,97.82,,3.57,0.00,,,,,,,,,0.0,0.0,0.0,NGC2903,0.0,0.0,0.0
NGC2903,6.6,0.64,64.00,8.00,0.03,4.19,,2.08,0.00,,,,,,,,,0.0,0.0,0.0,NGC2903,0.0,0.0,0.0
NGC2903,6.6,0.96,128.00,8.00,0.08,9.11,,1.81,0.00,,,,,,,,,0.0,0.0,0.0,NGC2903,0.0,0.0,0.0
NGC2903,6.6,1.28,148.00,8.00,0.07,19.11,,5.47,0.00,,,,,,,,,0.0,0.0,0.0,NGC2903,0.0,0.0,0.0
NGC2903,6.6,1.60,157.00,8.00,1.76,25.96,,5.63,0.00,,,,,,,,,0.0,0.0,0.0,NGC2903,0.0,0.0,0.0
NGC2903,6.6,1.92,189.00,8.00,5.17,32.02,,4.21,0.00,,,,,,,,,0.0,0.0,0.0,NGC2903,0.0,0.0,0.0
NGC2903,6.6,2.24,195.00,6.00,8.23,51.26,,3.06,0.00,,,,,,,,,0.0,0.0,0.0,NGC2903,0.0,0.0,0.0
NGC2903,6.6,2.56,201.00,6.00,11.05,78.7,,1.30,0.00,,,,,,,,,0.0,0.0,0.0,NGC2903,0.0,0.0,0.0
NGC2903,6.6,2.88,214.00,4.00,13.64,91.79,,9.96,0.00,,,,,,,,,0.0,0.0,0.0,NGC2903,0.0,0.0,0.0
NGC2903,6.6,3.20,215.00,4.00,16.01,0.53,0.0,6.79,0.00,,,,,,,,,0.001094695655901575,0.9989053043440985,0.0,NGC2903,0.001094695655901575,0.9989053043440985,0.0010934972973225252
NGC2903,6.6,3.52,215.00,4.00,18.18,98.29,0.0,6.79,0.00,,,,,,,,,0.9669204323122106,0.033079567687789434,0.0,NGC2903,0.9669204323122106,0.033079567687789434,0.031985309889378394
NGC2903,6.6,3.84,216.00,3.00,20.14,89.57,0.0,5.53,0.00,,,,,,,,,0.9518746875520746,0.04812531244792536,0.0,NGC2903,0.9518746875520746,0.04812531244792536,0.045809266749714916
NGC2903,6.6,4.80,214.00,2.00,24.78,74.65,0.0,5.17,0.00,,,,,,,,,0.9007465549848466,0.09925344501515347,0.0,NGC2903,0.9007465549848466,0.09925344501515347,0.08940219866777738
NGC2903,6.6,5.76,210.00,2.00,25.77,55.87,0.0,3.13,0.00,,,,,,,,,0.8245716117642937,0.17542838823570622,0.0,NGC2903,0.8245716117642937,0.17542838823570622,0.14465326883672855
NGC2903,6.6,6.72,205.00,2.00,24.89,36.77,0.0,0.66,0.00,,,,,,,,,0.6857732894760201,0.31422671052397994,0.0,NGC2903,0.6857732894760201,0.31422671052397994,0.21548828491725888
NGC2903,6.6,7.68,203.00,1.00,25.19,21.37,0.0,2.24,0.00,,,,,,,,,0.41850390345422933,0.5814960965457705,0.0,NGC2903,0.41850390345422933,0.5814960965457705,0.24335838624780234
NGC2903,6.6,8.64,201.00,1.00,25.4,9.59,0.0,3.57,0.00,,,,,,,,,0.1247654240830054,0.8752345759169947,0.0,NGC2903,0.1247654240830054,0.8752345759169947,0.10919901303639322
NGC2903,6.6,9.60,201.00,1.00,27.64,99.24,0.0,4.07,0.00,,,,,,,,,0.9280126075670128,0.07198739243298725,0.0,NGC2903,0.9280126075670128,0.07198739243298725,0.06680520776368634
NGC2903,6.6,10.56,199.00,1.00,32.7,89.8,0.0,0.06,0.00,,,,,,,,,0.8829244098264268,0.11707559017357308,0.0,NGC2903,0.8829244098264268,0.11707559017357308,0.10336889635908263
NGC2903,6.6,11.52,197.00,1.00,37.22,81.59,0.0,6.57,0.00,,,,,,,,,0.8277438179197592,0.17225618208024074,0.0,NGC2903,0.8277438179197592,0.17225618208024074,0.14258398981537967
NGC2903,6.6,12.48,196.00,2.00,37.86,74.1,0.0,4.46,0.00,,,,,,,,,0.7929895507194084,0.20701044928059162,0.0,NGC2903,0.7929895507194084,0.20701044928059162,0.16415712316923922
NGC2903,6.6,13.44,193.00,3.00,36.33,67.37,0.0,2.89,0.00,,,,,,,,,0.7747120303333271,0.22528796966667275,0.0,NGC2903,0.7747120303333271,0.22528796966667275,0.17453330039014106
NGC2903,6.6,14.40,190.00,3.00,35.33,61.19,0.0,1.89,0.00,,,,,,,,,0.7499794388498576,0.2500205611501425,0.0,NGC2903,0.7499794388498576,0.2500205611501425,0.1875102801523104
NGC2903,6.6,15.36,188.00,5.00,35.01,55.25,0.0,1.25,0.00,,,,,,,,,0.7135051738058341,0.2864948261941658,0.0,NGC2903,0.7135051738058341,0.2864948261941658,0.20441554075814047
NGC2903,6.6,16.32,187.00,5.00,34.43,50.2,0.0,0.83,0.00,,,,,,,,,0.6800874027979593,0.3199125972020406,0.0,NGC2903,0.6800874027979593,0.3199125972020406,0.21756852735348553
NGC2903,6.6,17.28,188.00,3.00,33.18,45.58,0.0,0.55,0.00,,,,,,,,,0.653632174285771,0.34636782571422886,0.0,NGC2903,0.653632174285771,0.34636782571422886,0.22639715502422642
NGC2903,6.6,18.24,186.00,3.00,32.48,41.36,0.0,0.37,0.00,,,,,,,,,0.6185455597338734,0.3814544402661267,0.0,NGC2903,0.6185455597338734,0.3814544402661267,0.2359469502673827
NGC2903,6.6,19.20,185.00,3.00,31.94,37.48,0.0,0.24,0.00,,,,,,,,,0.5792990596779927,0.4207009403220074,0.0,NGC2903,0.5792990596779927,0.4207009403220074,0.2437116591341862
NGC2903,6.6,20.16,185.00,3.00,31.23,33.91,0.0,0.16,0.00,,,,,,,,,0.5410726326592167,0.4589273673407834,0.0,NGC2903,0.5410726326592167,0.4589273673407834,0.24831303884644107
NGC2903,6.6,21.12,181.00,3.00,30.85,30.6,0.0,0.11,0.00,,,,,,,,,0.49593171908536837,0.5040682809146316,0.0,NGC2903,0.49593171908536837,0.5040682809146316,0.24998344909039966
NGC2903,6.6,22.08,178.00,3.00,30.69,27.55,0.0,0.07,0.00,,,,,,,,,0.44624143075231826,0.5537585692476817,0.0,NGC2903,0.44624143075231826,0.5537585692476817,0.24711001623244222
NGC2903,6.6,23.04,177.00,3.00,30.33,24.7,0.0,0.05,0.00,,,,,,,,,0.3987519206713155,0.6012480793286845,0.0,NGC2903,0.3987519206713155,0.6012480793286845,0.2397488264322524
NGC2903,6.6,24.00,182.00,4.00,30.72,22.05,0.0,0.03,0.00,,,,,,,,,0.34002055638182505,0.659979443618175,0.0,NGC2903,0.34002055638182505,0.659979443618175,0.22440657761961919
NGC2903,6.6,24.96,180.00,8.00,30.86,19.57,0.0,0.00,0.00,,,,,,,,,0.2868103595792633,0.7131896404207366,0.0,NGC2903,0.2868103595792633,0.7131896404207366,0.20455017721727697
NGC2915,4.06,0.34,13.50,10.10,4.08,44.78,0.0,9.95,0.00,,,,,,,,,0.9917669307028238,0.008233069297176094,0.0,NGC2915,0.9917669307028238,0.008233069297176094,0.00816528586712399
NGC2915,4.06,0.67,31.30,12.50,7.65,48.88,0.0,1.07,0.00,,,,,,,,,0.9760915710904862,0.023908428909513772,0.0,NGC2915,0.9760915710904862,0.023908428909513772,0.0233368159365925
NGC2915,4.06,1.00,35.30,13.40,10.36,46.82,0.0,6.28,0.00,,,,,,,,,0.9533236324290849,0.04667636757091503,0.0,NGC2915,0.9533236324290849,0.04667636757091503,0.044497684281299854
NGC2915,4.06,1.34,50.50,9.38,11.92,43.88,0.0,6.86,0.00,,,,,,,,,0.9312775834943621,0.068722416505638,0.0,NGC2915,0.9312775834943621,0.068722416505638,0.06399964597526361
NGC2915,4.06,1.68,61.00,10.10,12.33,40.74,0.0,8.72,0.00,,,,,,,,,0.9160884910473229,0.0839115089526771,0.0,NGC2915,0.9160884910473229,0.0839115089526771,0.0768703676179619
NGC2915,4.06,2.01,66.50,11.90,12.44,38.01,0.0,4.56,0.00,,,,,,,,,0.903249593923453,0.09675040607654689,0.0,NGC2915,0.903249593923453,0.09675040607654689,0.08738976500057016
NGC2915,4.06,2.34,74.40,11.60,12.54,35.66,0.0,2.91,0.00,,,,,,,,,0.8899482058485791,0.11005179415142076,0.0,NGC2915,0.8899482058485791,0.11005179415142076,0.09794039675547406
NGC2915,4.06,2.67,83.00,9.17,12.44,33.66,0.0,1.60,0.00,,,,,,,,,0.8798262891563047,0.12017371084369535,0.0,NGC2915,0.8798262891563047,0.12017371084369535,0.10573199006575125
NGC2915,4.06,3.01,86.40,7.66,12.13,31.74,0.0,0.88,0.00,,,,,,,,,0.8725606927980203,0.12743930720197966,0.0,NGC2915,0.8725606927980203,0.12743930720197966,0.1111985301818591
NGC2915,4.06,3.35,83.60,8.18,12.02,29.95,0.0,0.43,0.00,,,,,,,,,0.8612743425744196,0.1387256574255804,0.0,NGC2915,0.8612743425744196,0.1387256574255804,0.11948084939742092
NGC2915,4.06,3.68,79.80,7.93,12.54,28.46,0.0,0.24,0.00,,,,,,,,,0.8374195325339592,0.1625804674660409,0.0,NGC2915,0.8374195325339592,0.1625804674660409,0.13614805906456454
NGC2915,4.06,4.02,82.80,6.95,13.47,27.13,0.0,0.13,0.00,,,,,,,,,0.802239465630667,0.197760534369333,0.0,NGC2915,0.802239465630667,0.197760534369333,0.15865130541528885
NGC2915,4.06,4.35,83.50,7.19,14.61,25.93,0.0,0.07,0.00,,,,,,,,,0.7590336378732854,0.24096636212671463,0.0,NGC2915,0.7590336378732854,0.24096636212671463,0.18290157445013167
NGC2915,4.06,4.68,80.40,7.85,15.44,24.93,0.0,0.04,0.00,,,,,,,,,0.722765419407058,0.27723458059294204,0.0,NGC2915,0.722765419407058,0.27723458059294204,0.20037556791639757
NGC2915,4.06,5.02,80.30,7.57,15.86,24.0,0.0,0.02,0.00,,,,,,,,,0.6960391986075349,0.30396080139246506,0.0,NGC2915,0.6960391986075349,0.30396080139246506,0.21156863260931547
NGC2915,4.06,5.35,82.10,7.92,15.86,23.2,0.0,0.01,0.00,,,,,,,,,0.6815065874074235,0.31849341259257646,0.0,NGC2915,0.6815065874074235,0.31849341259257646,0.2170553587277113
NGC2915,4.06,5.69,82.40,8.33,15.65,22.42,0.0,0.01,0.00,,,,,,,,,0.6723790625979412,0.32762093740205883,0.0,NGC2915,0.6723790625979412,0.32762093740205883,0.2202854587778551
NGC2915,4.06,6.03,80.90,7.88,15.44,21.74,0.0,0.00,0.00,,,,,,,,,0.6647166076060742,0.33528339239392585,0.0,NGC2915,0.6647166076060742,0.33528339239392585,0.2228684391787466
NGC2915,4.06,6.36,79.00,6.15,15.65,21.15,0.0,0.00,0.00,,,,,,,,,0.6461910161864658,0.3538089838135343,0.0,NGC2915,0.6461910161864658,0.3538089838135343,0.22862818678636856
NGC2915,4.06,6.69,81.40,6.11,16.27,20.57,0.0,0.00,0.00,,,,,,,,,0.6151521477883304,0.38484785221166967,0.0,NGC2915,0.6151521477883304,0.38484785221166967,0.23673998285973455
NGC2915,4.06,7.02,79.70,5.59,17.1,20.07,0.0,0.00,0.00,,,,,,,,,0.5793962413636417,0.42060375863635835,0.0,NGC2915,0.5793962413636417,0.42060375863635835,0.24369623685732636
NGC2915,4.06,7.36,77.50,6.33,17.83,19.59,0.0,0.00,0.00,,,,,,,,,0.5469298551897811,0.45307014481021896,0.0,NGC2915,0.5469298551897811,0.45307014481021896,0.24779758869186622
NGC2915,4.06,7.70,79.90,6.41,17.93,19.12,0.0,0.00,0.00,,,,,,,,,0.5320856583995006,0.4679143416004994,0.0,NGC2915,0.5320856583995006,0.4679143416004994,0.24897051052507055
NGC2915,4.06,8.03,81.50,7.86,18.24,18.72,0.0,0.00,0.00,,,,,,,,,0.5129848229342326,0.48701517706576725,0.0,NGC2915,0.5129848229342326,0.48701517706576725,0.24983139437336657
NGC2915,4.06,8.37,82.20,7.82,18.65,18.33,0.0,0.00,0.00,,,,,,,,,0.4913473217907745,0.5086526782092256,0.0,NGC2915,0.4913473217907745,0.5086526782092256,0.24992513115980763
NGC2915,4.06,8.70,82.00,7.09,18.97,17.95,0.0,0.00,0.00,,,,,,,,,0.47239376867311744,0.5276062313268824,0.0,NGC2915,0.47239376867311744,0.5276062313268824,0.24923789599192658
NGC2915,4.06,9.03,84.70,5.74,19.38,17.62,0.0,0.00,0.00,,,,,,,,,0.452539819324806,0.5474601806751939,0.0,NGC2915,0.452539819324806,0.5474601806751939,0.2477475312502779
NGC2915,4.06,9.37,86.10,5.54,19.59,17.3,0.0,0.00,0.00,,,,,,,,,0.43816184889689475,0.5618381511031053,0.0,NGC2915,0.43816184889689475,0.5618381511031053,0.24617604306814955
NGC2915,4.06,9.70,85.30,5.23,19.9,16.98,0.0,0.00,0.00,,,,,,,,,0.42131753901331875,0.5786824609866812,0.0,NGC2915,0.42131753901331875,0.5786824609866812,0.24380907033307936
NGC2915,4.06,10.04,86.50,6.45,19.9,16.69,0.0,0.00,0.00,,,,,,,,,0.41294114839153645,0.5870588516084635,0.0,NGC2915,0.41294114839153645,0.5870588516084635,0.2424207563566155
NGC2955,97.9,0.75,169.00,4.27,0.0,53.73,,1.81,69.43,,,,,,,,,0.0,0.0,0.0,NGC2955,0.0,0.0,0.0
NGC2955,97.9,1.55,203.00,4.92,0.16,99.45,,2.91,05.83,,,,,,,,,0.0,0.0,0.0,NGC2955,0.0,0.0,0.0
NGC2955,97.9,2.30,232.00,5.49,0.0,34.15,1.92,9.07,40.93,,,,,,,,,0.9968489854210015,0.0,0.003151014578998416,NGC2955,0.9968489854210015,0.0,0.0
NGC2955,97.9,3.06,256.00,4.38,1.12,62.98,0.27,9.17,45.19,,,,,,,,,0.9996654827803273,0.0003161443534675333,1.8372866205184294e-05,NGC2955,0.9996654827803273,0.0003161443534675333,0.00031603859773739613
NGC2955,97.9,3.85,248.00,3.47,10.81,87.48,2.3,7.13,08.69,,,,,,,,,0.9842896815410983,0.015029923549464613,0.000680394909437058,NGC2955,0.9842896815410983,0.015029923549464613,0.014793798664089579
NGC2955,97.9,4.61,253.00,5.68,18.83,6.85,5.12,6.70,24.46,,,,,,,,,0.10970742038101891,0.8290018512725336,0.0612907283464475,NGC2955,0.10970742038101891,0.8290018512725336,0.09094765459419876
NGC2955,97.9,5.36,269.00,8.42,25.11,20.81,3.77,3.20,47.18,,,,,,,,,0.4018033903173845,0.5850094235276532,0.013187186154962265,NGC2955,0.4018033903173845,0.5850094235276532,0.2350587697410297
NGC2955,97.9,6.12,268.00,4.67,29.26,32.37,1.48,7.22,17.54,,,,,,,,,0.5497018631591797,0.4491490172178558,0.0011491196229645344,NGC2955,0.5497018631591797,0.4491490172178558,0.2468980516007698
NGC2955,97.9,6.91,260.00,5.58,31.48,43.48,9.61,0.24,6.29,,,,,,,,,0.6357107979348944,0.33323450531127485,0.031054696753830695,NGC2955,0.6357107979348944,0.33323450531127485,0.21184077327087034
NGC2955,97.9,7.66,245.00,8.47,32.44,54.23,9.62,8.50,2.38,,,,,,,,,0.7197854643026397,0.2575642331574041,0.022650302539956216,NGC2955,0.7197854643026397,0.2575642331574041,0.18539099115095548
NGC2955,97.9,8.42,247.00,6.00,32.35,58.51,0.58,5.35,0.89,,,,,,,,,0.7658179948052458,0.23410675262103325,7.525257372079012e-05,NGC2955,0.7658179948052458,0.23410675262103325,0.17928316386260743
NGC2955,97.9,8.86,267.00,10.30,32.44,58.41,5.85,0.23,0.50,,,,,,,,,0.7584476167707822,0.23394451624681142,0.007607866982406392,NGC2955,0.7584476167707822,0.23394451624681142,0.17743466080398768
NGC2955,97.9,9.21,255.00,7.27,32.44,57.39,2.29,0.71,0.32,,,,,,,,,0.7569416901019114,0.24185310485373512,0.0012052050443534118,NGC2955,0.7569416901019114,0.24185310485373512,0.18306869794438105
NGC2955,97.9,10.82,253.00,11.20,33.51,52.03,8.18,1.46,0.04,,,,,,,,,0.6946762309243933,0.28815333023997663,0.017170438835629902,NGC2955,0.6946762309243933,0.28815333023997663,0.20017326937941898
NGC2955,97.9,11.56,271.00,11.30,34.86,49.34,2.76,2.34,0.02,,,,,,,,,0.665642333270846,0.3322748032358975,0.0020828634932565046,NGC2955,0.665642333270846,0.3322748032358975,0.22117617531305403
NGC2955,97.9,12.40,276.00,8.71,37.47,46.01,7.16,3.42,0.01,,,,,,,,,0.5926118473206299,0.3930368307187536,0.014351321960616503,NGC2955,0.5926118473206299,0.3930368307187536,0.23291828231728626
NGC2955,97.9,14.17,275.00,10.10,44.03,45.22,6.96,1.02,0.00,,,,,,,,,0.507163552827753,0.48082195555484347,0.012014491617403462,NGC2955,0.507163552827753,0.48082195555484347,0.2438553712567824
NGC2955,97.9,16.88,275.00,10.00,57.16,36.05,4.67,0.98,0.00,,,,,,,,,0.2832194334009563,0.7120278023491302,0.004752764249913428,NGC2955,0.2832194334009563,0.7120278023491302,0.20166011074704876
NGC2955,97.9,19.49,276.00,11.70,67.4,32.49,5.34,6.11,0.00,,,,,,,,,0.18759968342645278,0.8073325664542403,0.005067750119306881,NGC2955,0.18759968342645278,0.8073325664542403,0.15145533388668114
NGC2955,97.9,22.19,267.00,15.70,77.25,19.85,7.47,7.62,0.00,,,,,,,,,0.061399221760997734,0.929905508721238,0.008695269517764235,NGC2955,0.061399221760997734,0.929905508721238,0.0570954745467487
NGC2955,97.9,24.80,257.00,15.10,79.95,9.2,1.12,2.80,0.00,,,,,,,,,0.01306596898755829,0.9867403879181837,0.00019364309425795278,NGC2955,0.01306596898755829,0.9867403879181837,0.012892719307310225
NGC2955,97.9,27.51,254.00,13.60,78.21,99.59,5.5,9.61,0.00,,,,,,,,,0.6173688714993311,0.38074817913193876,0.0018829493687301754,NGC2955,0.6173688714993311,0.38074817913193876,0.23506207367611018
NGC2955,97.9,30.12,248.00,11.60,75.51,91.82,0.83,6.70,0.00,,,,,,,,,0.5965256361448451,0.4034256210274224,4.8742827732403413e-05,NGC2955,0.5965256361448451,0.4034256210274224,0.24065372522051234
NGC2955,97.9,35.43,227.00,11.20,77.83,76.46,2.96,3.71,0.00,,,,,,,,,0.49076009615222776,0.5085044014758368,0.0007355023719355479,NGC2955,0.49076009615222776,0.5085044014758368,0.24955366896211267
NGC2976,3.58,0.11,6.80,3.62,1.06,11.98,0.0,1.24,0.00,,,,,,,,,0.9922319626116534,0.007768037388346561,0.0,NGC2976,0.9922319626116534,0.007768037388346561,0.00770769498347981
NGC2976,3.58,0.17,9.50,4.31,1.76,15.44,0.0,5.05,0.00,,,,,,,,,0.987173031563883,0.012826968436116927,0.0,NGC2976,0.987173031563883,0.012826968436116927,0.012662437316855787
NGC2976,3.58,0.24,14.00,3.11,2.47,19.52,0.0,3.55,0.00,,,,,,,,,0.9842407472606839,0.015759252739316096,0.0,NGC2976,0.9842407472606839,0.015759252739316096,0.015510898692414454
NGC2976,3.58,0.31,19.80,5.50,2.93,23.11,0.0,6.80,0.00,,,,,,,,,0.9841798778970879,0.015820122102912157,0.0,NGC2976,0.9841798778970879,0.015820122102912157,0.015569845839561109
NGC2976,3.58,0.38,26.10,3.90,3.29,26.27,0.0,6.50,0.00,,,,,,,,,0.9845576706608439,0.015442329339156015,0.0,NGC2976,0.9845576706608439,0.015442329339156015,0.015203863803737054
NGC2976,3.58,0.45,28.70,3.50,3.99,29.18,0.0,4.93,0.00,,,,,,,,,0.981646025299965,0.018353974700034876,0.0,NGC2976,0.981646025299965,0.018353974700034876,0.018017106312745355
NGC2976,3.58,0.52,28.70,2.70,4.46,32.19,0.0,6.81,0.00,,,,,,,,,0.9811648218230362,0.018835178176963906,0.0,NGC2976,0.9811648218230362,0.018835178176963906,0.018480414240005932
NGC2976,3.58,0.59,31.70,2.50,4.93,35.22,0.0,7.28,0.00,,,,,,,,,0.9807828926004778,0.0192171073995221,0.0,NGC2976,0.9807828926004778,0.0192171073995221,0.01884781018271733
NGC2976,3.58,0.66,35.50,2.30,5.88,38.01,0.0,6.34,0.00,,,,,,,,,0.9766284095990461,0.023371590400953945,0.0,NGC2976,0.9766284095990461,0.023371590400953945,0.022825359163083984
NGC2976,3.58,0.73,39.40,2.10,6.93,40.66,0.0,8.37,0.00,,,,,,,,,0.9717709898043245,0.028229010195675502,0.0,NGC2976,0.9717709898043245,0.028229010195675502,0.02743213317904795
NGC2976,3.58,0.80,42.90,2.30,7.52,43.36,0.0,0.06,0.00,,,,,,,,,0.9707997356245869,0.029200264375413083,0.0,NGC2976,0.9707997356245869,0.029200264375413083,0.028347608935819064
NGC2976,3.58,0.87,46.00,2.60,8.45,45.92,0.0,4.56,0.00,,,,,,,,,0.9672472943152788,0.0327527056847211,0.0,NGC2976,0.9672472943152788,0.0327527056847211,0.03167996595505113
NGC2976,3.58,0.94,49.10,3.10,9.28,48.76,0.0,5.53,0.00,,,,,,,,,0.9650444704942573,0.03495552950574269,0.0,NGC2976,0.9650444704942573,0.03495552950574269,0.03373364046271584
NGC2976,3.58,1.01,49.20,3.20,10.11,52.24,0.0,8.27,0.00,,,,,,,,,0.9638983371783645,0.03610166282163541,0.0,NGC2976,0.9638983371783645,0.03610166282163541,0.03479833276314836
NGC2976,3.58,1.08,51.40,3.20,11.31,55.81,0.0,7.88,0.00,,,,,,,,,0.9605522568701209,0.03944774312987912,0.0,NGC2976,0.9605522568701209,0.03944774312987912,0.0378916186918382
NGC2976,3.58,1.14,57.20,3.10,13.04,58.54,0.0,0.00,0.00,,,,,,,,,0.9527264756935081,0.04727352430649191,0.0,NGC2976,0.9527264756935081,0.04727352430649191,0.04503873820613543
NGC2976,3.58,1.21,63.80,2.90,15.48,61.95,0.0,8.85,0.00,,,,,,,,,0.9412300813092473,0.0587699186907527,0.0,NGC2976,0.9412300813092473,0.0587699186907527,0.05531601534783502
NGC2976,3.58,1.29,67.80,2.80,17.62,66.07,0.0,6.32,0.00,,,,,,,,,0.933600576922094,0.06639942307790608,0.0,NGC2976,0.933600576922094,0.06639942307790608,0.06199053969282732
NGC2976,3.58,1.35,69.80,3.30,19.66,68.88,0.0,3.26,0.00,,,,,,,,,0.9246700721306108,0.07532992786938923,0.0,NGC2976,0.9246700721306108,0.07532992786938923,0.06965532983658185
NGC2976,3.58,1.42,71.70,3.90,21.7,71.85,0.0,9.42,0.00,,,,,,,,,0.9164097500360577,0.08359024996394218,0.0,NGC2976,0.9164097500360577,0.08359024996394218,0.07660292007490783
NGC2976,3.58,1.49,74.10,4.40,23.73,74.58,0.0,4.06,0.00,,,,,,,,,0.9080675422138836,0.09193245778611632,0.0,NGC2976,0.9080675422138836,0.09193245778611632,0.08348088099152026
NGC2976,3.58,1.56,76.70,4.80,25.98,76.94,0.0,5.41,0.00,,,,,,,,,0.8976514559214305,0.1023485440785695,0.0,NGC2976,0.8976514559214305,0.1023485440785695,0.09187331960356661
NGC2976,3.58,1.63,79.90,4.40,27.71,78.73,0.0,4.59,0.00,,,,,,,,,0.8897766619864871,0.11022333801351285,0.0,NGC2976,0.8897766619864871,0.11022333801351285,0.09807415377067173
NGC2976,3.58,1.74,83.60,3.35,30.15,80.17,0.0,9.94,0.00,,,,,,,,,0.8760916917323743,0.1239083082676256,0.0,NGC2976,0.8760916917323743,0.1239083082676256,0.10855503940988065
NGC2976,3.58,1.93,83.90,3.95,29.44,78.52,0.0,8.42,0.00,,,,,,,,,0.8767490355660269,0.12325096443397313,0.0,NGC2976,0.8767490355660269,0.12325096443397313,0.10806016420006861
NGC2976,3.58,2.10,88.70,4.44,29.75,75.56,0.0,6.09,0.00,,,,,,,,,0.8657852560153492,0.1342147439846508,0.0,NGC2976,0.8657852560153492,0.1342147439846508,0.11620114648178544
NGC2976,3.58,2.27,85.30,5.36,29.85,73.66,0.0,1.53,0.00,,,,,,,,,0.858944410636108,0.14105558936389195,0.0,NGC2976,0.858944410636108,0.14105558936389195,0.12115891007309705
NGC2998,68.1,0.33,90.00,20.00,0.0,44.56,,0.29,0.00,,,,,,,,,0.0,0.0,0.0,NGC2998,0.0,0.0,0.0
NGC2998,68.1,0.99,125.00,15.00,0.66,93.23,,0.44,0.00,,,,,,,,,0.0,0.0,0.0,NGC2998,0.0,0.0,0.0
NGC2998,68.1,1.98,148.00,15.00,2.66,32.13,0.0,8.44,0.00,,,,,,,,,0.9931926929876254,0.006807307012374779,0.0,NGC2998,0.9931926929876254,0.006807307012374779,0.006760967583614053
NGC2998,68.1,2.64,180.00,17.00,4.03,54.64,0.0,4.11,0.00,,,,,,,,,0.9945895597281672,0.0054104402718329085,0.0,NGC2998,0.9945895597281672,0.0054104402718329085,0.005381167407897838
NGC2998,68.1,3.63,201.00,15.00,6.22,96.69,0.0,2.55,0.00,,,,,,,,,0.9958787957937693,0.00412120420623086,0.0,NGC2998,0.9958787957937693,0.00412120420623086,0.0041042198821214055
NGC2998,68.1,7.59,206.00,10.00,16.84,21.58,0.0,2.87,0.00,,,,,,,,,0.6215235385342234,0.3784764614657766,0.0,NGC2998,0.6215235385342234,0.3784764614657766,0.23523202958212114
NGC2998,68.1,12.50,214.00,5.00,32.06,13.19,0.0,6.10,0.00,,,,,,,,,0.14476056599837728,0.8552394340016228,0.0,NGC2998,0.14476056599837728,0.8552394340016228,0.12380494453020675
NGC2998,68.1,17.48,212.00,5.00,44.76,98.92,0.0,7.41,0.00,,,,,,,,,0.8300516158628861,0.16994838413711386,0.0,NGC2998,0.8300516158628861,0.16994838413711386,0.14106593086629785
NGC2998,68.1,22.46,213.00,2.00,52.43,75.78,0.0,0.54,0.00,,,,,,,,,0.6762762062682043,0.3237237937317957,0.0,NGC2998,0.6762762062682043,0.3237237937317957,0.2189266991036895
NGC2998,68.1,27.44,214.00,2.00,58.37,62.69,0.0,5.26,0.00,,,,,,,,,0.5356394010543414,0.46436059894565873,0.0,NGC2998,0.5356394010543414,0.46436059894565873,0.24872983309248786
NGC2998,68.1,32.32,213.00,2.00,63.92,51.18,0.0,2.50,0.00,,,,,,,,,0.39065329817393735,0.6093467018260627,0.0,NGC2998,0.39065329817393735,0.6093467018260627,0.23804329879976216
NGC2998,68.1,37.30,213.00,3.00,66.04,39.68,0.0,0.96,0.00,,,,,,,,,0.26525601335897664,0.7347439866410234,0.0,NGC2998,0.26525601335897664,0.7347439866410234,0.19489526073587904
NGC2998,68.1,42.28,203.00,3.00,64.42,30.09,0.0,0.33,0.00,,,,,,,,,0.17909918898702154,0.8209008110129785,0.0,NGC2998,0.17909918898702154,0.8209008110129785,0.1470226694912127
NGC3109,1.33,0.26,6.10,1.60,1.0,2.78,0.0,0.55,0.00,,,,,,,,,0.8854314651024242,0.11456853489757575,0.0,NGC3109,0.8854314651024242,0.11456853489757575,0.10144258570899871
NGC3109,1.33,0.52,11.20,0.70,2.12,4.73,0.0,8.77,0.00,,,,,,,,,0.8327185835569633,0.16728141644303668,0.0,NGC3109,0.8327185835569633,0.16728141644303668,0.13929834415584802
NGC3109,1.33,0.77,14.90,1.50,4.53,7.0,0.0,8.41,0.00,,,,,,,,,0.7048240169502984,0.2951759830497016,0.0,NGC3109,0.7048240169502984,0.2951759830497016,0.20804712208034387
NGC3109,1.33,1.03,19.10,2.20,6.54,8.59,0.0,7.93,0.00,,,,,,,,,0.6330498448434579,0.3669501551565421,0.0,NGC3109,0.6330498448434579,0.3669501551565421,0.2322977387871318
NGC3109,1.33,1.29,24.30,0.90,8.22,10.63,0.0,6.67,0.00,,,,,,,,,0.6257952109292316,0.3742047890707683,0.0,NGC3109,0.6257952109292316,0.3742047890707683,0.2341755649072701
NGC3109,1.33,1.55,29.80,1.90,10.06,11.72,0.0,5.17,0.00,,,,,,,,,0.5757765276951066,0.4242234723048935,0.0,NGC3109,0.5757765276951066,0.4242234723048935,0.24425791785047277
NGC3109,1.33,1.81,34.30,1.60,11.73,12.56,0.0,4.71,0.00,,,,,,,,,0.534130588986157,0.4658694110138431,0.0,NGC3109,0.534130588986157,0.4658694110138431,0.24883510289545804
NGC3109,1.33,2.06,38.20,3.50,12.92,13.39,0.0,3.81,0.00,,,,,,,,,0.5178582311459382,0.4821417688540618,0.0,NGC3109,0.5178582311459382,0.4821417688540618,0.24968108358033825
NGC3109,1.33,2.32,42.50,5.60,13.76,13.69,0.0,2.97,0.00,,,,,,,,,0.49744992550836264,0.5025500744916374,0.0,NGC3109,0.49744992550836264,0.5025500744916374,0.2499934971200871
NGC3109,1.33,2.58,42.30,3.00,14.44,13.73,0.0,2.43,0.00,,,,,,,,,0.4748118828340174,0.5251881171659826,0.0,NGC3109,0.4748118828340174,0.5251881171659826,0.2493655587536327
NGC3109,1.33,2.84,47.30,4.40,15.04,13.74,0.0,2.30,0.00,,,,,,,,,0.45492171844472096,0.545078281555279,0.0,NGC3109,0.45492171844472096,0.545078281555279,0.247967948532023
NGC3109,1.33,3.10,49.30,4.00,15.37,14.32,0.0,2.42,0.00,,,,,,,,,0.46467873391142933,0.5353212660885707,0.0,NGC3109,0.46467873391142933,0.5353212660885707,0.2487524081619004
NGC3109,1.33,3.35,50.60,3.50,15.75,15.08,0.0,1.97,0.00,,,,,,,,,0.4782781797084941,0.5217218202915059,0.0,NGC3109,0.4782781797084941,0.5217218202915059,0.24952816252322355
NGC3109,1.33,3.61,53.00,3.50,16.29,15.34,0.0,1.22,0.00,,,,,,,,,0.469992292477606,0.530007707522394,0.0,NGC3109,0.469992292477606,0.530007707522394,0.24909953748925046
NGC3109,1.33,3.87,54.70,3.30,16.37,14.77,0.0,0.78,0.00,,,,,,,,,0.4487544273155029,0.5512455726844971,0.0,NGC3109,0.4487544273155029,0.5512455726844971,0.24737389128023796
NGC3109,1.33,4.13,55.20,3.10,16.42,14.16,0.0,0.69,0.00,,,,,,,,,0.4264969518550504,0.5735030481449497,0.0,NGC3109,0.4264969518550504,0.5735030481449497,0.24459730191340123
NGC3109,1.33,4.38,57.50,2.60,16.88,13.87,0.0,0.81,0.00,,,,,,,,,0.4030428359856555,0.5969571640143445,0.0,NGC3109,0.4030428359856555,0.5969571640143445,0.2405993083462955
NGC3109,1.33,4.64,59.10,2.40,17.22,13.96,0.0,0.75,0.00,,,,,,,,,0.3965763822470036,0.6034236177529965,0.0,NGC3109,0.3965763822470036,0.6034236177529965,0.2393035552908821
NGC3109,1.33,4.90,61.20,1.90,17.66,14.01,0.0,0.64,0.00,,,,,,,,,0.38625976250979766,0.6137402374902023,0.0,NGC3109,0.38625976250979766,0.6137402374902023,0.23706315837567238
NGC3109,1.33,5.16,62.70,1.90,18.09,14.01,0.0,0.51,0.00,,,,,,,,,0.3749179127313486,0.6250820872686516,0.0,NGC3109,0.3749179127313486,0.6250820872686516,0.23435447144451754
NGC3109,1.33,5.42,64.40,2.90,18.73,13.96,0.0,0.43,0.00,,,,,,,,,0.35712582772961793,0.642874172270382,0.0,NGC3109,0.35712582772961793,0.642874172270382,0.22958697089805316
NGC3109,1.33,5.67,66.60,3.20,19.3,13.99,0.0,0.36,0.00,,,,,,,,,0.3444502306453194,0.6555497693546806,0.0,NGC3109,0.3444502306453194,0.6555497693546806,0.22580426925370564
NGC3109,1.33,5.93,66.30,3.40,19.36,13.93,0.0,0.00,0.00,,,,,,,,,0.3411151709268363,0.6588848290731638,0.0,NGC3109,0.3411151709268363,0.6588848290731638,0.2247556110903916
NGC3109,1.33,6.19,66.20,3.20,19.43,13.15,0.0,0.00,0.00,,,,,,,,,0.31414899952293357,0.6858510004770665,0.0,NGC3109,0.31414899952293357,0.6858510004770665,0.21545940562167348
NGC3109,1.33,6.45,67.30,3.00,19.41,12.62,0.0,0.00,0.00,,,,,,,,,0.29712814533243154,0.7028718546675684,0.0,NGC3109,0.29712814533243154,0.7028718546675684,0.20884301058374097
NGC3198,13.8,0.32,24.40,35.90,0.0,63.28,,4.92,0.00,,,,,,,,,0.0,0.0,0.0,NGC3198,0.0,0.0,0.0
NGC3198,13.8,0.64,43.30,16.30,0.0,73.66,0.0,0.57,0.00,,,,,,,,,1.0,0.0,0.0,NGC3198,1.0,0.0,0.0
NGC3198,13.8,0.96,45.50,16.10,0.0,78.98,0.0,0.97,0.00,,,,,,,,,1.0,0.0,0.0,NGC3198,1.0,0.0,0.0
NGC3198,13.8,1.28,58.50,15.40,0.35,82.7,0.0,9.34,0.00,,,,,,,,,0.9999820891048755,1.7910895124398472e-05,0.0,NGC3198,0.9999820891048755,1.7910895124398472e-05,1.7910574324234312e-05
NGC3198,13.8,1.61,68.80,7.61,0.15,84.22,0.0,8.62,0.00,,,,,,,,,0.9999968278722711,3.1721277289233293e-06,0.0,NGC3198,0.9999968278722711,3.1721277289233293e-06,3.172117666529001e-06
NGC3198,13.8,1.93,76.90,10.30,-0.05,83.17,0.0,7.67,0.00,,,,,,,,,0.9999996385847709,3.6141522917614365e-07,0.0,NGC3198,0.9999996385847709,3.6141522917614365e-07,3.614150985551758e-07
NGC3198,13.8,2.24,82.00,8.09,-0.47,87.04,0.0,7.56,0.00,,,,,,,,,0.9999708428354254,2.9157164574639e-05,0.0,NGC3198,0.9999708428354254,2.9157164574639e-05,2.915631443439297e-05
NGC3198,13.8,2.57,86.90,7.60,-0.95,88.91,0.0,5.02,0.00,,,,,,,,,0.9998858446131293,0.00011415538687064554,0.0,NGC3198,0.9998858446131293,0.00011415538687064554,0.00011414235541829395
NGC3198,13.8,2.89,97.60,3.03,-1.43,88.98,0.0,0.20,0.00,,,,,,,,,0.9997417887750862,0.00025821122491382107,0.0,NGC3198,0.9997417887750862,0.00025821122491382107,0.0002581445518771496
NGC3198,13.8,3.21,100.00,5.31,-1.14,93.81,0.0,8.58,0.00,,,,,,,,,0.9998523452915582,0.00014765470844176938,0.0,NGC3198,0.9998523452915582,0.00014765470844176938,0.00014763290652884434
NGC3198,13.8,3.54,107.00,7.51,-0.39,1.22,0.0,8.47,0.00,,,,,,,,,0.9072843645230113,0.09271563547698874,0.0,NGC3198,0.9072843645230113,0.09271563547698874,0.0841194464150869
NGC3198,13.8,3.85,113.00,7.32,0.36,8.53,0.0,6.07,0.00,,,,,,,,,0.9982219905200267,0.001778009479973385,0.0,NGC3198,0.9982219905200267,0.001778009479973385,0.0017748481622625097
NGC3198,13.8,4.17,117.00,5.21,1.52,15.51,0.0,9.96,0.00,,,,,,,,,0.9904871114441648,0.009512888555835312,0.0,NGC3198,0.9904871114441648,0.009512888555835312,0.00942239350715957
NGC3198,13.8,4.50,119.00,5.67,3.07,20.51,0.0,4.19,0.00,,,,,,,,,0.9780859597521421,0.021914040247857976,0.0,NGC3198,0.9780859597521421,0.021914040247857976,0.02143381508787324
NGC3198,13.8,4.82,127.00,5.39,4.63,25.42,0.0,0.99,0.00,,,,,,,,,0.9678902442476804,0.03210975575231949,0.0,NGC3198,0.9678902442476804,0.03210975575231949,0.03107871933784587
NGC3198,13.8,5.15,132.00,4.34,6.02,29.4,0.0,8.08,0.00,,,,,,,,,0.9597597336177066,0.04024026638229341,0.0,NGC3198,0.9597597336177066,0.04024026638229341,0.038620987343775476
NGC3198,13.8,5.46,134.00,2.36,7.16,33.15,0.0,6.00,0.00,,,,,,,,,0.9554285077371258,0.04457149226287423,0.0,NGC3198,0.9554285077371258,0.04457149226287423,0.042584874340334776
NGC3198,13.8,5.78,137.00,0.89,8.31,36.45,0.0,3.63,0.00,,,,,,,,,0.950591582236177,0.049408417763823015,0.0,NGC3198,0.950591582236177,0.049408417763823015,0.04696722601789855
NGC3198,13.8,6.10,140.00,2.84,9.46,39.41,0.0,1.19,0.00,,,,,,,,,0.945519641343138,0.0544803586568619,0.0,NGC3198,0.945519641343138,0.0544803586568619,0.05151224917748159
NGC3198,13.8,6.43,142.00,0.88,10.61,41.85,0.0,6.52,0.00,,,,,,,,,0.9396070675312042,0.06039293246879577,0.0,NGC3198,0.9396070675312042,0.06039293246879577,0.05674562617661524
NGC3198,13.8,6.74,144.00,1.23,11.77,42.32,0.0,0.23,0.00,,,,,,,,,0.928203264312027,0.07179673568797303,0.0,NGC3198,0.928203264312027,0.07179673568797303,0.06664196443252438
NGC3198,13.8,7.06,146.00,1.57,12.87,40.94,0.0,7.67,0.00,,,,,,,,,0.9100640406619789,0.08993595933802116,0.0,NGC3198,0.9100640406619789,0.08993595933802116,0.08184748255597098
NGC3198,13.8,8.04,147.00,3.00,16.39,35.68,0.0,0.74,0.00,,,,,,,,,0.8257552971746348,0.17424470282536522,0.0,NGC3198,0.8257552971746348,0.17424470282536522,0.14388348636266537
NGC3198,13.8,9.04,148.00,3.00,20.03,30.79,0.0,1.83,0.00,,,,,,,,,0.7026434434582817,0.29735655654171844,0.0,NGC3198,0.7026434434582817,0.29735655654171844,0.20893563482337027
NGC3198,13.8,10.04,152.00,2.00,23.68,28.1,0.0,6.64,0.00,,,,,,,,,0.5847436565447657,0.41525634345523427,0.0,NGC3198,0.5847436565447657,0.41525634345523427,0.24281851267542276
NGC3198,13.8,11.04,155.00,2.00,27.08,26.67,0.0,1.02,0.00,,,,,,,,,0.4923725368269325,0.5076274631730676,0.0,NGC3198,0.4923725368269325,0.5076274631730676,0.24994182180554356
NGC3198,13.8,12.05,156.00,2.00,30.11,24.98,0.0,5.42,0.00,,,,,,,,,0.40768019338663447,0.5923198066133656,0.0,NGC3198,0.40768019338663447,0.5923198066133656,0.2414770533068708
NGC3198,13.8,14.05,157.00,2.00,34.48,18.12,0.0,6.42,0.00,,,,,,,,,0.21640743556835576,0.7835925644316443,0.0,NGC3198,0.21640743556835576,0.7835925644316443,0.16957525739908372
NGC3198,13.8,16.07,153.00,2.00,36.43,8.22,0.0,2.95,0.00,,,,,,,,,0.04844608565789113,0.9515539143421088,0.0,NGC3198,0.04844608565789113,0.9515539143421088,0.0460990624423194
NGC3198,13.8,18.13,153.00,2.00,37.76,1.1,0.0,2.39,0.00,,,,,,,,,0.0008479163262154147,0.9991520836737846,0.0,NGC3198,0.0008479163262154147,0.9991520836737846,0.0008471973641191521
NGC3198,13.8,20.05,154.00,2.00,39.83,96.4,0.0,1.44,0.00,,,,,,,,,0.8541803299264354,0.14581967007356447,0.0,NGC3198,0.8541803299264354,0.14581967007356447,0.12455629389320126
NGC3198,13.8,22.12,153.00,2.00,40.92,91.56,0.0,0.72,0.00,,,,,,,,,0.8335156417782231,0.1664843582217768,0.0,NGC3198,0.8335156417782231,0.1664843582217768,0.13876731668925987
NGC3198,13.8,24.03,150.00,2.00,41.77,87.03,0.0,0.28,0.00,,,,,,,,,0.8127758826318036,0.1872241173681964,0.0,NGC3198,0.8127758826318036,0.1872241173681964,0.15217124724389622
NGC3198,13.8,26.10,149.00,2.00,43.71,82.67,0.0,0.16,0.00,,,,,,,,,0.7815223010733237,0.2184776989266764,0.0,NGC3198,0.7815223010733237,0.2184776989266764,0.17074519399838095
NGC3198,13.8,28.16,148.00,2.00,45.41,79.06,0.0,0.08,0.00,,,,,,,,,0.7519332000064434,0.24806679999355669,0.0,NGC3198,0.7519332000064434,0.24806679999355669,0.18652966273451344
NGC3198,13.8,30.08,146.00,2.00,45.29,76.07,0.0,0.04,0.00,,,,,,,,,0.7382969059416835,0.26170309405831643,0.0,NGC3198,0.7382969059416835,0.26170309405831643,0.1932145846186204
NGC3198,13.8,32.14,147.00,2.00,44.56,73.27,0.0,0.02,0.00,,,,,,,,,0.7300013264733831,0.26999867352661683,0.0,NGC3198,0.7300013264733831,0.26999867352661683,0.1970993898204842
NGC3198,13.8,34.06,148.00,2.00,44.81,70.91,0.0,0.01,0.00,,,,,,,,,0.7146263158554486,0.28537368414455144,0.0,NGC3198,0.7146263158554486,0.28537368414455144,0.20393554454231724
NGC3198,13.8,36.12,148.00,2.00,45.9,68.62,0.0,0.01,0.00,,,,,,,,,0.6908802657654132,0.3091197342345869,0.0,NGC3198,0.6908802657654132,0.3091197342345869,0.21356472414132527
NGC3198,13.8,38.19,149.00,2.00,46.75,66.59,0.0,0.00,0.00,,,,,,,,,0.6698441639528598,0.3301558360471402,0.0,NGC3198,0.6698441639528598,0.3301558360471402,0.2211529599711541
NGC3198,13.8,40.10,150.00,2.00,47.48,64.84,0.0,0.00,0.00,,,,,,,,,0.650952408085002,0.3490475919149979,0.0,NGC3198,0.650952408085002,0.3490475919149979,0.22721337049333895
NGC3198,13.8,42.17,150.00,3.00,48.93,63.1,0.0,0.00,0.00,,,,,,,,,0.6244923248225869,0.37550767517741307,0.0,NGC3198,0.6244923248225869,0.37550767517741307,0.23450166106026749
NGC3198,13.8,44.08,149.00,3.00,47.84,61.63,0.0,0.00,0.00,,,,,,,,,0.6240028355872774,0.3759971644127225,0.0,NGC3198,0.6240028355872774,0.3759971644127225,0.2346232967663146
NGC3521,7.7,0.51,143.00,33.10,-3.74,95.66,,2.84,0.00,,,,,,,,,0.0,0.0,0.0,NGC3521,0.0,0.0,0.0
NGC3521,7.7,0.69,160.00,15.00,-4.96,13.36,,3.43,0.00,,,,,,,,,0.0,0.0,0.0,NGC3521,0.0,0.0,0.0
NGC3521,7.7,0.86,178.00,7.92,-6.2,28.63,,5.14,0.00,,,,,,,,,0.0,0.0,0.0,NGC3521,0.0,0.0,0.0
NGC3521,7.7,1.03,188.00,8.01,-7.39,42.31,,8.28,0.00,,,,,,,,,0.0,0.0,0.0,NGC3521,0.0,0.0,0.0
NGC3521,7.7,1.20,187.00,8.03,-8.46,44.99,,0.50,0.00,,,,,,,,,0.0,0.0,0.0,NGC3521,0.0,0.0,0.0
NGC3521,7.7,1.38,195.00,5.60,-9.15,48.08,,3.53,0.00,,,,,,,,,0.0,0.0,0.0,NGC3521,0.0,0.0,0.0
NGC3521,7.7,1.55,199.00,7.52,-9.58,51.75,,6.64,0.00,,,,,,,,,0.0,0.0,0.0,NGC3521,0.0,0.0,0.0
NGC3521,7.7,1.71,203.00,6.87,-9.77,58.35,,8.78,0.00,,,,,,,,,0.0,0.0,0.0,NGC3521,0.0,0.0,0.0
NGC3521,7.7,1.89,206.00,9.22,-9.95,62.92,,5.22,0.00,,,,,,,,,0.0,0.0,0.0,NGC3521,0.0,0.0,0.0
NGC3521,7.7,2.06,211.00,12.00,-9.95,70.25,,8.94,0.00,,,,,,,,,0.0,0.0,0.0,NGC3521,0.0,0.0,0.0
NGC3521,7.7,2.23,219.00,13.30,-9.95,75.1,,5.03,0.00,,,,,,,,,0.0,0.0,0.0,NGC3521,0.0,0.0,0.0
NGC3521,7.7,2.41,216.00,9.90,-10.14,76.83,0.0,6.08,0.00,,,,,,,,,0.9828795745219704,0.017120425478029635,0.0,NGC3521,0.9828795745219704,0.017120425478029635,0.01682731650948087
NGC3521,7.7,2.58,214.00,10.50,-10.6,74.55,0.0,0.56,0.00,,,,,,,,,0.9801836399510588,0.019816360048941262,0.0,NGC3521,0.9801836399510588,0.019816360048941262,0.01942367192335199
NGC3521,7.7,2.75,213.00,8.39,-11.16,74.06,0.0,9.64,0.00,,,,,,,,,0.9777970992128753,0.02220290078712465,0.0,NGC3521,0.9777970992128753,0.02220290078712465,0.02170993198376175
NGC3521,7.7,2.92,210.00,13.30,-11.53,73.74,0.0,7.61,0.00,,,,,,,,,0.9761349573922834,0.02386504260771667,0.0,NGC3521,0.9761349573922834,0.02386504260771667,0.023295502349048543
NGC3521,7.7,3.09,214.00,6.67,-11.25,75.23,0.0,2.48,0.00,,,,,,,,,0.9781265164535087,0.02187348354649131,0.0,NGC3521,0.9781265164535087,0.02187348354649131,0.021395034264032685
NGC3521,7.7,3.26,213.00,9.98,-9.77,76.33,0.0,3.60,0.00,,,,,,,,,0.98388088748107,0.01611911251892988,0.0,NGC3521,0.98388088748107,0.01611911251892988,0.015859286730531958
NGC3521,7.7,3.43,212.00,11.20,-7.06,78.46,0.0,5.82,0.00,,,,,,,,,0.9919682429473569,0.00803175705264314,0.0,NGC3521,0.9919682429473569,0.00803175705264314,0.007967247931290458
NGC3521,7.7,3.61,215.00,9.11,2.4,78.97,0.0,3.07,0.00,,,,,,,,,0.99907722192984,0.000922778070159938,0.0,NGC3521,0.99907722192984,0.000922778070159938,0.00092192655079317
NGC3521,7.7,3.78,217.00,10.10,7.87,80.87,0.0,1.98,0.00,,,,,,,,,0.9906183131876494,0.009381686812350722,0.0,NGC3521,0.9906183131876494,0.009381686812350722,0.009293670764905688
NGC3521,7.7,3.95,219.00,8.05,10.51,81.76,0.0,0.64,0.00,,,,,,,,,0.9837442919095166,0.016255708090483312,0.0,NGC3521,0.9837442919095166,0.016255708090483312,0.015991460044960305
NGC3521,7.7,4.12,220.00,8.29,12.28,82.78,0.0,9.64,0.00,,,,,,,,,0.9784676048531679,0.021532395146832216,0.0,NGC3521,0.9784676048531679,0.021532395146832216,0.021068751106072894
NGC3521,7.7,4.29,218.00,8.42,13.95,81.57,0.0,0.22,0.00,,,,,,,,,0.9715836884523522,0.02841631154764781,0.0,NGC3521,0.9715836884523522,0.02841631154764781,0.027608824785674828
NGC3521,7.7,4.46,220.00,9.71,15.63,79.92,0.0,8.02,0.00,,,,,,,,,0.9631611583454991,0.036838841654500874,0.0,NGC3521,0.9631611583454991,0.036838841654500874,0.035481741400055486
NGC3521,7.7,4.64,220.00,20.10,17.49,76.26,0.0,8.23,0.00,,,,,,,,,0.9500284710202065,0.049971528979793574,0.0,NGC3521,0.9500284710202065,0.049971528979793574,0.04747437527121523
NGC3521,7.7,4.81,216.00,23.50,19.07,72.38,0.0,7.50,0.00,,,,,,,,,0.9350891569634451,0.06491084303655495,0.0,NGC3521,0.9350891569634451,0.06491084303655495,0.06069742549283868
NGC3521,7.7,4.98,220.00,14.60,20.0,68.13,0.0,7.71,0.00,,,,,,,,,0.9206616327927211,0.07933836720727898,0.0,NGC3521,0.9206616327927211,0.07933836720727898,0.07304379069616194
NGC3521,7.7,5.15,218.00,12.20,20.46,64.51,0.0,3.45,0.00,,,,,,,,,0.9086031146086274,0.0913968853913725,0.0,NGC3521,0.9086031146086274,0.0913968853913725,0.08304349473212881
NGC3521,7.7,5.32,213.00,23.10,20.65,60.81,0.0,8.98,0.00,,,,,,,,,0.8966067665748866,0.1033932334251134,0.0,NGC3521,0.8966067665748866,0.1033932334251134,0.09270307270701342
NGC3521,7.7,5.49,215.00,21.20,20.74,57.41,0.0,8.36,0.00,,,,,,,,,0.8845568519010599,0.11544314809894013,0.0,NGC3521,0.8845568519010599,0.11544314809894013,0.10211602765594631
NGC3521,7.7,5.67,216.00,18.30,21.02,54.02,0.0,8.99,0.00,,,,,,,,,0.8684999122619257,0.13150008773807434,0.0,NGC3521,0.8684999122619257,0.13150008773807434,0.1142078146629531
NGC3521,7.7,5.84,208.00,31.70,21.3,51.09,0.0,0.28,0.00,,,,,,,,,0.8519229599898247,0.14807704001017535,0.0,NGC3521,0.8519229599898247,0.14807704001017535,0.12615023023200028
NGC3521,7.7,6.01,212.00,25.30,21.67,48.27,0.0,3.06,0.00,,,,,,,,,0.832264626095226,0.16773537390477392,0.0,NGC3521,0.832264626095226,0.16773537390477392,0.1396002182457996
NGC3521,7.7,6.19,213.00,23.80,22.04,45.66,0.0,5.94,0.00,,,,,,,,,0.8110316155327641,0.18896838446723588,0.0,NGC3521,0.8110316155327641,0.18896838446723588,0.1532593341390788
NGC3521,7.7,6.35,216.00,19.60,22.51,43.33,0.0,7.79,0.00,,,,,,,,,0.7874748604242365,0.21252513957576355,0.0,NGC3521,0.7874748604242365,0.21252513957576355,0.16735820462406578
NGC3521,7.7,6.64,210.00,25.00,23.63,38.82,0.0,2.26,0.00,,,,,,,,,0.7296479133295919,0.270352086670408,0.0,NGC3521,0.7296479133295919,0.270352086670408,0.19726183590336416
NGC3521,7.7,8.82,210.00,10.70,34.97,9.65,0.0,7.97,0.00,,,,,,,,,0.07076051991172802,0.9292394800882721,0.0,NGC3521,0.07076051991172802,0.9292394800882721,0.06575346873354997
NGC3521,7.7,11.07,210.00,10.70,43.44,88.05,0.0,1.92,0.00,,,,,,,,,0.8042462983369603,0.19575370166303965,0.0,NGC3521,0.8042462983369603,0.19575370166303965,0.1574341899482573
NGC3521,7.7,13.32,206.00,6.25,45.95,72.02,0.0,6.19,0.00,,,,,,,,,0.7106987316153501,0.2893012683846498,0.0,NGC3521,0.7106987316153501,0.2893012683846498,0.20560604449568262
NGC3521,7.7,15.49,206.00,6.25,45.39,59.31,0.0,1.91,0.00,,,,,,,,,0.6306420545176612,0.3693579454823388,0.0,NGC3521,0.6306420545176612,0.3693579454823388,0.23293265359140444
NGC3521,7.7,17.74,206.00,10.70,42.23,47.38,0.0,0.00,0.00,,,,,,,,,0.5572820647879906,0.4427179352120094,0.0,NGC3521,0.5572820647879906,0.4427179352120094,0.24671876505362444
NGC3726,18.0,3.50,102.00,7.00,0.0,38.23,0.0,7.95,0.00,,,,,,,,,1.0,0.0,0.0,NGC3726,1.0,0.0,0.0
NGC3726,18.0,5.24,125.00,6.10,0.0,63.99,0.0,0.43,0.00,,,,,,,,,1.0,0.0,0.0,NGC3726,1.0,0.0,0.0
NGC3726,18.0,6.98,145.00,4.90,8.76,77.95,0.0,6.27,0.00,,,,,,,,,0.9875283037453915,0.012471696254608425,0.0,NGC3726,0.9875283037453915,0.012471696254608425,0.012316153047141211
NGC3726,18.0,8.72,164.00,3.90,23.82,82.72,0.0,6.34,0.00,,,,,,,,,0.9234287308426888,0.07657126915731124,0.0,NGC3726,0.9234287308426888,0.07657126915731124,0.07070810989694985
NGC3726,18.0,10.47,162.00,4.80,31.14,73.68,0.0,2.03,0.00,,,,,,,,,0.8484475439489801,0.1515524560510199,0.0,NGC3726,0.8484475439489801,0.1515524560510199,0.1285843091159236
NGC3726,18.0,12.19,160.00,4.80,37.29,66.41,0.0,6.80,0.00,,,,,,,,,0.7602854121517254,0.23971458784827457,0.0,NGC3726,0.7602854121517254,0.23971458784827457,0.18225150422100642
NGC3726,18.0,13.94,156.00,4.80,46.45,59.41,0.0,5.65,0.00,,,,,,,,,0.6206180121201643,0.37938198787983574,0.0,NGC3726,0.6206180121201643,0.37938198787983574,0.23545129515217994
NGC3726,18.0,16.03,146.00,4.85,53.13,48.01,0.0,6.69,0.00,,,,,,,,,0.4495064996254698,0.5504935003745304,0.0,NGC3726,0.4495064996254698,0.5504935003745304,0.24745040641992738
NGC3726,18.0,22.30,158.00,4.90,48.17,24.21,0.0,1.41,0.00,,,,,,,,,0.20166163594156905,0.798338364058431,0.0,NGC3726,0.20166163594156905,0.798338364058431,0.16099422053093912
NGC3726,18.0,27.52,168.00,10.60,42.67,9.5,0.0,0.29,0.00,,,,,,,,,0.04722710439136717,0.9527728956086329,0.0,NGC3726,0.04722710439136717,0.9527728956086329,0.04499670500217408
NGC3726,18.0,30.08,169.00,10.60,40.52,3.96,0.0,0.14,0.00,,,,,,,,,0.009460698668880371,0.9905393013311197,0.0,NGC3726,0.009460698668880371,0.9905393013311197,0.009371193849577016
NGC3726,18.0,32.52,167.00,15.20,39.01,99.53,0.0,0.00,0.00,,,,,,,,,0.8668375947814495,0.13316240521855047,0.0,NGC3726,0.8668375947814495,0.13316240521855047,0.11543017905496103
NGC3741,3.21,0.23,13.10,2.19,2.45,11.6,0.0,5.93,0.00,,,,,,,,,0.9572965762561139,0.04270342374388618,0.0,NGC3741,0.9572965762561139,0.04270342374388618,0.04087984134443628
NGC3741,3.21,0.47,17.30,2.39,4.75,13.88,0.0,9.96,0.00,,,,,,,,,0.895163902091332,0.10483609790866795,0.0,NGC3741,0.895163902091332,0.10483609790866795,0.09384549048395213
NGC3741,3.21,0.70,23.60,2.21,6.71,13.02,0.0,2.76,0.00,,,,,,,,,0.7901409730848379,0.20985902691516212,0.0,NGC3741,0.7901409730848379,0.20985902691516212,0.16581821573738337
NGC3741,3.21,0.93,26.20,2.21,7.8,11.93,0.0,1.21,0.00,,,,,,,,,0.7005388233892763,0.2994611766107236,0.0,NGC3741,0.7005388233892763,0.2994611766107236,0.20978418031364457
NGC3741,3.21,1.17,27.40,2.24,8.39,10.78,0.0,0.32,0.00,,,,,,,,,0.6227657482161086,0.3772342517838913,0.0,NGC3741,0.6227657482161086,0.3772342517838913,0.23492857106493897
NGC3741,3.21,1.40,26.90,2.23,8.84,9.72,0.0,0.10,0.00,,,,,,,,,0.5473074427657799,0.45269255723421997,0.0,NGC3741,0.5473074427657799,0.45269255723421997,0.2477620058589624
NGC3741,3.21,1.64,27.40,2.21,9.23,8.89,0.0,0.03,0.00,,,,,,,,,0.48124280712437206,0.5187571928756279,0.0,NGC3741,0.48124280712437206,0.5187571928756279,0.2496481677154265
NGC3741,3.21,1.87,31.00,2.20,9.41,8.25,0.0,0.01,0.00,,,,,,,,,0.43459701961425345,0.5654029803857465,0.0,NGC3741,0.43459701961425345,0.5654029803857465,0.24572245015666166
NGC3741,3.21,2.10,32.50,2.19,9.55,7.73,0.0,0.00,0.00,,,,,,,,,0.39583148400123475,0.6041685159987652,0.0,NGC3741,0.39583148400123475,0.6041685159987652,0.23914892027461496
NGC3741,3.21,2.33,33.00,2.19,10.05,7.3,0.0,0.00,0.00,,,,,,,,,0.34538295769399024,0.6546170423060097,0.0,NGC3741,0.34538295769399024,0.6546170423060097,0.22609357022854157
NGC3741,3.21,2.57,36.50,2.20,10.65,6.92,0.0,0.00,0.00,,,,,,,,,0.2968614874938704,0.7031385125061296,0.0,NGC3741,0.2968614874938704,0.7031385125061296,0.20873474473679704
NGC3741,3.21,2.80,38.90,2.21,11.28,6.62,0.0,0.00,0.00,,,,,,,,,0.2561889551673421,0.7438110448326579,0.0,NGC3741,0.2561889551673421,0.7438110448326579,0.19055617441760767
NGC3741,3.21,3.26,41.50,2.21,12.0,6.11,0.0,0.00,0.00,,,,,,,,,0.2058769517366203,0.7941230482633798,0.0,NGC3741,0.2058769517366203,0.7941230482633798,0.16349163248025764
NGC3741,3.21,3.73,42.70,2.20,12.41,5.7,0.0,0.00,0.00,,,,,,,,,0.1742108900841349,0.8257891099158651,0.0,NGC3741,0.1742108900841349,0.8257891099158651,0.14386145586022836
NGC3741,3.21,4.21,44.70,2.22,13.14,5.36,0.0,0.00,0.00,,,,,,,,,0.14265710375730178,0.8573428962426982,0.0,NGC3741,0.14265710375730178,0.8573428962426982,0.12230605450488022
NGC3741,3.21,4.67,46.70,2.24,13.55,5.09,0.0,0.00,0.00,,,,,,,,,0.12366009166123335,0.8763399083387667,0.0,NGC3741,0.12366009166123335,0.8763399083387667,0.10836827339156872
NGC3741,3.21,5.14,48.50,2.27,13.86,4.84,0.0,0.00,0.00,,,,,,,,,0.10869077026723557,0.8913092297327644,0.0,NGC3741,0.10869077026723557,0.8913092297327644,0.09687708672595059
NGC3741,3.21,5.61,50.00,2.32,13.86,4.63,0.0,0.00,0.00,,,,,,,,,0.10038986309132161,0.8996101369086783,0.0,NGC3741,0.10038986309132161,0.8996101369086783,0.0903117384798273
NGC3741,3.21,6.07,50.20,2.40,13.76,4.45,0.0,0.00,0.00,,,,,,,,,0.0946853329418892,0.9053146670581108,0.0,NGC3741,0.0946853329418892,0.9053146670581108,0.0857200206675728
NGC3741,3.21,6.54,50.10,2.57,13.55,4.29,0.0,0.00,0.00,,,,,,,,,0.09110642919587775,0.9088935708041223,0.0,NGC3741,0.09110642919587775,0.9088935708041223,0.08280604775505426
NGC3741,3.21,7.00,51.60,3.24,13.34,4.14,0.0,0.00,0.00,,,,,,,,,0.0878524945770065,0.9121475054229935,0.0,NGC3741,0.0878524945770065,0.9121475054229935,0.08013443377360355
NGC3769,18.0,1.74,87.50,9.40,11.85,26.23,0.0,3.15,0.00,,,,,,,,,0.8304967412063753,0.16950325879362468,0.0,NGC3769,0.8304967412063753,0.16950325879362468,0.14077190405196618
NGC3769,18.0,3.50,106.00,7.10,22.09,36.2,0.0,6.15,0.00,,,,,,,,,0.728666646908452,0.271333353091548,0.0,NGC3769,0.728666646908452,0.271333353091548,0.19771156459164532
NGC3769,18.0,5.24,116.00,5.30,28.99,23.81,0.0,4.23,0.00,,,,,,,,,0.4028291889315432,0.5971708110684569,0.0,NGC3769,0.4028291889315432,0.5971708110684569,0.2405578334762983
NGC3769,18.0,6.98,125.00,5.70,34.81,9.91,0.0,1.25,0.00,,,,,,,,,0.07497120869728649,0.9250287913027134,0.0,NGC3769,0.07497120869728649,0.9250287913027134,0.0693505265637544
NGC3769,18.0,8.72,126.00,4.40,36.96,98.62,0.0,3.98,0.00,,,,,,,,,0.8768438288466244,0.1231561711533756,0.0,NGC3769,0.8768438288466244,0.1231561711533756,0.10798872866021605
NGC3769,18.0,10.47,123.00,4.40,36.75,89.83,0.0,2.58,0.00,,,,,,,,,0.8566280538217902,0.1433719461782099,0.0,NGC3769,0.8566280538217902,0.1433719461782099,0.12281643122728239
NGC3769,18.0,12.31,118.00,4.60,34.7,83.14,0.0,1.42,0.00,,,,,,,,,0.8516463608221114,0.14835363917788855,0.0,NGC3769,0.8516463608221114,0.14835363917788855,0.1263448369205654
NGC3769,18.0,14.52,115.00,6.40,34.16,76.18,0.0,0.61,0.00,,,,,,,,,0.8325888505771203,0.1674111494228797,0.0,NGC3769,0.8325888505771203,0.1674111494228797,0.13938465647178996
NGC3769,18.0,17.07,122.00,15.20,34.92,70.2,0.0,0.41,0.00,,,,,,,,,0.8016401737150567,0.1983598262849433,0.0,NGC3769,0.8016401737150567,0.1983598262849433,0.15901320560115043
NGC3769,18.0,31.82,121.00,10.20,33.73,50.64,0.0,0.00,0.00,,,,,,,,,0.6926863171059305,0.3073136828940695,0.0,NGC3769,0.6926863171059305,0.3073136828940695,0.21287198320015283
NGC3769,18.0,34.61,118.00,10.40,32.54,48.51,0.0,0.00,0.00,,,,,,,,,0.6896748682039712,0.3103251317960288,0.0,NGC3769,0.6896748682039712,0.3103251317960288,0.21402344437180612
NGC3769,18.0,37.16,113.00,10.50,31.57,46.75,0.0,0.00,0.00,,,,,,,,,0.6868027407469373,0.31319725925306285,0.0,NGC3769,0.6868027407469373,0.31319725925306285,0.21510473604943262
NGC3877,18.0,0.87,37.80,9.00,0.0,1.87,0.0,3.73,0.00,,,,,,,,,1.0,0.0,0.0,NGC3877,1.0,0.0,0.0
NGC3877,18.0,1.74,80.10,9.00,0.0,14.98,0.0,3.06,0.00,,,,,,,,,1.0,0.0,0.0,NGC3877,1.0,0.0,0.0
NGC3877,18.0,2.61,121.00,8.50,0.0,22.0,0.0,8.22,0.00,,,,,,,,,1.0,0.0,0.0,NGC3877,1.0,0.0,0.0
NGC3877,18.0,3.50,142.00,7.30,8.66,32.74,0.0,7.36,0.00,,,,,,,,,0.9346103489815009,0.0653896510184992,0.0,NGC3877,0.9346103489815009,0.0653896510184992,0.06111384455817809
NGC3877,18.0,4.37,153.00,6.20,14.44,43.94,0.0,9.49,0.00,,,,,,,,,0.902528994914636,0.09747100508536409,0.0,NGC3877,0.902528994914636,0.09747100508536409,0.08797040825301303
NGC3877,18.0,5.24,160.00,5.30,18.43,59.88,0.0,1.83,0.00,,,,,,,,,0.9134673295732103,0.08653267042678975,0.0,NGC3877,0.9134673295732103,0.08653267042678975,0.07904476737559835
NGC3877,18.0,6.11,162.00,5.30,22.09,81.37,0.0,6.60,0.00,,,,,,,,,0.9313595426671234,0.06864045733287663,0.0,NGC3877,0.9313595426671234,0.06864045733287663,0.06392894495001017
NGC3877,18.0,6.98,167.00,4.50,25.11,93.57,0.0,3.20,0.00,,,,,,,,,0.9328231721408071,0.06717682785919284,0.0,NGC3877,0.9328231721408071,0.06717682785919284,0.0626641016579692
NGC3877,18.0,7.85,169.00,5.30,26.73,97.84,0.0,2.05,0.00,,,,,,,,,0.9305451646341408,0.0694548353658593,0.0,NGC3877,0.9305451646341408,0.0694548353658593,0.06463086121016068
NGC3877,18.0,8.72,171.00,4.90,28.23,0.86,0.0,1.24,0.00,,,,,,,,,0.0009271975654168847,0.9990728024345831,0.0,NGC3877,0.0009271975654168847,0.9990728024345831,0.0009263378700915697
NGC3877,18.0,9.60,171.00,4.90,29.63,1.7,0.0,6.99,0.00,,,,,,,,,0.0032810078802089264,0.9967189921197911,0.0,NGC3877,0.0032810078802089264,0.9967189921197911,0.0032702428674989334
NGC3877,18.0,10.47,170.00,5.70,30.28,95.05,0.0,3.34,0.00,,,,,,,,,0.907864204052324,0.09213579594767599,0.0,NGC3877,0.907864204052324,0.09213579594767599,0.08364679105276421
NGC3877,18.0,11.35,169.00,7.00,30.28,89.75,0.0,1.05,0.00,,,,,,,,,0.8978060143039953,0.10219398569600477,0.0,NGC3877,0.8978060143039953,0.10219398569600477,0.09175037498356955
NGC3893,18.0,1.74,145.00,6.80,17.89,2.16,,8.77,0.00,,,,,,,,,0.0,0.0,0.0,NGC3893,0.0,0.0,0.0
NGC3893,18.0,3.50,174.00,6.80,17.67,10.45,0.0,8.04,0.00,,,,,,,,,0.25912283707383926,0.7408771629261608,0.0,NGC3893,0.25912283707383926,0.7408771629261608,0.19197819238064384
NGC3893,18.0,5.24,194.00,6.40,27.48,11.51,0.0,7.00,0.00,,,,,,,,,0.14925140584961874,0.8507485941503813,0.0,NGC3893,0.14925140584961874,0.8507485941503813,0.12697542370153114
NGC3893,18.0,6.98,190.00,5.50,42.57,87.95,0.0,8.78,0.00,,,,,,,,,0.8101887953372556,0.18981120466274434,0.0,NGC3893,0.8101887953372556,0.18981120466274434,0.15378291124722213
NGC3893,18.0,8.81,186.00,5.80,48.28,72.49,0.0,4.30,0.00,,,,,,,,,0.6927191394242249,0.307280860575775,0.0,NGC3893,0.6927191394242249,0.307280860575775,0.2128593332995861
NGC3893,18.0,10.90,188.00,7.00,45.48,61.01,0.0,5.26,0.00,,,,,,,,,0.642798265928845,0.35720173407115485,0.0,NGC3893,0.642798265928845,0.35720173407115485,0.2296086552477148
NGC3893,18.0,13.12,187.00,8.50,43.32,48.11,0.0,5.31,0.00,,,,,,,,,0.5522464061259863,0.44775359387401376,0.0,NGC3893,0.5522464061259863,0.44775359387401376,0.24727031304691854
NGC3893,18.0,15.33,179.00,12.60,43.11,34.96,0.0,1.91,0.00,,,,,,,,,0.39673192263107904,0.6032680773689209,0.0,NGC3893,0.39673192263107904,0.6032680773689209,0.2393357041965265
NGC3893,18.0,17.30,176.00,11.70,43.21,26.37,0.0,0.93,0.00,,,,,,,,,0.27136860722089257,0.7286313927791074,0.0,NGC3893,0.27136860722089257,0.7286313927791074,0.1977276862358855
NGC3893,18.0,19.05,167.00,13.50,44.51,19.3,0.0,0.00,0.00,,,,,,,,,0.15826191209910173,0.8417380879008982,0.0,NGC3893,0.15826191209910173,0.8417380879008982,0.13321507927783793
NGC3917,18.0,0.87,24.30,3.90,0.0,35.64,0.0,8.65,0.00,,,,,,,,,1.0,0.0,0.0,NGC3917,1.0,0.0,0.0
NGC3917,18.0,1.74,49.60,3.90,0.0,47.54,0.0,1.56,0.00,,,,,,,,,1.0,0.0,0.0,NGC3917,1.0,0.0,0.0
NGC3917,18.0,2.61,73.60,5.20,0.0,60.47,0.0,3.11,0.00,,,,,,,,,1.0,0.0,0.0,NGC3917,1.0,0.0,0.0
NGC3917,18.0,3.50,101.00,4.40,7.38,73.72,0.0,3.10,0.00,,,,,,,,,0.9900777227200045,0.009922277279995558,0.0,NGC3917,0.9900777227200045,0.009922277279995558,0.009823825693574442
NGC3917,18.0,4.37,107.00,3.50,13.36,85.03,0.0,2.47,0.00,,,,,,,,,0.9759077519536273,0.024092248046372652,0.0,NGC3917,0.9759077519536273,0.024092248046372652,0.023511811630444704
NGC3917,18.0,5.24,115.00,3.50,14.01,96.27,0.0,3.86,0.00,,,,,,,,,0.9792607673998195,0.020739232600180492,0.0,NGC3917,0.9792607673998195,0.020739232600180492,0.020309116831336103
NGC3917,18.0,6.11,123.00,3.90,12.18,4.34,0.0,6.19,0.00,,,,,,,,,0.11266119577960142,0.8873388042203986,0.0,NGC3917,0.11266119577960142,0.8873388042203986,0.09996865074511173
NGC3917,18.0,6.98,130.00,3.90,18.32,7.5,0.0,7.17,0.00,,,,,,,,,0.14354162222192735,0.8564583777780727,0.0,NGC3917,0.14354162222192735,0.8564583777780727,0.12293742491182484
NGC3917,18.0,7.85,134.00,3.50,21.34,9.28,0.0,6.52,0.00,,,,,,,,,0.15903263812200608,0.8409673618779939,0.0,NGC3917,0.15903263812200608,0.8409673618779939,0.13374125813396115
NGC3917,18.0,8.72,136.00,3.90,21.77,8.62,0.0,6.62,0.00,,,,,,,,,0.1355332809350987,0.8644667190649012,0.0,NGC3917,0.1355332809350987,0.8644667190649012,0.1171640106940663
NGC3917,18.0,9.60,137.00,4.00,27.37,7.75,0.0,9.83,0.00,,,,,,,,,0.07422643235851036,0.9257735676414897,0.0,NGC3917,0.07422643235851036,0.9257735676414897,0.06871686909783785
NGC3917,18.0,10.47,136.00,3.50,29.53,6.05,0.0,3.97,0.00,,,,,,,,,0.040283466175315315,0.9597165338246847,0.0,NGC3917,0.040283466175315315,0.9597165338246847,0.03866070852821754
NGC3917,18.0,11.35,137.00,3.50,32.11,3.37,0.0,9.49,0.00,,,,,,,,,0.010894859887050095,0.9891051401129499,0.0,NGC3917,0.010894859887050095,0.9891051401129499,0.010776161915091642
NGC3917,18.0,12.19,137.00,3.50,32.87,0.58,0.0,6.45,0.00,,,,,,,,,0.0003112586145494157,0.9996887413854507,0.0,NGC3917,0.0003112586145494157,0.9996887413854507,0.00031116173262428455
NGC3917,18.0,13.12,137.00,5.00,30.82,96.92,0.0,3.54,0.00,,,,,,,,,0.9081659624917972,0.09183403750820285,0.0,NGC3917,0.9081659624917972,0.09183403750820285,0.08340054706314484
NGC3917,18.0,13.94,138.00,5.00,32.01,93.04,0.0,1.82,0.00,,,,,,,,,0.894160577118154,0.1058394228818459,0.0,NGC3917,0.894160577118154,0.1058394228818459,0.09463743944588368
NGC3917,18.0,14.86,137.00,7.50,31.79,88.38,0.0,0.79,0.00,,,,,,,,,0.8854401882826963,0.11455981171730367,0.0,NGC3917,0.8854401882826963,0.11455981171730367,0.1014358612565996
NGC3949,18.0,1.74,123.00,5.50,5.18,60.38,0.0,1.83,0.00,,,,,,,,,0.9926938491796823,0.007306150820317766,0.0,NGC3949,0.9926938491796823,0.007306150820317766,0.007252770980508537
NGC3949,18.0,2.61,145.00,5.50,14.22,84.96,0.0,8.79,0.00,,,,,,,,,0.9727496998144307,0.027250300185569266,0.0,NGC3949,0.9727496998144307,0.027250300185569266,0.026507721325365628
NGC3949,18.0,3.50,152.00,6.20,24.46,99.67,0.0,7.30,0.00,,,,,,,,,0.9431951339108307,0.05680486608916931,0.0,NGC3949,0.9431951339108307,0.05680486608916931,0.05357807327776085
NGC3949,18.0,4.37,157.00,6.60,32.44,88.3,0.0,8.70,0.00,,,,,,,,,0.8810798247208382,0.11892017527916171,0.0,NGC3949,0.8810798247208382,0.11892017527916171,0.10477816719073516
NGC3949,18.0,5.24,161.00,8.80,37.39,78.75,0.0,9.44,0.00,,,,,,,,,0.8160407425963027,0.18395925740369734,0.0,NGC3949,0.8160407425963027,0.18395925740369734,0.15011824901917756
NGC3949,18.0,6.11,165.00,11.20,41.38,66.45,0.0,0.08,0.00,,,,,,,,,0.72057271300907,0.27942728699093,0.0,NGC3949,0.72057271300907,0.27942728699093,0.20134767827581845
NGC3949,18.0,7.07,169.00,25.50,46.55,55.24,0.0,8.90,0.00,,,,,,,,,0.584754126109465,0.415245873890535,0.0,NGC3949,0.584754126109465,0.415245873890535,0.2428167381074209
NGC3953,18.0,3.50,181.00,7.50,0.0,4.12,0.0,8.34,0.00,,,,,,,,,1.0,0.0,0.0,NGC3953,1.0,0.0,0.0
NGC3953,18.0,5.24,203.00,6.50,0.0,18.93,0.0,7.36,0.00,,,,,,,,,1.0,0.0,0.0,NGC3953,1.0,0.0,0.0
NGC3953,18.0,6.98,216.00,5.60,0.0,29.11,0.0,8.13,0.00,,,,,,,,,1.0,0.0,0.0,NGC3953,1.0,0.0,0.0
NGC3953,18.0,8.72,223.00,6.10,9.06,44.28,0.0,2.72,0.00,,,,,,,,,0.9598181321537771,0.040181867846222984,0.0,NGC3953,0.9598181321537771,0.040181867846222984,0.03856728534261166
NGC3953,18.0,10.47,224.00,5.60,19.18,47.46,0.0,8.64,0.00,,,,,,,,,0.8596080484703419,0.14039195152965817,0.0,NGC3953,0.8596080484703419,0.14039195152965817,0.12068205147535228
NGC3953,18.0,12.19,223.00,6.10,28.88,42.84,0.0,2.87,0.00,,,,,,,,,0.6875404972052808,0.3124595027947192,0.0,NGC3953,0.6875404972052808,0.3124595027947192,0.21482856190799604
NGC3953,18.0,13.94,224.00,6.10,35.56,33.58,0.0,5.30,0.00,,,,,,,,,0.4713859196615568,0.5286140803384433,0.0,NGC3953,0.4713859196615568,0.5286140803384433,0.24918123440638515
NGC3953,18.0,15.68,215.00,9.70,37.5,18.76,0.0,4.86,0.00,,,,,,,,,0.20017067575724004,0.79982932424276,0.0,NGC3953,0.20017067575724004,0.79982932424276,0.1601023763241299
NGC3972,18.0,0.87,39.60,4.90,0.0,48.19,0.0,4.81,0.00,,,,,,,,,1.0,0.0,0.0,NGC3972,1.0,0.0,0.0
NGC3972,18.0,1.74,73.00,5.20,5.93,61.19,0.0,6.18,0.00,,,,,,,,,0.9906955927438911,0.00930440725610887,0.0,NGC3972,0.9906955927438911,0.00930440725610887,0.009217835261721338
NGC3972,18.0,2.61,89.40,6.60,7.31,74.23,0.0,4.66,0.00,,,,,,,,,0.9903952868763694,0.009604713123630702,0.0,NGC3972,0.9903952868763694,0.009604713123630702,0.009512462609443459
NGC3972,18.0,3.50,102.00,5.30,13.47,83.56,0.0,9.27,0.00,,,,,,,,,0.974672231842852,0.025327768157148087,0.0,NGC3972,0.974672231842852,0.025327768157148087,0.024686272317325845
NGC3972,18.0,4.37,110.00,4.40,16.7,88.18,0.0,9.83,0.00,,,,,,,,,0.9653750754972089,0.034624924502791095,0.0,NGC3972,0.9653750754972089,0.034624924502791095,0.033426039105967115
NGC3972,18.0,5.24,116.00,4.40,20.91,99.34,0.0,8.87,0.00,,,,,,,,,0.9575739988488078,0.04242600115119222,0.0,NGC3972,0.9575739988488078,0.04242600115119222,0.04062603557751126
NGC3972,18.0,6.11,123.00,4.40,24.68,6.44,0.0,7.78,0.00,,,,,,,,,0.06374904699835224,0.9362509530016477,0.0,NGC3972,0.06374904699835224,0.9362509530016477,0.059685106005154115
NGC3972,18.0,6.98,130.00,3.90,28.34,2.6,0.0,9.69,0.00,,,,,,,,,0.008346548702111678,0.9916534512978883,0.0,NGC3972,0.008346548702111678,0.9916534512978883,0.008276883826874956
NGC3972,18.0,7.85,134.00,6.10,30.6,97.1,0.0,1.87,0.00,,,,,,,,,0.9096593556827599,0.09034064431724007,0.0,NGC3972,0.9096593556827599,0.09034064431724007,0.08217921230158598
NGC3972,18.0,8.72,134.00,4.90,30.07,92.41,0.0,8.09,0.00,,,,,,,,,0.9042542561992702,0.09574574380072964,0.0,NGC3972,0.9042542561992702,0.09574574380072964,0.08657849634477467
NGC3992,23.7,9.19,248.00,7.00,0.0,18.11,0.0,2.17,0.00,,,,,,,,,1.0,0.0,0.0,NGC3992,1.0,0.0,0.0
NGC3992,23.7,13.79,264.00,6.60,6.57,46.64,0.0,3.44,0.00,,,,,,,,,0.9805428058136869,0.01945719418631304,0.0,NGC3992,0.9805428058136869,0.01945719418631304,0.019078611780709142
NGC3992,23.7,18.35,272.00,5.70,31.53,43.17,0.0,0.16,0.00,,,,,,,,,0.6521294533278829,0.34787054667211703,0.0,NGC3992,0.6521294533278829,0.34787054667211703,0.22685662943015944
NGC3992,23.7,22.94,271.00,5.70,46.25,31.91,0.0,0.58,0.00,,,,,,,,,0.32250488754574863,0.6774951124542514,0.0,NGC3992,0.32250488754574863,0.6774951124542514,0.21849548505485267
NGC3992,23.7,27.52,264.00,5.30,52.31,6.95,0.0,5.11,0.00,,,,,,,,,0.017346057043093492,0.9826539429569066,0.0,NGC3992,0.017346057043093492,0.9826539429569066,0.01704517134815124
NGC3992,23.7,32.11,242.00,7.40,49.34,87.25,0.0,2.48,0.00,,,,,,,,,0.7576952263980222,0.2423047736019777,0.0,NGC3992,0.7576952263980222,0.2423047736019777,0.183593170291672
NGC3992,23.7,36.70,244.00,5.30,46.74,73.25,0.0,1.13,0.00,,,,,,,,,0.7106526364150751,0.28934736358492485,0.0,NGC3992,0.7106526364150751,0.28934736358492485,0.20562546677137816
NGC3992,23.7,41.44,241.00,6.20,45.26,61.14,0.0,0.43,0.00,,,,,,,,,0.6459960579045898,0.35400394209541025,0.0,NGC3992,0.6459960579045898,0.35400394209541025,0.2286851510763197
NGC3992,23.7,46.02,237.00,8.60,44.89,51.17,0.0,0.00,0.00,,,,,,,,,0.565097579983602,0.434902420016398,0.0,NGC3992,0.565097579983602,0.434902420016398,0.24576230508027855
NGC4010,18.0,0.87,39.30,6.60,0.0,32.75,0.0,5.76,0.00,,,,,,,,,1.0,0.0,0.0,NGC4010,1.0,0.0,0.0
NGC4010,18.0,1.74,54.60,5.60,11.53,62.91,0.0,3.85,0.00,,,,,,,,,0.9675009515698029,0.032499048430197075,0.0,NGC4010,0.9675009515698029,0.032499048430197075,0.031442860281328776
NGC4010,18.0,2.61,65.50,6.70,13.36,83.12,0.0,9.05,0.00,,,,,,,,,0.9748160121364264,0.02518398786357356,0.0,NGC4010,0.9748160121364264,0.02518398786357356,0.02454975461886094
NGC4010,18.0,3.50,83.90,5.20,15.73,93.77,0.0,0.83,0.00,,,,,,,,,0.9726298481839952,0.027370151816004832,0.0,NGC4010,0.9726298481839952,0.027370151816004832,0.02662102660557368
NGC4010,18.0,4.37,94.30,6.30,19.72,97.55,0.0,1.56,0.00,,,,,,,,,0.9607387101444097,0.03926128985559029,0.0,NGC4010,0.9607387101444097,0.03926128985559029,0.03771984097446562
NGC4010,18.0,5.24,104.00,5.70,22.31,98.14,0.0,1.09,0.00,,,,,,,,,0.9508612416284937,0.04913875837150623,0.0,NGC4010,0.9508612416284937,0.04913875837150623,0.04672414079721296
NGC4010,18.0,6.11,115.00,5.10,25.86,98.57,0.0,9.41,0.00,,,,,,,,,0.9356039020357138,0.06439609796428612,0.0,NGC4010,0.9356039020357138,0.06439609796428612,0.06024924053126018
NGC4010,18.0,6.98,127.00,5.10,29.63,99.07,0.0,1.00,0.00,,,,,,,,,0.9178945877403245,0.08210541225967548,0.0,NGC4010,0.9178945877403245,0.08210541225967548,0.07536411353734421
NGC4010,18.0,7.85,129.00,5.10,33.19,99.28,0.0,0.82,0.00,,,,,,,,,0.8994737543101129,0.10052624568988702,0.0,NGC4010,0.8994737543101129,0.10052624568988702,0.09042071961738349
NGC4010,18.0,8.72,127.00,5.10,36.53,96.65,0.0,3.73,0.00,,,,,,,,,0.8750015947486692,0.12499840525133078,0.0,NGC4010,0.8750015947486692,0.12499840525133078,0.10937380393595486
NGC4010,18.0,9.60,124.00,5.10,35.56,93.39,0.0,9.74,0.00,,,,,,,,,0.8733739682530273,0.12662603174697273,0.0,NGC4010,0.8733739682530273,0.12662603174697273,0.11059187983098738
NGC4010,18.0,10.47,122.00,3.90,33.73,90.22,0.0,6.87,0.00,,,,,,,,,0.8773667572912138,0.12263324270878614,0.0,NGC4010,0.8773667572912138,0.12263324270878614,0.1075943304915141
NGC4013,18.0,5.49,198.00,10.00,0.0,86.83,8.11,8.72,6.53,,,,,,,,,0.9913517174583092,0.0,0.008648282541690767,NGC4013,0.9913517174583092,0.0,0.0
NGC4013,18.0,6.17,195.00,5.00,10.14,97.4,2.7,1.17,3.26,,,,,,,,,0.9885265086857071,0.010713868613990544,0.0007596227003021902,NGC4013,0.9885265086857071,0.010713868613990544,0.010590943135505449
NGC4013,18.0,6.92,194.00,4.00,19.07,3.18,7.43,2.63,1.51,,,,,,,,,0.02357300605945888,0.8477389038519547,0.12868809008858642,NGC4013,0.02357300605945888,0.8477389038519547,0.019983754317341156
NGC4013,18.0,7.69,195.00,3.00,24.03,5.95,2.74,4.26,0.69,,,,,,,,,0.057068498317887774,0.9308293208199873,0.012102180862124829,NGC4013,0.057068498317887774,0.9308293208199873,0.05312103152945606
NGC4013,18.0,8.36,195.00,3.00,26.62,5.73,8.92,9.51,0.35,,,,,,,,,0.03999019760330914,0.8630985926472037,0.09691120974948712,NGC4013,0.03999019760330914,0.8630985926472037,0.03451548327109969
NGC4013,18.0,9.12,195.00,3.00,28.67,2.75,5.21,9.71,0.16,,,,,,,,,0.008827729986441773,0.959486876886289,0.031685393127269305,NGC4013,0.008827729986441773,0.959486876886289,0.00847009107468646
NGC4013,18.0,9.88,192.00,7.00,29.74,95.44,1.9,0.91,0.07,,,,,,,,,0.9111644451315927,0.08847444188337647,0.0003611129850307564,NGC4013,0.9111644451315927,0.08847444188337647,0.08061476574699407
NGC4013,18.0,10.56,188.00,8.00,29.63,85.44,9.23,9.67,0.04,,,,,,,,,0.8834424038735763,0.10624758429724042,0.01031001182918314,NGC4013,0.8834424038735763,0.10624758429724042,0.09386362127731451
NGC4013,18.0,11.31,186.00,7.00,29.42,75.66,6.58,4.66,0.02,,,,,,,,,0.8629886889546035,0.13048415167400734,0.0065271593713892235,NGC4013,0.8629886889546035,0.13048415167400734,0.11260634698250523
NGC4013,18.0,12.08,186.00,6.00,29.85,66.96,4.1,2.88,0.01,,,,,,,,,0.8316170154652137,0.16526509883447277,0.0031178857003133892,NGC4013,0.8316170154652137,0.16526509883447277,0.1374372682532878
NGC4013,18.0,12.77,186.00,5.00,30.5,60.29,2.07,1.80,0.00,,,,,,,,,0.7954805851684865,0.20358168073446542,0.0009377340970482243,NGC4013,0.7954805851684865,0.20358168073446542,0.16194527452023655
NGC4013,18.0,13.47,185.00,6.00,31.57,54.56,0.18,1.31,0.00,,,,,,,,,0.7491633112837882,0.2508285346771525,8.154039059206099e-06,NGC4013,0.7491633112837882,0.2508285346771525,0.18791153560319607
NGC4013,18.0,14.17,180.00,10.00,32.44,49.44,8.41,0.82,0.00,,,,,,,,,0.6851815945376168,0.29499214735187884,0.019826258110504324,NGC4013,0.6851815945376168,0.29499214735187884,0.20212318989863598
NGC4013,18.0,14.98,163.00,8.00,32.98,44.15,6.54,0.43,0.00,,,,,,,,,0.6329313373864673,0.35318031175047876,0.013888350863053872,NGC4013,0.6329313373864673,0.35318031175047876,0.2235388870548
NGC4013,18.0,15.68,162.00,6.00,32.44,40.03,5.04,0.22,0.00,,,,,,,,,0.5978759595383268,0.3926463835446002,0.009477656917072853,NGC4013,0.5978759595383268,0.3926463835446002,0.23475383332098174
NGC4013,18.0,16.37,164.00,5.00,31.79,36.17,3.66,0.00,0.00,,,,,,,,,0.5609426375675598,0.4333137701206456,0.00574359231179462,NGC4013,0.5609426375675598,0.4333137701206456,0.2430641691058182
NGC4013,18.0,17.19,166.00,5.00,30.82,32.07,2.12,0.00,0.00,,,,,,,,,0.5186897739250999,0.47904359161101157,0.0022666344638885504,NGC4013,0.5186897739250999,0.47904359161101157,0.24847501223298346
NGC4013,18.0,17.88,166.00,5.00,29.63,28.95,0.91,0.00,0.00,,,,,,,,,0.48815793880424674,0.5113597292743908,0.00048233192136259794,NGC4013,0.48815793880424674,0.5113597292743908,0.24962431143008423
NGC4013,18.0,18.58,166.00,5.00,28.56,26.05,9.75,0.00,0.00,,,,,,,,,0.42697163461580817,0.5132157489914357,0.05981261639275608,NGC4013,0.42697163461580817,0.5132157489914357,0.2191285672574496
NGC4013,18.0,19.39,166.00,5.00,27.91,22.95,8.49,0.00,0.00,,,,,,,,,0.3822915858435057,0.5653911843412601,0.05231722981523436,NGC4013,0.3822915858435057,0.5653911843412601,0.2161442924837582
NGC4013,18.0,20.09,168.00,5.00,27.26,20.47,7.46,0.00,0.00,,,,,,,,,0.34408584932534203,0.6102149312507242,0.04569921942393377,NGC4013,0.34408584932534203,0.6102149312507242,0.20996632289041064
NGC4013,18.0,20.79,172.00,5.00,26.4,18.15,6.49,0.00,0.00,,,,,,,,,0.3083029465721468,0.6522773084501619,0.03941974497769121,NGC4013,0.3083029465721468,0.6522773084501619,0.20109901617733397
NGC4013,18.0,21.48,173.00,5.00,25.97,16.0,5.57,0.00,0.00,,,,,,,,,0.2662601207448045,0.7014715448016976,0.032268334453497985,NGC4013,0.2662601207448045,0.7014715448016976,0.18677389821794455
NGC4013,18.0,22.30,171.00,5.00,26.08,13.61,4.54,0.00,0.00,,,,,,,,,0.2090631923947594,0.7676734159125275,0.02326339169271321,NGC4013,0.2090631923947594,0.7676734159125275,0.1604922550472629
NGC4013,18.0,22.99,170.00,5.00,26.4,11.72,3.72,0.00,0.00,,,,,,,,,0.1619492999407657,0.8217348490279156,0.016315851031318742,NGC4013,0.1619492999407657,0.8217348490279156,0.13307938353700172
NGC4013,18.0,23.69,172.00,5.00,27.16,9.89,2.92,0.00,0.00,,,,,,,,,0.1158905507686515,0.8740071286383562,0.010102320592992379,NGC4013,0.1158905507686515,0.8740071286383562,0.10128916751362674
NGC4013,18.0,24.39,173.00,5.00,28.88,8.16,2.15,0.00,0.00,,,,,,,,,0.07355391391999559,0.9213398323690642,0.005106253710940197,NGC4013,0.07355391391999559,0.9213398323690642,0.06776815072113732
NGC4013,18.0,25.20,176.00,5.00,30.17,6.26,1.31,0.00,0.00,,,,,,,,,0.041200985015128276,0.9569947450019062,0.0018042699829655718,NGC4013,0.041200985015128276,0.9569947450019062,0.03942912614838004
NGC4013,18.0,25.90,178.00,5.00,29.96,4.71,0.61,0.00,0.00,,,,,,,,,0.024109016953396466,0.9754865958860534,0.00040438716055007077,NGC4013,0.024109016953396466,0.9754865958860534,0.02351802287802787
NGC4013,18.0,26.59,180.00,6.00,29.63,3.24,9.95,0.00,0.00,,,,,,,,,0.01063115925370429,0.8891067480760798,0.10026209267021592,NGC4013,0.01063115925370429,0.8891067480760798,0.009452235432339945
NGC4013,18.0,27.41,180.00,8.00,29.1,1.58,9.19,0.00,0.00,,,,,,,,,0.0026734849600406957,0.9068794259782332,0.09044708906172606,NGC4013,0.0026734849600406957,0.9068794259782332,0.002424528505923146
NGC4013,18.0,28.10,180.00,5.00,28.45,0.24,8.59,0.00,0.00,,,,,,,,,6.52138323067061e-05,0.9163930365213312,0.08354174964636216,NGC4013,6.52138323067061e-05,0.9163930365213312,5.976150181073529e-05
NGC4013,18.0,28.80,180.00,5.00,28.02,98.94,7.99,0.00,0.00,,,,,,,,,0.9201961093727394,0.07380280063775771,0.006001089989502904,NGC4013,0.9201961093727394,0.07380280063775771,0.06791305000767657
NGC4013,18.0,29.61,178.00,5.00,27.59,97.5,7.33,0.00,0.00,,,,,,,,,0.921042318097715,0.07375199189783113,0.005205690004453946,NGC4013,0.921042318097715,0.07375199189783113,0.06792870558190228
NGC4013,18.0,30.31,174.00,5.00,27.59,96.31,6.78,0.00,0.00,,,,,,,,,0.9199451449591456,0.0754957609660641,0.0045590940747903515,NGC4013,0.9199451449591456,0.0754957609660641,0.06945195876572684
NGC4013,18.0,31.01,170.00,10.00,26.19,95.16,6.25,0.00,0.00,,,,,,,,,0.9258743723495599,0.07013167206320574,0.00399395558723432,NGC4013,0.9258743723495599,0.07013167206320574,0.06493311785334578
NGC4051,18.0,1.74,121.00,14.80,0.0,69.0,0.0,5.16,0.00,,,,,,,,,1.0,0.0,0.0,NGC4051,1.0,0.0,0.0
NGC4051,18.0,3.50,116.00,7.80,0.0,38.74,0.0,5.50,0.00,,,,,,,,,1.0,0.0,0.0,NGC4051,1.0,0.0,0.0
NGC4051,18.0,5.24,140.00,7.00,9.08,51.11,0.0,3.40,0.00,,,,,,,,,0.969403993834515,0.03059600616548505,0.0,NGC4051,0.969403993834515,0.03059600616548505,0.029659890572206655
NGC4051,18.0,6.98,160.00,6.60,18.43,81.17,0.0,8.76,0.00,,,,,,,,,0.9509738109588624,0.04902618904113773,0.0,NGC4051,0.9509738109588624,0.04902618904113773,0.04662262182924036
NGC4051,18.0,8.72,161.00,5.20,29.1,95.63,0.0,7.69,0.00,,,,,,,,,0.9152504113103777,0.08474958868962242,0.0,NGC4051,0.9152504113103777,0.08474958868962242,0.07756709590656224
NGC4051,18.0,10.47,154.00,7.40,34.92,81.53,0.0,6.60,0.00,,,,,,,,,0.8449883597598149,0.15501164024018518,0.0,NGC4051,0.8449883597598149,0.15501164024018518,0.1309830316302326
NGC4051,18.0,12.19,153.00,9.80,38.79,69.17,0.0,5.22,0.00,,,,,,,,,0.7607525051465595,0.2392474948534405,0.0,NGC4051,0.7607525051465595,0.2392474948534405,0.18200813105979344
NGC4068,4.37,0.21,4.68,3.65,0.92,6.84,0.0,3.41,0.00,,,,,,,,,0.9822304333221363,0.017769566677863623,0.0,NGC4068,0.9822304333221363,0.017769566677863623,0.01745380917794458
NGC4068,4.37,0.64,13.10,3.44,4.01,16.7,0.0,5.39,0.00,,,,,,,,,0.9454856610890391,0.0545143389109608,0.0,NGC4068,0.9454856610890391,0.0545143389109608,0.0515425257640617
NGC4068,4.37,1.06,22.50,2.45,7.7,21.47,0.0,9.75,0.00,,,,,,,,,0.8860357569780274,0.11396424302197271,0.0,NGC4068,0.8860357569780274,0.11396424302197271,0.10097639433440146
NGC4068,4.37,1.48,30.40,1.71,12.5,23.36,0.0,1.73,0.00,,,,,,,,,0.7774025001581333,0.22259749984186675,0.0,NGC4068,0.7774025001581333,0.22259749984186675,0.17304785290601687
NGC4068,4.37,1.91,36.00,1.70,17.24,23.95,0.0,5.17,0.00,,,,,,,,,0.6586923062524626,0.3413076937475375,0.0,NGC4068,0.6586923062524626,0.3413076937475375,0.22481675193627468
NGC4068,4.37,2.33,41.90,4.97,19.86,22.61,0.0,2.22,0.00,,,,,,,,,0.564481234479756,0.4355187655202441,0.0,NGC4068,0.564481234479756,0.4355187655202441,0.24584217039996675
NGC4085,18.0,0.87,42.20,7.30,0.0,94.8,0.0,8.20,0.00,,,,,,,,,1.0,0.0,0.0,NGC4085,1.0,0.0,0.0
NGC4085,18.0,1.74,79.90,5.90,11.42,29.33,0.0,9.63,0.00,,,,,,,,,0.8683547309065938,0.13164526909340624,0.0,NGC4085,0.8683547309065938,0.13164526909340624,0.11431479221873089
NGC4085,18.0,2.71,112.00,6.20,11.32,42.76,0.0,7.04,0.00,,,,,,,,,0.9345062763217075,0.06549372367829252,0.0,NGC4085,0.9345062763217075,0.06549372367829252,0.06120429583704399
NGC4085,18.0,3.58,127.00,4.90,18.54,48.78,0.0,7.75,0.00,,,,,,,,,0.87377751338489,0.12622248661511,0.0,NGC4085,0.87377751338489,0.12622248661511,0.11029037048780839
NGC4085,18.0,4.45,130.00,4.90,23.17,55.31,0.0,8.21,0.00,,,,,,,,,0.8507112953258371,0.1492887046741629,0.0,NGC4085,0.8507112953258371,0.1492887046741629,0.12700158733087347
NGC4085,18.0,5.32,133.00,4.50,25.76,49.59,0.0,2.75,0.00,,,,,,,,,0.7875018769539895,0.21249812304601043,0.0,NGC4085,0.7875018769539895,0.21249812304601043,0.16734267074793305
NGC4085,18.0,6.20,136.00,7.40,25.0,39.16,0.0,3.28,0.00,,,,,,,,,0.7104478209368557,0.2895521790631445,0.0,NGC4085,0.7104478209368557,0.2895521790631445,0.20571171466292926
NGC4088,18.0,1.74,84.90,11.30,0.0,37.12,0.0,0.04,0.00,,,,,,,,,1.0,0.0,0.0,NGC4088,1.0,0.0,0.0
NGC4088,18.0,3.50,136.00,9.90,0.0,80.27,0.0,2.93,0.00,,,,,,,,,1.0,0.0,0.0,NGC4088,1.0,0.0,0.0
NGC4088,18.0,5.24,162.00,8.00,16.92,40.94,0.0,9.12,0.00,,,,,,,,,0.8541119156937783,0.1458880843062216,0.0,NGC4088,0.8541119156937783,0.1458880843062216,0.12460475116368237
NGC4088,18.0,6.98,179.00,6.50,31.57,64.14,0.0,5.90,0.00,,,,,,,,,0.8049810154552167,0.1950189845447833,0.0,NGC4088,0.8049810154552167,0.1950189845447833,0.15698658021190487
NGC4088,18.0,8.72,182.00,6.10,42.24,43.55,0.0,5.39,0.00,,,,,,,,,0.5152662853585265,0.4847337146414736,0.0,NGC4088,0.5152662853585265,0.4847337146414736,0.24976694053135207
NGC4088,18.0,10.47,179.00,7.00,48.71,30.28,0.0,2.19,0.00,,,,,,,,,0.27872520266876016,0.7212747973312398,0.0,NGC4088,0.27872520266876016,0.7212747973312398,0.20103746406601872
NGC4088,18.0,12.19,174.00,6.20,53.67,19.07,0.0,1.94,0.00,,,,,,,,,0.11209922969268404,0.8879007703073158,0.0,NGC4088,0.11209922969268404,0.8879007703073158,0.0995329923949909
NGC4088,18.0,13.94,171.00,7.20,54.74,99.15,0.0,5.09,0.00,,,,,,,,,0.7663971940355043,0.23360280596449567,0.0,NGC4088,0.7663971940355043,0.23360280596449567,0.17903253501000985
NGC4088,18.0,15.68,168.00,6.10,54.64,84.18,0.0,3.51,0.00,,,,,,,,,0.7035754277139286,0.29642457228607155,0.0,NGC4088,0.7035754277139286,0.29642457228607155,0.20855704523109111
NGC4088,18.0,17.42,165.00,5.60,53.77,72.93,0.0,1.72,0.00,,,,,,,,,0.6478424269492497,0.3521575730507504,0.0,NGC4088,0.6478424269492497,0.3521575730507504,0.2281426167937558
NGC4088,18.0,19.28,171.00,8.60,52.37,62.7,0.0,0.85,0.00,,,,,,,,,0.5890537669921647,0.4109462330078353,0.0,NGC4088,0.5890537669921647,0.4109462330078353,0.24206942658450523
NGC4088,18.0,21.48,174.00,7.60,50.22,52.44,0.0,0.00,0.00,,,,,,,,,0.5216146731355565,0.4783853268644435,0.0,NGC4088,0.5216146731355565,0.4783853268644435,0.24953280590524307
NGC4100,18.0,2.61,120.00,10.50,5.71,26.18,0.0,1.27,0.00,,,,,,,,,0.954590168615028,0.04540983138497194,0.0,NGC4100,0.954590168615028,0.04540983138497194,0.04334777859856036
NGC4100,18.0,3.50,148.00,7.50,9.28,35.14,0.0,6.69,0.00,,,,,,,,,0.9348051157586502,0.0651948842413497,0.0,NGC4100,0.9348051157586502,0.0651948842413497,0.060944511310106704
NGC4100,18.0,4.37,168.00,6.20,13.15,52.52,0.0,2.74,0.00,,,,,,,,,0.9410077103363524,0.05899228966364749,0.0,NGC4100,0.9410077103363524,0.05899228966364749,0.05551219942388779
NGC4100,18.0,5.24,182.00,6.10,16.38,77.98,0.0,8.01,0.00,,,,,,,,,0.9577419135760546,0.04225808642394532,0.0,NGC4100,0.9577419135760546,0.04225808642394532,0.040472340555731685
NGC4100,18.0,6.11,190.00,5.20,19.18,96.88,0.0,3.01,0.00,,,,,,,,,0.9622834498515974,0.037716550148402535,0.0,NGC4100,0.9622834498515974,0.037716550148402535,0.03629401199330557
NGC4100,18.0,6.98,194.00,5.70,21.66,7.03,0.0,3.77,0.00,,,,,,,,,0.09530107901148625,0.9046989209885137,0.0,NGC4100,0.09530107901148625,0.9046989209885137,0.0862187833507327
NGC4100,18.0,7.85,195.00,6.10,23.38,98.89,0.0,4.81,0.00,,,,,,,,,0.9470625608635951,0.05293743913640481,0.0,NGC4100,0.9470625608635951,0.05293743913640481,0.05013506667408424
NGC4100,18.0,8.72,193.00,4.80,24.46,91.25,0.0,0.14,0.00,,,,,,,,,0.9329634307411254,0.0670365692588745,0.0,NGC4100,0.9329634307411254,0.0670365692588745,0.06254266764087461
NGC4100,18.0,9.60,192.00,3.90,25.0,80.26,0.0,1.59,0.00,,,,,,,,,0.9115566154547866,0.08844338454521335,0.0,NGC4100,0.9115566154547866,0.08844338454521335,0.08062115227540086
NGC4100,18.0,10.47,192.00,3.50,25.65,69.65,0.0,5.04,0.00,,,,,,,,,0.8805741285467809,0.11942587145321919,0.0,NGC4100,0.8805741285467809,0.11942587145321919,0.10516333268085835
NGC4100,18.0,11.35,191.00,4.40,26.73,62.03,0.0,3.24,0.00,,,,,,,,,0.8433889924229329,0.15661100757706709,0.0,NGC4100,0.8433889924229329,0.15661100757706709,0.13208399988276293
NGC4100,18.0,12.19,189.00,4.80,28.34,57.28,0.0,1.29,0.00,,,,,,,,,0.8033483556202826,0.1966516443797173,0.0,NGC4100,0.8033483556202826,0.1966516443797173,0.1579797751424705
NGC4100,18.0,13.12,185.00,5.30,30.6,52.13,0.0,6.56,0.00,,,,,,,,,0.7437366117254156,0.25626338827458434,0.0,NGC4100,0.7437366117254156,0.25626338827458434,0.19059246410461395
NGC4100,18.0,13.94,182.00,4.50,32.54,46.63,0.0,4.29,0.00,,,,,,,,,0.6725074797990912,0.32749252020090874,0.0,NGC4100,0.6725074797990912,0.32749252020090874,0.2202411694133661
NGC4100,18.0,14.86,179.00,6.60,34.38,41.01,0.0,2.82,0.00,,,,,,,,,0.5872677761348583,0.4127322238651417,0.0,NGC4100,0.5872677761348583,0.4127322238651417,0.24238433524847622
NGC4100,18.0,15.68,176.00,6.20,36.42,36.34,0.0,2.06,0.00,,,,,,,,,0.49890049610655335,0.5010995038934466,0.0,NGC4100,0.49890049610655335,0.5010995038934466,0.24999879109118828
NGC4100,18.0,16.61,174.00,6.60,38.36,31.69,0.0,1.52,0.00,,,,,,,,,0.405637824595636,0.594362175404364,0.0,NGC4100,0.405637824595636,0.594362175404364,0.24109577985295605
NGC4100,18.0,17.42,178.00,8.70,38.9,28.17,0.0,1.33,0.00,,,,,,,,,0.34401033415325727,0.6559896658467428,0.0,NGC4100,0.34401033415325727,0.6559896658467428,0.22566722414902157
NGC4100,18.0,18.35,177.00,6.20,37.93,24.63,0.0,0.81,0.00,,,,,,,,,0.2965972885049189,0.7034027114950812,0.0,NGC4100,0.2965972885049189,0.7034027114950812,0.2086273369564488
NGC4100,18.0,19.16,169.00,5.90,36.96,21.38,0.0,0.36,0.00,,,,,,,,,0.25072287134436844,0.7492771286556316,0.0,NGC4100,0.25072287134436844,0.7492771286556316,0.18786091312920372
NGC4100,18.0,20.09,158.00,6.30,36.1,17.8,0.0,0.20,0.00,,,,,,,,,0.1955742106725101,0.8044257893274899,0.0,NGC4100,0.1955742106725101,0.8044257893274899,0.15732493879233472
NGC4100,18.0,21.02,158.00,7.60,34.92,14.69,0.0,0.16,0.00,,,,,,,,,0.1503593395357101,0.8496406604642899,0.0,NGC4100,0.1503593395357101,0.8496406604642899,0.12775140855009515
NGC4100,18.0,21.95,158.00,8.90,33.73,11.9,0.0,0.11,0.00,,,,,,,,,0.1106913665033277,0.8893086334966724,0.0,NGC4100,0.1106913665033277,0.8893086334966724,0.0984387878849537
NGC4100,18.0,22.76,159.00,9.00,32.65,9.45,0.0,0.00,0.00,,,,,,,,,0.07729643173998658,0.9227035682600134,0.0,NGC4100,0.07729643173998658,0.9227035682600134,0.07132169338025218
NGC4138,18.0,2.61,179.00,14.70,8.52,97.55,8.24,5.38,0.00,,,,,,,,,0.985451443254669,0.007517265201058294,0.0070312915442727365,NGC4138,0.985451443254669,0.007517265201058294,0.007407899841710995
NGC4138,18.0,5.24,195.00,6.80,19.72,77.52,3.47,8.82,0.00,,,,,,,,,0.9374567188647305,0.06066490462951973,0.0018783765057498287,NGC4138,0.9374567188647305,0.06066490462951973,0.05687072244423136
NGC4138,18.0,7.85,181.00,9.80,23.38,48.4,8.2,4.08,0.00,,,,,,,,,0.792362557960217,0.18489375206076636,0.022743689979016542,NGC4138,0.792362557960217,0.18489375206076636,0.146502886333731
NGC4138,18.0,10.65,162.00,20.40,20.04,26.45,8.55,2.75,0.00,,,,,,,,,0.5957579562271046,0.34199041374714234,0.06225163002575308,NGC4138,0.5957579562271046,0.34199041374714234,0.2037435099432594
NGC4138,18.0,13.47,145.00,9.60,20.8,10.59,2.06,0.23,0.00,,,,,,,,,0.20426525462919537,0.7880055013216906,0.007729244049114104,NGC4138,0.20426525462919537,0.7880055013216906,0.16096214437668188
NGC4138,18.0,16.03,147.00,17.90,22.85,0.09,7.73,0.06,0.00,,,,,,,,,1.3920312227447588e-05,0.8972973112315439,0.10268876845622878,NGC4138,1.3920312227447588e-05,0.8972973112315439,1.2490658733192304e-05
NGC4138,18.0,18.58,150.00,21.00,23.38,92.33,4.33,0.00,0.00,,,,,,,,,0.9378041007712676,0.06013335984979518,0.002062539378937027,NGC4138,0.9378041007712676,0.06013335984979518,0.05639331146029222
NGC4157,18.0,1.74,96.40,12.10,5.73,29.95,,3.87,0.01,,,,,,,,,0.0,0.0,0.0,NGC4157,0.0,0.0,0.0
NGC4157,18.0,3.50,157.00,10.50,16.49,17.21,9.8,8.27,0.00,,,,,,,,,0.4459635422548297,0.4094293076714363,0.14460715007373404,NGC4157,0.4459635422548297,0.4094293076714363,0.18259054435209626
NGC4157,18.0,5.24,192.00,8.40,21.44,37.63,0.7,2.95,0.00,,,,,,,,,0.7547338329121318,0.24500499818647511,0.0002611689013930162,NGC4157,0.7547338329121318,0.24500499818647511,0.18491356136390827
NGC4157,18.0,6.98,201.00,6.90,24.35,46.25,5.27,8.18,0.00,,,,,,,,,0.7750906338559624,0.21484583847010638,0.010063527673931106,NGC4157,0.7750906338559624,0.21484583847010638,0.16652499712111046
NGC4157,18.0,8.72,201.00,7.30,30.5,51.02,1.55,8.77,0.00,,,,,,,,,0.7362178994674565,0.26310260147310865,0.000679499059434715,NGC4157,0.7362178994674565,0.26310260147310865,0.19370084460095538
NGC4157,18.0,10.47,194.00,6.40,41.92,30.73,8.8,9.25,0.00,,,,,,,,,0.3398030765302489,0.6323313791828767,0.02786554428687434,NGC4157,0.3398030765302489,0.6323313791828767,0.2148681480329569
NGC4157,18.0,12.19,190.00,6.00,51.62,8.57,6.69,3.48,0.00,,,,,,,,,0.02639220556201622,0.9575248235121039,0.016082970925879864,NGC4157,0.02639220556201622,0.9575248235121039,0.02527119197286475
NGC4157,18.0,13.94,186.00,6.40,50.11,92.8,4.96,7.50,0.00,,,,,,,,,0.772538754747194,0.22525431973760968,0.0022069255151963537,NGC4157,0.772538754747194,0.22525431973760968,0.17401769167151926
NGC4157,18.0,15.68,184.00,6.40,48.39,79.28,3.53,4.20,0.00,,,,,,,,,0.7275203378801379,0.27103732338674547,0.0014423387331166245,NGC4157,0.7275203378801379,0.27103732338674547,0.19718516508845327
NGC4157,18.0,17.42,182.00,7.30,52.05,69.24,2.32,2.43,0.00,,,,,,,,,0.6384777251910684,0.36080545895545374,0.0007168158534778535,NGC4157,0.6384777251910684,0.36080545895545374,0.23036624867039748
NGC4157,18.0,19.16,181.00,6.60,50.54,60.07,1.29,0.66,0.00,,,,,,,,,0.5853656419775313,0.4143644030169163,0.0002699550055524007,NGC4157,0.5853656419775313,0.4143644030169163,0.2425546847846337
NGC4157,18.0,20.90,183.00,6.50,48.06,51.49,0.38,0.54,0.00,,,,,,,,,0.5343986380839469,0.46557225563274607,2.9106283306814832e-05,NGC4157,0.5343986380839469,0.46557225563274607,0.2488011793398107
NGC4157,18.0,22.65,185.00,6.50,52.27,45.0,9.58,0.28,0.00,,,,,,,,,0.41761796774393056,0.5634548847721909,0.01892714748387855,NGC4157,0.41761796774393056,0.5634548847721909,0.2353088838939529
NGC4157,18.0,24.39,186.00,9.10,50.33,38.91,8.87,0.07,0.00,,,,,,,,,0.36695857230567086,0.6139718175055593,0.01906961018876967,NGC4157,0.36695857230567086,0.6139718175055593,0.22530222158775792
NGC4157,18.0,26.13,186.00,11.40,47.42,33.62,8.23,0.04,0.00,,,,,,,,,0.3279387431497031,0.6524096991850481,0.019651557665248873,NGC4157,0.3279387431497031,0.6524096991850481,0.21395041676942056
NGC4157,18.0,27.87,184.00,13.60,44.83,28.95,7.65,0.02,0.00,,,,,,,,,0.28836904549029624,0.691494900190923,0.02013605431878066,NGC4157,0.28836904549029624,0.691494900190923,0.19940572432946413
NGC4157,18.0,29.61,185.00,13.60,43.0,24.77,7.12,0.00,0.00,,,,,,,,,0.24412754765517902,0.735701576203822,0.02017087614099894,NGC4157,0.24412754765517902,0.735701576203822,0.17960502160468889
NGC4183,18.0,0.87,47.10,8.20,2.5,39.16,0.0,0.21,0.00,,,,,,,,,0.9959409142593799,0.004059085740620135,0.0,NGC4183,0.9959409142593799,0.004059085740620135,0.00404260956357043
NGC4183,18.0,1.74,65.90,6.60,5.78,48.78,0.0,5.41,0.00,,,,,,,,,0.986154235854596,0.01384576414540398,0.0,NGC4183,0.986154235854596,0.01384576414540398,0.013654058960633826
NGC4183,18.0,2.61,76.10,5.60,11.64,56.83,0.0,9.97,0.00,,,,,,,,,0.9597372886732597,0.04026271132674035,0.0,NGC4183,0.9597372886732597,0.04026271132674035,0.03864162540335993
NGC4183,18.0,3.50,85.70,5.60,13.9,59.49,0.0,4.44,0.00,,,,,,,,,0.9482325783442094,0.051767421655790666,0.0,NGC4183,0.9482325783442094,0.051767421655790666,0.049087555710902245
NGC4183,18.0,4.37,96.60,5.20,17.89,65.42,0.0,4.82,0.00,,,,,,,,,0.9304208624299798,0.06957913757002027,0.0,NGC4183,0.9304208624299798,0.06957913757002027,0.06473788118503246
NGC4183,18.0,5.24,99.30,5.20,23.49,68.37,0.0,6.54,0.00,,,,,,,,,0.8944211485242632,0.10557885147573672,0.0,NGC4183,0.8944211485242632,0.10557885147573672,0.09443195759680104
NGC4183,18.0,6.11,103.00,5.20,25.97,71.96,0.0,2.09,0.00,,,,,,,,,0.8847637984804404,0.11523620151955963,0.0,NGC4183,0.8847637984804404,0.11523620151955963,0.10195681937890308
NGC4183,18.0,6.98,107.00,5.20,27.48,75.74,0.0,4.66,0.00,,,,,,,,,0.8836744408011586,0.11632555919884138,0.0,NGC4183,0.8836744408011586,0.11632555919884138,0.10279392347591823
NGC4183,18.0,7.85,111.00,5.20,31.47,78.27,0.0,9.68,0.00,,,,,,,,,0.8608370107452852,0.13916298925471485,0.0,NGC4183,0.8608370107452852,0.13916298925471485,0.11979665167640698
NGC4183,18.0,8.72,114.00,6.10,35.45,80.37,0.0,3.34,0.00,,,,,,,,,0.8371311452867906,0.16286885471320944,0.0,NGC4183,0.8371311452867906,0.16286885471320944,0.1363425908776169
NGC4183,18.0,9.60,115.00,6.10,36.42,78.73,0.0,7.13,0.00,,,,,,,,,0.8237280412460652,0.17627195875393478,0.0,NGC4183,0.8237280412460652,0.17627195875393478,0.1452001553109859
NGC4183,18.0,10.47,111.00,5.60,37.82,74.74,0.0,3.83,0.00,,,,,,,,,0.7961421351629464,0.20385786483705368,0.0,NGC4183,0.7961421351629464,0.20385786483705368,0.16229983578113125
NGC4183,18.0,11.35,110.00,5.60,41.81,70.87,0.0,2.47,0.00,,,,,,,,,0.7418149676699357,0.2581850323300643,0.0,NGC4183,0.7418149676699357,0.2581850323300643,0.19152552141078794
NGC4183,18.0,12.31,111.00,5.20,40.2,67.15,0.0,1.70,0.00,,,,,,,,,0.7361637344315355,0.2638362655684645,0.0,NGC4183,0.7361637344315355,0.2638362655684645,0.19422669053935118
NGC4183,18.0,13.12,109.00,4.80,38.58,64.51,0.0,1.38,0.00,,,,,,,,,0.7365614407827742,0.26343855921722575,0.0,NGC4183,0.7365614407827742,0.26343855921722575,0.19403868473477798
NGC4183,18.0,14.05,108.00,4.40,38.15,61.97,0.0,1.09,0.00,,,,,,,,,0.7251691814915465,0.2748308185084535,0.0,NGC4183,0.7251691814915465,0.2748308185084535,0.19929883970642698
NGC4183,18.0,14.98,109.00,5.20,39.01,59.84,0.0,0.89,0.00,,,,,,,,,0.7017641202415464,0.2982358797584536,0.0,NGC4183,0.7017641202415464,0.2982358797584536,0.20929123978315484
NGC4183,18.0,16.03,111.00,5.30,38.26,57.82,0.0,0.71,0.00,,,,,,,,,0.6954787413303155,0.3045212586696845,0.0,NGC4183,0.6954787413303155,0.3045212586696845,0.2117880616879156
NGC4183,18.0,16.95,110.00,4.90,36.53,56.23,0.0,0.50,0.00,,,,,,,,,0.7032105038198688,0.2967894961801312,0.0,NGC4183,0.7032105038198688,0.2967894961801312,0.20870549113727507
NGC4183,18.0,17.88,109.00,4.90,37.39,54.53,0.0,0.34,0.00,,,,,,,,,0.6802009501014861,0.3197990498985139,0.0,NGC4183,0.6802009501014861,0.3197990498985139,0.2175276175825217
NGC4183,18.0,18.93,110.00,5.30,36.86,52.76,0.0,0.26,0.00,,,,,,,,,0.6720017675301885,0.3279982324698116,0.0,NGC4183,0.6720017675301885,0.3279982324698116,0.22041539196649104
NGC4183,18.0,19.97,112.00,10.20,35.67,51.32,0.0,0.18,0.00,,,,,,,,,0.6742654479172057,0.32573455208279445,0.0,NGC4183,0.6742654479172057,0.32573455208279445,0.21963155366221576
NGC4183,18.0,21.02,113.00,11.50,35.35,49.87,0.0,0.00,0.00,,,,,,,,,0.6655758380110213,0.3344241619889787,0.0,NGC4183,0.6655758380110213,0.3344241619889787,0.222584641866948
NGC4214,2.87,0.21,55.50,7.21,5.41,32.3,0.0,1.30,0.00,,,,,,,,,0.9727118745362139,0.027288125463786072,0.0,NGC4214,0.9727118745362139,0.027288125463786072,0.02654348367245874
NGC4214,2.87,0.63,63.20,5.22,13.09,52.43,0.0,0.53,0.00,,,,,,,,,0.9413242277295837,0.05867577227041629,0.0,NGC4214,0.9413242277295837,0.05867577227041629,0.05523292601888653
NGC4214,2.87,1.04,66.60,7.97,16.91,57.12,0.0,0.51,0.00,,,,,,,,,0.9194204262615916,0.08057957373840842,0.0,NGC4214,0.9194204262615916,0.08057957373840842,0.07408650603454482
NGC4214,2.87,1.46,70.50,4.62,16.91,56.92,0.0,9.50,0.00,,,,,,,,,0.9188991712458426,0.08110082875415735,0.0,NGC4214,0.9188991712458426,0.08110082875415735,0.0745234843295462
NGC4214,2.87,1.88,76.10,4.69,16.7,53.72,0.0,5.63,0.00,,,,,,,,,0.911875534090066,0.088124465909934,0.0,NGC4214,0.911875534090066,0.088124465909934,0.08035854441802288
NGC4214,2.87,2.30,78.80,4.52,15.77,48.94,0.0,7.49,0.00,,,,,,,,,0.9059341296947045,0.0940658703052954,0.0,NGC4214,0.9059341296947045,0.0940658703052954,0.08521748234900274
NGC4214,2.87,2.71,80.10,6.65,14.85,45.52,0.0,3.28,0.00,,,,,,,,,0.9038108771949874,0.0961891228050126,0.0,NGC4214,0.9038108771949874,0.0961891228050126,0.0869367754590148
NGC4214,2.87,3.14,80.10,6.28,13.92,42.09,0.0,1.41,0.00,,,,,,,,,0.9014079282686993,0.09859207173130069,0.0,NGC4214,0.9014079282686993,0.09859207173130069,0.08887167512303075
NGC4214,2.87,3.55,80.10,5.09,13.09,39.26,0.0,0.63,0.00,,,,,,,,,0.8999541483055046,0.10004585169449541,0.0,NGC4214,0.8999541483055046,0.10004585169449541,0.09003667925321844
NGC4214,2.87,3.96,80.40,5.40,12.99,36.87,0.0,0.28,0.00,,,,,,,,,0.8895778977931952,0.11042210220680479,0.0,NGC4214,0.8895778977931952,0.11042210220680479,0.09822906155103474
NGC4214,2.87,4.38,80.10,7.58,12.99,34.8,0.0,0.13,0.00,,,,,,,,,0.8777050777873953,0.12229492221260478,0.0,NGC4214,0.8777050777873953,0.12229492221260478,0.10733887421361774
NGC4214,2.87,4.80,80.40,8.90,13.09,33.03,0.0,0.05,0.00,,,,,,,,,0.8642603473420954,0.13573965265790455,0.0,NGC4214,0.8642603473420954,0.13573965265790455,0.11731439935421598
NGC4214,2.87,5.22,80.60,9.37,13.09,31.53,0.0,0.02,0.00,,,,,,,,,0.8529817956239828,0.14701820437601726,0.0,NGC4214,0.8529817956239828,0.14701820437601726,0.12540385195806888
NGC4214,2.87,5.63,80.60,9.37,13.92,30.23,0.0,0.00,0.00,,,,,,,,,0.8250604697841577,0.17493953021584221,0.0,NGC4214,0.8250604697841577,0.17493953021584221,0.14433569098370264
NGC4217,18.0,0.87,47.80,8.20,3.06,22.47,3.43,9.17,61.96,,,,,,,,,0.9598339940695331,0.017800525978205785,0.02236547995226123,NGC4217,0.9598339940695331,0.017800525978205785,0.017085549946199742
NGC4217,18.0,1.74,98.90,8.20,12.07,39.91,7.64,0.84,79.37,,,,,,,,,0.8864384511091722,0.08107737341742213,0.03248417547340571,NGC4217,0.8864384511091722,0.08107737341742213,0.07187010131213964
NGC4217,18.0,2.61,146.00,7.70,14.22,54.38,9.32,4.76,23.98,,,,,,,,,0.9109525338611703,0.062289742346812414,0.026757723792017338,NGC4217,0.9109525338611703,0.062289742346812414,0.056742998624388204
NGC4217,18.0,3.50,164.00,6.40,13.58,67.47,3.94,9.78,65.76,,,,,,,,,0.9579263316876819,0.038807014329057456,0.003266653983260471,NGC4217,0.9579263316876819,0.038807014329057456,0.037174260879985314
NGC4217,18.0,4.37,174.00,5.95,15.41,76.15,6.31,5.76,44.82,,,,,,,,,0.9543648237776996,0.03908227944713347,0.0065528967751668984,NGC4217,0.9543648237776996,0.03908227944713347,0.037298752737394344
NGC4217,18.0,5.24,175.00,6.00,20.15,86.2,6.55,7.15,7.58,,,,,,,,,0.9430252310941301,0.05152985043845537,0.005444918467414569,NGC4217,0.9430252310941301,0.05152985043845537,0.04859394911797033
NGC4217,18.0,6.11,184.00,6.40,23.71,98.08,9.32,6.37,1.29,,,,,,,,,0.9367957302613845,0.05474533229963027,0.008458937438985173,NGC4217,0.9367957302613845,0.05474533229963027,0.0512851935500343
NGC4217,18.0,6.98,185.00,6.40,21.44,6.18,5.28,9.85,0.22,,,,,,,,,0.07264442569431075,0.8743290465861356,0.05302652771955345,NGC4217,0.07264442569431075,0.8743290465861356,0.0635151314571041
NGC4217,18.0,7.85,188.00,6.65,24.46,14.52,3.65,0.10,0.04,,,,,,,,,0.2563460513141008,0.7274552872564652,0.01619866142943384,NGC4217,0.2563460513141008,0.7274552872564652,0.18648029039575978
NGC4217,18.0,8.72,190.00,7.35,27.91,6.83,3.73,8.06,0.01,,,,,,,,,0.05556550159797762,0.9278622476697971,0.01657225073222526,NGC4217,0.05556550159797762,0.9278622476697971,0.05155713120559922
NGC4217,18.0,9.60,191.00,6.40,30.71,97.81,5.09,4.44,0.00,,,,,,,,,0.9080267813908496,0.0895141666539244,0.0024590519552258744,NGC4217,0.9080267813908496,0.0895141666539244,0.0812812606356471
NGC4217,18.0,10.47,191.00,5.55,32.87,91.79,7.63,3.82,0.00,,,,,,,,,0.8809444890541702,0.11296846080365111,0.006087050142178665,NGC4217,0.8809444890541702,0.11296846080365111,0.09951894298190848
NGC4217,18.0,11.35,189.00,5.95,33.95,87.56,1.03,3.27,0.00,,,,,,,,,0.8692053448266673,0.13067437741322208,0.00012027776011043466,NGC4217,0.8692053448266673,0.13067437741322208,0.11358286727946977
NGC4217,18.0,12.19,186.00,6.85,32.87,84.33,5.43,2.45,0.00,,,,,,,,,0.8649971713698378,0.1314164994834805,0.0035863291466817484,NGC4217,0.8649971713698378,0.1314164994834805,0.11367490032453638
NGC4217,18.0,13.12,183.00,6.40,32.44,81.01,9.82,1.62,0.00,,,,,,,,,0.8510276874148802,0.13646714831942255,0.012505164265697276,NGC4217,0.8510276874148802,0.13646714831942255,0.11613732164238164
NGC4217,18.0,13.94,179.00,6.85,31.36,78.12,5.35,1.12,0.00,,,,,,,,,0.8577512824839297,0.13822576903532088,0.004022948480749264,NGC4217,0.8577512824839297,0.13822576903532088,0.11856333066237396
NGC4217,18.0,14.86,177.00,7.25,30.5,75.23,0.78,0.75,0.00,,,,,,,,,0.858755643976272,0.14115204008587445,9.231593785352971e-05,NGC4217,0.858755643976272,0.14115204008587445,0.12121511108250968
NGC4217,18.0,15.79,177.00,8.55,31.36,72.41,6.57,0.50,0.00,,,,,,,,,0.8362609972409746,0.15685445390432579,0.006884548854699654,NGC4217,0.8362609972409746,0.15685445390432579,0.13117126204371996
NGC4217,18.0,16.72,178.00,12.00,33.41,69.87,2.72,0.36,0.00,,,,,,,,,0.812898661237903,0.18586938976062947,0.0012319490014675689,NGC4217,0.812898661237903,0.18586938976062947,0.1510929781015217
NGC4389,18.0,0.87,27.30,5.80,3.85,86.56,0.0,4.32,0.00,,,,,,,,,0.9980256294805373,0.001974370519462645,0.0,NGC4389,0.9980256294805373,0.001974370519462645,0.0019704723805145214
NGC4389,18.0,1.74,52.70,6.70,8.29,17.08,0.0,9.02,0.00,,,,,,,,,0.8093383141374475,0.19066168586255258,0.0,NGC4389,0.8093383141374475,0.19066168586255258,0.1543098074066019
NGC4389,18.0,2.71,69.20,6.70,12.5,31.94,0.0,4.26,0.00,,,,,,,,,0.8671810662508492,0.1328189337491508,0.0,NGC4389,0.8671810662508492,0.1328189337491508,0.11517806458688949
NGC4389,18.0,3.58,83.50,6.40,15.95,42.69,0.0,3.26,0.00,,,,,,,,,0.8775049250336544,0.12249507496634547,0.0,NGC4389,0.8775049250336544,0.12249507496634547,0.10749003157533486
NGC4389,18.0,4.45,95.90,6.30,20.91,52.97,0.0,6.39,0.00,,,,,,,,,0.8651799279011819,0.13482007209881813,0.0,NGC4389,0.8651799279011819,0.13482007209881813,0.11664362025808762
NGC4389,18.0,5.32,110.00,7.60,21.98,40.24,0.0,3.61,0.00,,,,,,,,,0.7702028845431221,0.22979711545687787,0.0,NGC4389,0.7702028845431221,0.22979711545687787,0.1769904011845762
NGC4559,9.0,0.67,43.80,10.90,-1.86,59.04,0.0,3.98,0.00,,,,,,,,,0.999008477977584,0.000991522022416033,0.0,NGC4559,0.999008477977584,0.000991522022416033,0.0009905389064950969
NGC4559,9.0,1.32,64.20,7.71,-3.8,76.34,0.0,1.22,0.00,,,,,,,,,0.9975283434307237,0.0024716565692763227,0.0,NGC4559,0.9975283434307237,0.0024716565692763227,0.0024655474830798762
NGC4559,9.0,1.97,73.30,8.62,-4.48,88.63,0.0,2.08,0.00,,,,,,,,,0.9974514901711066,0.002548509828893515,0.0,NGC4559,0.9974514901711066,0.002548509828893515,0.0025420149265455486
NGC4559,9.0,2.62,84.20,8.40,7.23,96.45,0.0,2.74,0.00,,,,,,,,,0.9944122291570019,0.00558777084299808,0.0,NGC4559,0.9944122291570019,0.00558777084299808,0.00555654766000422
NGC4559,9.0,3.28,96.20,5.67,12.91,5.73,0.0,4.57,0.00,,,,,,,,,0.1645751149117047,0.8354248850882954,0.0,NGC4559,0.1645751149117047,0.8354248850882954,0.1374901464635039
NGC4559,9.0,3.93,102.00,4.79,15.03,14.11,0.0,5.04,0.00,,,,,,,,,0.4684597158070839,0.5315402841929161,0.0,NGC4559,0.4684597158070839,0.5315402841929161,0.2490052104730301
NGC4559,9.0,4.58,104.00,5.67,16.47,16.44,0.0,4.83,0.00,,,,,,,,,0.4990884237292362,0.5009115762707638,0.0,NGC4559,0.4990884237292362,0.5009115762707638,0.24999916902870256
NGC4559,9.0,5.22,106.00,5.37,19.07,15.33,0.0,8.17,0.00,,,,,,,,,0.39254916450327376,0.6074508354967262,0.0,NGC4559,0.39254916450327376,0.6074508354967262,0.23845431795105546
NGC4559,9.0,5.90,106.00,5.24,21.96,14.16,0.0,2.87,0.00,,,,,,,,,0.29367473055912935,0.7063252694408707,0.0,NGC4559,0.29367473055912935,0.7063252694408707,0.20742988319015215
NGC4559,9.0,6.54,108.00,5.22,24.08,11.48,0.0,1.37,0.00,,,,,,,,,0.18519334581910327,0.8148066541808968,0.0,NGC4559,0.18519334581910327,0.8148066541808968,0.1508967704834293
NGC4559,9.0,7.19,111.00,4.68,26.59,8.69,0.0,8.23,0.00,,,,,,,,,0.09650074717824245,0.9034992528217575,0.0,NGC4559,0.09650074717824245,0.9034992528217575,0.08718835297228338
NGC4559,9.0,7.87,114.00,4.61,28.42,8.61,0.0,3.82,0.00,,,,,,,,,0.08406634623398991,0.91593365376601,0.0,NGC4559,0.08406634623398991,0.91593365376601,0.07699919566485683
NGC4559,9.0,8.51,116.00,4.47,29.67,8.62,0.0,7.55,0.00,,,,,,,,,0.07783717239221366,0.9221628276077863,0.0,NGC4559,0.07783717239221366,0.9221628276077863,0.07177854698619847
NGC4559,9.0,9.16,117.00,5.22,30.73,6.75,0.0,0.87,0.00,,,,,,,,,0.04602759038985331,0.9539724096101467,0.0,NGC4559,0.04602759038985331,0.9539724096101467,0.04390905131275719
NGC4559,9.0,9.84,118.00,5.22,33.62,2.47,0.0,5.62,0.00,,,,,,,,,0.005368595165826843,0.9946314048341732,0.0,NGC4559,0.005368595165826843,0.9946314048341732,0.005339773351772304
NGC4559,9.0,10.48,120.00,4.50,36.6,98.04,0.0,4.16,0.00,,,,,,,,,0.8776814102041515,0.1223185897958486,0.0,NGC4559,0.8776814102041515,0.1223185897958486,0.10735675238620353
NGC4559,9.0,11.13,121.00,3.62,38.63,94.48,0.0,2.94,0.00,,,,,,,,,0.8567700264694968,0.14322997353050304,0.0,NGC4559,0.8567700264694968,0.14322997353050304,0.12271514821295443
NGC4559,9.0,11.78,122.00,3.17,39.4,91.23,0.0,2.24,0.00,,,,,,,,,0.8428033315413491,0.15719666845865085,0.0,NGC4559,0.8428033315413491,0.15719666845865085,0.13248587588415184
NGC4559,9.0,12.43,122.00,2.74,39.69,88.36,0.0,1.71,0.00,,,,,,,,,0.8321078461804792,0.16789215381952075,0.0,NGC4559,0.8321078461804792,0.16789215381952075,0.13970437850536313
NGC4559,9.0,13.08,122.00,3.18,40.46,85.84,0.0,1.30,0.00,,,,,,,,,0.8182212566314349,0.18177874336856523,0.0,NGC4559,0.8182212566314349,0.18177874336856523,0.14873523182791054
NGC4559,9.0,13.73,123.00,3.56,42.0,83.43,0.0,0.82,0.00,,,,,,,,,0.7978122668329283,0.20218773316707173,0.0,NGC4559,0.7978122668329283,0.20218773316707173,0.16130785372383272
NGC4559,9.0,14.38,124.00,4.31,43.44,80.87,0.0,0.52,0.00,,,,,,,,,0.7760726560686168,0.2239273439313833,0.0,NGC4559,0.7760726560686168,0.2239273439313833,0.1737838885712193
NGC4559,9.0,15.03,124.00,4.76,44.21,78.55,0.0,0.50,0.00,,,,,,,,,0.7594321319333002,0.24056786806669986,0.0,NGC4559,0.7594321319333002,0.24056786806669986,0.18269496892054277
NGC4559,9.0,15.68,123.00,5.23,45.27,76.81,0.0,0.52,0.00,,,,,,,,,0.7421896482252377,0.25781035177476236,0.0,NGC4559,0.7421896482252377,0.25781035177476236,0.19134417429253567
NGC4559,9.0,16.33,123.00,5.66,46.72,75.17,0.0,0.37,0.00,,,,,,,,,0.7213483539662844,0.2786516460337156,0.0,NGC4559,0.7213483539662844,0.2786516460337156,0.20100490619641648
NGC4559,9.0,16.98,123.00,5.62,48.07,73.49,0.0,0.21,0.00,,,,,,,,,0.7003535755990562,0.29964642440094386,0.0,NGC4559,0.7003535755990562,0.29964642440094386,0.2098584447446733
NGC4559,9.0,17.72,121.00,5.67,49.41,71.61,0.0,0.14,0.00,,,,,,,,,0.6774688367157814,0.32253116328421866,0.0,NGC4559,0.6774688367157814,0.32253116328421866,0.21850481199474736
NGC4559,9.0,18.28,122.00,6.32,50.57,70.3,0.0,0.12,0.00,,,,,,,,,0.6589967438659781,0.3410032561340219,0.0,NGC4559,0.6589967438659781,0.3410032561340219,0.22472003544001654
NGC4559,9.0,19.02,122.00,6.35,51.53,68.7,0.0,0.08,0.00,,,,,,,,,0.6399552847975186,0.3600447152024814,0.0,NGC4559,0.6399552847975186,0.3600447152024814,0.23041251825724546
NGC4559,9.0,19.67,121.00,5.86,52.02,67.38,0.0,0.06,0.00,,,,,,,,,0.6265489477935908,0.3734510522064092,0.0,NGC4559,0.6265489477935908,0.3734510522064092,0.23398536381233503
NGC4559,9.0,20.32,120.00,5.94,52.11,66.16,0.0,0.04,0.00,,,,,,,,,0.6171427994569606,0.3828572005430394,0.0,NGC4559,0.6171427994569606,0.3828572005430394,0.23627756453538631
NGC4559,9.0,20.97,119.00,6.13,51.82,65.01,0.0,0.00,0.00,,,,,,,,,0.6114781608488612,0.38852183915113875,0.0,NGC4559,0.6114781608488612,0.38852183915113875,0.2375726196537554
NGC5005,16.9,0.49,211.00,40.10,64.37,73.17,,9.72 1,33.68,,,,,,,,,0.0,0.0,0.0,NGC5005,0.0,0.0,0.0
NGC5005,16.9,0.98,233.00,17.40,75.6,30.38,,5.72,94.20,,,,,,,,,0.0,0.0,0.0,NGC5005,0.0,0.0,0.0
NGC5005,16.9,1.47,227.00,14.40,68.11,76.13,,3.47,5.62,,,,,,,,,0.0,0.0,0.0,NGC5005,0.0,0.0,0.0
NGC5005,16.9,1.97,234.00,10.80,61.94,13.49,,7.84,0.00,,,,,,,,,0.0,0.0,0.0,NGC5005,0.0,0.0,0.0
NGC5005,16.9,2.46,245.00,7.67,60.52,44.17,,1.81,0.00,,,,,,,,,0.0,0.0,0.0,NGC5005,0.0,0.0,0.0
NGC5005,16.9,2.95,244.00,23.30,69.43,61.9,,1.80,0.00,,,,,,,,,0.0,0.0,0.0,NGC5005,0.0,0.0,0.0
NGC5005,16.9,3.44,261.00,23.30,75.4,73.58,1.3,7.89,0.00,,,,,,,,,0.4877111573921833,0.5121366022385424,0.0001522403692742397,NGC5005,0.4877111573921833,0.5121366022385424,0.24977473502065972
NGC5005,16.9,3.93,259.00,22.70,73.37,76.37,0.91,3.49,0.00,,,,,,,,,0.5199882949568523,0.4799378753996873,7.382964346041651e-05,NGC5005,0.5199882949568523,0.4799378753996873,0.24956207751429763
NGC5005,16.9,4.42,258.00,22.70,68.82,76.54,2.3,0.73,0.00,,,,,,,,,0.5526841784801942,0.44681675804213894,0.0004990634776667677,NGC5005,0.5526841784801942,0.44681675804213894,0.2469485528497033
NGC5005,16.9,4.92,258.00,22.50,65.78,78.71,4.88,2.38,0.00,,,,,,,,,0.5874467144775756,0.4102951588612455,0.002258126661178944,NGC5005,0.5874467144775756,0.4102951588612455,0.2410265430390936
NGC5005,16.9,5.74,261.00,22.40,61.84,82.13,4.87,7.42,0.00,,,,,,,,,0.6367586576019418,0.3610024710665937,0.0022388713314644816,NGC5005,0.6367586576019418,0.3610024710665937,0.22987144886734806
NGC5005,16.9,6.56,263.00,22.40,59.41,84.24,6.81,8.87,0.00,,,,,,,,,0.6649341194605273,0.330720416845783,0.004345463693689772,NGC5005,0.6649341194605273,0.330720416845783,0.21990728916296925
NGC5005,16.9,7.37,264.00,22.30,58.09,81.24,0.2,8.81,0.00,,,,,,,,,0.6616859755644878,0.3383100141795633,4.010255948871323e-06,NGC5005,0.6616859755644878,0.3383100141795633,0.22385499177564006
NGC5005,16.9,8.19,265.00,22.20,58.09,79.02,4.54,9.08,0.00,,,,,,,,,0.6477868888998602,0.35007480532579605,0.0021383057743437146,NGC5005,0.6477868888998602,0.35007480532579605,0.22677386902422164
NGC5005,16.9,9.01,265.00,22.20,58.19,77.3,9.67,4.55,0.00,,,,,,,,,0.6319797987810521,0.3581301815201153,0.009890019698832613,NGC5005,0.6319797987810521,0.3581301815201153,0.22633104005450413
NGC5005,16.9,9.83,264.00,22.00,57.28,72.35,5.42,0.70,0.00,,,,,,,,,0.6125904520818524,0.38397165990514603,0.0034378880130016315,NGC5005,0.6125904520818524,0.38397165990514603,0.23521737272791268
NGC5005,16.9,10.65,264.00,21.90,55.06,64.11,1.67,9.29,0.00,,,,,,,,,0.5752818194891203,0.4243278234513936,0.00039035705948613843,NGC5005,0.5752818194891203,0.4243278234513936,0.2441080823349759
NGC5005,16.9,11.47,265.00,22.00,51.82,54.75,8.34,1.13,0.00,,,,,,,,,0.5210949528203773,0.4668135321235085,0.012091515056114105,NGC5005,0.5210949528203773,0.4668135321235085,0.24325417549781336
NGC5033,15.7,0.76,206.00,16.00,2.44,95.41,,6.20,16.11,,,,,,,,,0.0,0.0,0.0,NGC5033,0.0,0.0,0.0
NGC5033,15.7,2.28,214.00,10.00,5.15,14.07,,3.88,0.00,,,,,,,,,0.0,0.0,0.0,NGC5033,0.0,0.0,0.0
NGC5033,15.7,3.80,222.00,8.00,8.48,37.47,8.95,7.23,0.00,,,,,,,,,0.9023062006262412,0.04621450015417602,0.051479299219582754,NGC5033,0.9023062006262412,0.04621450015417602,0.041699630047955405
NGC5033,15.7,5.33,224.00,8.00,16.65,22.81,2.66,7.83,0.00,,,,,,,,,0.6466565381654503,0.34454946356809435,0.008793998266455315,NGC5033,0.6466565381654503,0.34454946356809435,0.22280516333770684
NGC5033,15.7,6.85,225.00,8.00,22.4,6.17,5.84,3.77,0.00,,,,,,,,,0.06632969441634891,0.8742461029960735,0.059424202587577496,NGC5033,0.06632969441634891,0.8742461029960735,0.05798847685641345
NGC5033,15.7,8.00,222.00,6.00,24.58,91.74,6.44,6.48,0.00,,,,,,,,,0.9287509687837762,0.0666723196526071,0.004576711563616795,NGC5033,0.9287509687837762,0.0666723196526071,0.06192198146842044
NGC5033,15.7,10.28,220.00,3.00,28.49,77.55,2.72,7.35,0.00,,,,,,,,,0.8801304272552894,0.11878684007989954,0.0010827326648110863,NGC5033,0.8801304272552894,0.11878684007989954,0.10454791231182772
NGC5033,15.7,12.56,218.00,2.00,30.21,68.02,2.93,0.51,0.00,,,,,,,,,0.8339514415902928,0.1645011578512234,0.001547400558483825,NGC5033,0.8339514415902928,0.1645011578512234,0.13718597773330007
NGC5033,15.7,14.91,219.00,2.00,36.41,56.39,5.29,1.48,0.00,,,,,,,,,0.7014070991396215,0.29242017041872,0.006172730441658565,NGC5033,0.7014070991396215,0.29242017041872,0.20510558346330815
NGC5033,15.7,17.15,217.00,2.00,41.69,47.04,9.53,8.58,0.00,,,,,,,,,0.547491208145132,0.43003748529123803,0.02247130656362991,NGC5033,0.547491208145132,0.43003748529123803,0.23544174236979432
NGC5033,15.7,19.39,218.00,2.00,45.72,40.32,4.79,7.31,0.00,,,,,,,,,0.4348001234245339,0.559063392116893,0.006136484458573012,NGC5033,0.4348001234245339,0.559063392116893,0.24308083189456367
NGC5033,15.7,21.64,220.00,2.00,51.92,36.88,0.8,5.24,0.00,,,,,,,,,0.33530076267469416,0.6645414643227909,0.00015777300251490167,NGC5033,0.33530076267469416,0.6645414643227909,0.22282125981638987
NGC5033,15.7,24.01,222.00,2.00,56.74,30.88,7.21,2.49,0.00,,,,,,,,,0.2256988253760172,0.7619972051505686,0.012303969473414361,NGC5033,0.2256988253760172,0.7619972051505686,0.17198187414229132
NGC5033,15.7,26.25,218.00,3.00,58.35,24.11,4.28,1.28,0.00,,,,,,,,,0.14516577417512477,0.8502595813085475,0.004574644516327687,NGC5033,0.14516577417512477,0.8502595813085475,0.12342859037047275
NGC5033,15.7,28.50,217.00,3.00,56.74,18.34,1.69,0.89,0.00,,,,,,,,,0.09451803671139133,0.9046793812455227,0.0008025820430859625,NGC5033,0.09451803671139133,0.9046793812455227,0.08550851896860312
NGC5033,15.7,30.87,207.00,3.00,53.3,13.45,9.28,0.64,0.00,,,,,,,,,0.05820710625906295,0.9140834764600233,0.027709417280913685,NGC5033,0.05820710625906295,0.9140834764600233,0.05320615404396225
NGC5033,15.7,33.12,199.00,3.00,51.34,9.2,7.23,0.40,0.00,,,,,,,,,0.030526108316110395,0.950621242730709,0.018852648953180617,NGC5033,0.030526108316110395,0.950621242730709,0.029018767023193094
NGC5033,15.7,35.36,191.00,3.00,48.7,5.32,5.39,0.26,0.00,,,,,,,,,0.011651659736987117,0.9763880406472587,0.011960299615754259,NGC5033,0.011651659736987117,0.9763880406472587,0.011376541220885404
NGC5033,15.7,37.73,193.00,3.00,46.75,1.61,3.62,0.16,0.00,,,,,,,,,0.001177553391036675,0.9928693079733008,0.005953138635662591,NGC5033,0.001177553391036675,0.9928693079733008,0.001169156620460197
NGC5033,15.7,39.98,192.00,3.00,45.26,98.44,2.09,0.11,0.00,,,,,,,,,0.8251904433461302,0.17443759039060783,0.0003719662632619691,NGC5033,0.8251904433461302,0.17443759039060783,0.14394423255065633
NGC5033,15.7,42.22,194.00,4.00,43.99,95.58,0.69,0.07,0.00,,,,,,,,,0.8251672823429104,0.17478971392682988,4.300373025972067e-05,NGC5033,0.8251672823429104,0.17478971392682988,0.14423075322249695
NGC5033,15.7,44.59,196.00,5.00,42.84,92.77,9.32,0.00,0.00,,,,,,,,,0.8174340036766646,0.17431570258689524,0.008250293736440071,NGC5033,0.8174340036766646,0.17431570258689524,0.1424915826693165
NGC5055,9.9,0.72,125.00,17.60,2.2,1.48,,9.93,0.00,,,,,,,,,0.0,0.0,0.0,NGC5055,0.0,0.0,0.0
NGC5055,9.9,1.43,162.00,8.50,3.72,40.13,,7.92,0.00,,,,,,,,,0.0,0.0,0.0,NGC5055,0.0,0.0,0.0
NGC5055,9.9,2.16,178.00,5.22,4.09,63.27,,7.11,0.00,,,,,,,,,0.0,0.0,0.0,NGC5055,0.0,0.0,0.0
NGC5055,9.9,2.87,193.00,1.88,5.34,80.74,0.0,7.98,0.00,,,,,,,,,0.9956447865182351,0.004355213481764968,0.0,NGC5055,0.9956447865182351,0.004355213481764968,0.004336245597293221
NGC5055,9.9,3.59,192.00,3.59,6.03,73.32,0.0,8.08,0.00,,,,,,,,,0.9932816576999527,0.006718342300047378,0.0,NGC5055,0.9932816576999527,0.006718342300047378,0.006673206176786773
NGC5055,9.9,4.30,190.00,0.97,5.11,72.18,0.0,8.18,0.00,,,,,,,,,0.9950130293467545,0.0049869706532453895,0.0,NGC5055,0.9950130293467545,0.0049869706532453895,0.004962100776949059
NGC5055,9.9,5.03,195.00,0.99,8.42,73.73,0.0,8.28,0.00,,,,,,,,,0.9871261521203533,0.01287384787964676,0.0,NGC5055,0.9871261521203533,0.01287384787964676,0.012708111920418475
NGC5055,9.9,5.75,201.00,0.45,14.42,76.2,0.0,7.11,0.00,,,,,,,,,0.9654267730898918,0.03457322691010825,0.0,NGC5055,0.9654267730898918,0.03457322691010825,0.03337791889113042
NGC5055,9.9,6.46,204.00,0.81,19.11,79.72,0.0,2.38,0.00,,,,,,,,,0.9456597421266859,0.05434025787331407,0.0,NGC5055,0.9456597421266859,0.05434025787331407,0.051387394247575796
NGC5055,9.9,7.18,204.00,0.65,22.51,75.62,0.0,5.49,0.00,,,,,,,,,0.918603498474599,0.08139650152540098,0.0,NGC5055,0.918603498474599,0.08139650152540098,0.07477111106482638
NGC5055,9.9,7.91,206.00,0.66,25.8,71.43,0.0,0.87,0.00,,,,,,,,,0.8845954779714831,0.11540452202851688,0.0,NGC5055,0.8845954779714831,0.11540452202851688,0.10208631832388644
NGC5055,9.9,8.62,206.00,1.54,28.49,67.09,0.0,9.11,0.00,,,,,,,,,0.8472202955148525,0.1527797044851476,0.0,NGC5055,0.8472202955148525,0.1527797044851476,0.12943806638257857
NGC5055,9.9,11.49,206.00,1.90,33.07,45.58,0.0,2.63,0.00,,,,,,,,,0.6551342563369451,0.34486574366305495,0.0,NGC5055,0.6551342563369451,0.34486574366305495,0.22593336251078305
NGC5055,9.9,14.30,206.00,0.42,45.73,25.03,0.0,5.15,0.00,,,,,,,,,0.23052327641507792,0.769476723584922,0.0,NGC5055,0.23052327641507792,0.769476723584922,0.17738229544593548
NGC5055,9.9,17.19,203.00,4.19,47.26,8.52,0.0,9.46,0.00,,,,,,,,,0.031477586815477916,0.968522413184522,0.0,NGC5055,0.031477586815477916,0.968522413184522,0.030486748343751965
NGC5055,9.9,20.07,200.00,1.23,44.56,90.41,0.0,3.58,0.00,,,,,,,,,0.8045591277820578,0.1954408722179423,0.0,NGC5055,0.8045591277820578,0.1954408722179423,0.15724373768463226
NGC5055,9.9,22.96,194.00,4.09,40.45,75.86,0.0,1.78,0.00,,,,,,,,,0.7786205766650506,0.22137942333494945,0.0,NGC5055,0.7786205766650506,0.22137942333494945,0.1723705742588347
NGC5055,9.9,25.85,188.00,5.20,37.41,64.23,0.0,0.59,0.00,,,,,,,,,0.7466954123628213,0.25330458763717867,0.0,NGC5055,0.7466954123628213,0.25330458763717867,0.18914137351913754
NGC5055,9.9,28.74,184.00,1.16,38.46,54.38,0.0,0.15,0.00,,,,,,,,,0.6665795982107838,0.3334204017892162,0.0,NGC5055,0.6665795982107838,0.3334204017892162,0.22225123745993386
NGC5055,9.9,31.62,182.00,2.47,40.22,46.2,0.0,0.09,0.00,,,,,,,,,0.5688671940671761,0.43113280593282394,0.0,NGC5055,0.5688671940671761,0.43113280593282394,0.24525730958131392
NGC5055,9.9,34.51,180.00,3.85,42.57,39.3,0.0,0.04,0.00,,,,,,,,,0.4601222470353204,0.5398777529646797,0.0,NGC5055,0.4601222470353204,0.5398777529646797,0.248409764818488
NGC5055,9.9,37.40,181.00,8.43,40.57,33.34,0.0,0.01,0.00,,,,,,,,,0.40310551606801936,0.5968944839319806,0.0,NGC5055,0.40310551606801936,0.5968944839319806,0.24061145898355515
NGC5055,9.9,40.29,180.00,4.55,41.86,28.12,0.0,0.01,0.00,,,,,,,,,0.31094623109610176,0.6890537689038984,0.0,NGC5055,0.31094623109610176,0.6890537689038984,0.21425867246323146
NGC5055,9.9,43.17,179.00,0.44,42.92,23.52,0.0,0.00,0.00,,,,,,,,,0.2309466539039846,0.7690533460960154,0.0,NGC5055,0.2309466539039846,0.7690533460960154,0.17761029695453776
NGC5055,9.9,45.92,179.00,1.96,44.68,19.59,0.0,0.00,0.00,,,,,,,,,0.1612423245445881,0.838757675455412,0.0,NGC5055,0.1612423245445881,0.838757675455412,0.13524323732004584
NGC5055,9.9,48.81,179.00,2.99,44.56,15.83,0.0,0.00,0.00,,,,,,,,,0.1120610236418539,0.887938976358146,0.0,NGC5055,0.1120610236418539,0.887938976358146,0.09950335062219375
NGC5055,9.9,51.70,174.00,3.39,43.74,12.43,0.0,0.00,0.00,,,,,,,,,0.07472334498480794,0.9252766550151921,0.0,NGC5055,0.07472334498480794,0.9252766550151921,0.06913976669908932
NGC5055,9.9,54.59,172.00,4.84,41.74,9.32,0.0,0.00,0.00,,,,,,,,,0.04748940730089826,0.9525105926991018,0.0,NGC5055,0.04748940730089826,0.9525105926991018,0.04523416349510766
NGC5371,39.7,1.45,216.00,10.00,0.0,40.9,,9.45,0.00,,,,,,,,,0.0,0.0,0.0,NGC5371,0.0,0.0,0.0
NGC5371,39.7,2.88,215.00,7.00,0.0,32.56,0.0,5.11,0.00,,,,,,,,,1.0,0.0,0.0,NGC5371,1.0,0.0,0.0
NGC5371,39.7,4.33,215.00,5.00,0.0,35.54,0.0,6.66,0.00,,,,,,,,,1.0,0.0,0.0,NGC5371,1.0,0.0,0.0
NGC5371,39.7,5.78,214.00,4.00,0.0,43.76,0.0,1.16,0.00,,,,,,,,,1.0,0.0,0.0,NGC5371,1.0,0.0,0.0
NGC5371,39.7,7.22,215.00,4.00,0.0,45.32,0.0,6.04,0.00,,,,,,,,,1.0,0.0,0.0,NGC5371,1.0,0.0,0.0
NGC5371,39.7,8.66,221.00,3.00,0.0,53.0,0.0,8.20,0.00,,,,,,,,,1.0,0.0,0.0,NGC5371,1.0,0.0,0.0
NGC5371,39.7,11.55,233.00,3.00,11.24,81.58,0.0,3.05,0.00,,,,,,,,,0.9813706254274412,0.01862937457255877,0.0,NGC5371,0.9813706254274412,0.01862937457255877,0.01828232097559407
NGC5371,39.7,14.48,237.00,3.00,27.45,99.81,0.0,3.39,0.00,,,,,,,,,0.9296813227848388,0.07031867721516115,0.0,NGC5371,0.9296813227848388,0.07031867721516115,0.06537396084987113
NGC5371,39.7,17.28,242.00,3.00,40.74,95.15,0.0,8.50,0.00,,,,,,,,,0.8450755386070216,0.1549244613929784,0.0,NGC5371,0.8450755386070216,0.1549244613929784,0.13092287265507396
NGC5371,39.7,20.20,241.00,3.00,51.22,93.48,0.0,5.35,0.00,,,,,,,,,0.7690997467804697,0.2309002532195303,0.0,NGC5371,0.7690997467804697,0.2309002532195303,0.17758532628268708
NGC5371,39.7,23.12,240.00,3.00,57.81,84.89,0.0,2.44,0.00,,,,,,,,,0.6831723119352922,0.3168276880647079,0.0,NGC5371,0.6831723119352922,0.3168276880647079,0.21644790414028006
NGC5371,39.7,26.04,234.00,3.00,56.95,67.33,0.0,3.89,0.00,,,,,,,,,0.5829424935840472,0.4170575064159528,0.0,NGC5371,0.5829424935840472,0.4170575064159528,0.24312054275806028
NGC5371,39.7,28.84,226.00,3.00,55.22,49.73,0.0,7.22,0.00,,,,,,,,,0.4478321281306106,0.5521678718693894,0.0,NGC5371,0.4478321281306106,0.5521678718693894,0.24727851314461896
NGC5371,39.7,31.76,213.00,3.00,52.84,35.27,0.0,4.16,0.00,,,,,,,,,0.3082163116134794,0.6917836883865206,0.0,NGC5371,0.3082163116134794,0.6917836883865206,0.21321901686886197
NGC5371,39.7,34.68,207.00,3.00,50.68,23.76,0.0,1.44,0.00,,,,,,,,,0.1801907436961379,0.819809256303862,0.0,NGC5371,0.1801907436961379,0.819809256303862,0.14772203958237062
NGC5371,39.7,37.48,208.00,4.00,48.19,10.28,0.0,0.00,0.00,,,,,,,,,0.043525692100078485,0.9564743078999216,0.0,NGC5371,0.043525692100078485,0.9564743078999216,0.04163120622728765
NGC5371,39.7,40.40,209.00,4.00,45.17,0.01,0.0,0.00,0.00,,,,,,,,,4.901170350467988e-08,0.9999999509882965,0.0,NGC5371,4.901170350467988e-08,0.9999999509882965,4.9011701102532805e-08
NGC5371,39.7,43.32,207.00,4.00,42.57,91.48,0.0,0.00,0.00,,,,,,,,,0.82199770778222,0.17800229221777986,0.0,NGC5371,0.82199770778222,0.17800229221777986,0.14631747618299595
NGC5371,39.7,46.24,213.00,6.00,40.95,84.17,0.0,0.00,0.00,,,,,,,,,0.8086053591286981,0.1913946408713019,0.0,NGC5371,0.8086053591286981,0.1913946408713019,0.15476273231704726
NGC5585,7.06,0.09,11.20,2.02,0.32,12.72,0.0,8.83,0.00,,,,,,,,,0.9993675139344587,0.0006324860655413686,0.0,NGC5585,0.9993675139344587,0.0006324860655413686,0.0006320860269182646
NGC5585,7.06,0.26,26.50,1.03,0.96,26.94,0.0,1.72,0.00,,,,,,,,,0.9987317754648092,0.0012682245351907536,0.0,NGC5585,0.9987317754648092,0.0012682245351907536,0.0012666161417190936
NGC5585,7.06,0.43,33.70,1.03,1.6,35.34,0.0,9.11,0.00,,,,,,,,,0.9979544147724495,0.002045585227550581,0.0,NGC5585,0.9979544147724495,0.002045585227550581,0.002041400808627408
NGC5585,7.06,0.60,32.70,1.12,2.25,40.03,0.0,5.65,0.00,,,,,,,,,0.9968506281387184,0.0031493718612815693,0.0,NGC5585,0.9968506281387184,0.0031493718612815693,0.0031394533181609368
NGC5585,7.06,0.77,33.70,1.03,2.89,43.26,0.0,8.52,0.00,,,,,,,,,0.9955568729676142,0.004443127032385763,0.0,NGC5585,0.9955568729676142,0.004443127032385763,0.004423385654559846
NGC5585,7.06,0.94,35.70,2.24,3.55,45.85,0.0,9.01,0.00,,,,,,,,,0.9940408780868394,0.005959121913160662,0.0,NGC5585,0.9940408780868394,0.005959121913160662,0.005923610779184751
NGC5585,7.06,1.11,37.80,3.35,4.2,48.05,0.0,0.97,0.00,,,,,,,,,0.9924176075703569,0.007582392429643116,0.0,NGC5585,0.9924176075703569,0.007582392429643116,0.007524899754686006
NGC5585,7.06,1.28,41.80,3.35,4.86,48.94,0.0,7.29,0.00,,,,,,,,,0.9902347632439855,0.009765236756014447,0.0,NGC5585,0.9902347632439855,0.009765236756014447,0.009669876907113432
NGC5585,7.06,1.46,43.90,2.14,5.23,50.17,0.0,8.88,0.00,,,,,,,,,0.9892496872914278,0.010750312708572277,0.0,NGC5585,0.9892496872914278,0.010750312708572277,0.010634743485240187
NGC5585,7.06,1.63,44.90,1.25,5.36,51.3,0.0,8.73,0.00,,,,,,,,,0.9892011019615101,0.01079889803848987,0.0,NGC5585,0.9892011019615101,0.01079889803848987,0.01068228183964417
NGC5585,7.06,2.05,53.20,1.60,5.65,53.95,0.0,4.74,0.00,,,,,,,,,0.9891513241178919,0.010848675882108052,0.0,NGC5585,0.9891513241178919,0.010848675882108052,0.010730982113713018
NGC5585,7.06,2.74,64.30,0.90,9.45,56.61,0.0,3.95,0.00,,,,,,,,,0.9728892998185243,0.027110700181475704,0.0,NGC5585,0.9728892998185243,0.027110700181475704,0.02637571011714584
NGC5585,7.06,3.42,73.10,2.40,11.66,56.83,0.0,3.05,0.00,,,,,,,,,0.9596044039042615,0.04039559609573853,0.0,NGC5585,0.9596044039042615,0.04039559609573853,0.03876379191180848
NGC5585,7.06,4.11,76.20,4.40,15.23,58.16,0.0,5.08,0.00,,,,,,,,,0.9358277965499606,0.06417220345003934,0.0,NGC5585,0.9358277965499606,0.06417220345003934,0.06005413175440609
NGC5585,7.06,4.79,78.40,3.80,19.76,56.9,0.0,8.60,0.00,,,,,,,,,0.8923786315337674,0.10762136846623258,0.0,NGC5585,0.8923786315337674,0.10762136846623258,0.09603900951568797
NGC5585,7.06,5.48,83.10,3.10,23.04,53.88,0.0,3.37,0.00,,,,,,,,,0.8454112762879248,0.1545887237120751,0.0,NGC5585,0.8454112762879248,0.1545887237120751,0.1306910502131468
NGC5585,7.06,6.16,88.00,3.00,26.02,50.76,0.0,1.42,0.00,,,,,,,,,0.7919115274134825,0.20808847258651755,0.0,NGC5585,0.7919115274134825,0.20808847258651755,0.16478766016312768
NGC5585,7.06,6.85,89.90,2.40,27.47,47.3,0.0,0.00,0.00,,,,,,,,,0.7477846200875841,0.25221537991241594,0.0,NGC5585,0.7477846200875841,0.25221537991241594,0.18860278204805164
NGC5585,7.06,7.53,90.60,2.80,29.11,43.89,0.0,0.00,0.00,,,,,,,,,0.6944930213321137,0.3055069786678863,0.0,NGC5585,0.6944930213321137,0.3055069786678863,0.21217246465310594
NGC5585,7.06,8.21,91.60,2.60,31.03,41.41,0.0,0.00,0.00,,,,,,,,,0.6404080968043234,0.3595919031956765,0.0,NGC5585,0.6404080968043234,0.3595919031956765,0.2302855663517877
NGC5585,7.06,8.90,92.30,1.40,32.1,39.37,0.0,0.00,0.00,,,,,,,,,0.6006792572132712,0.39932074278672874,0.0,NGC5585,0.6006792572132712,0.39932074278672874,0.23986368716698395
NGC5585,7.06,9.57,90.90,1.00,32.38,37.7,0.0,0.00,0.00,,,,,,,,,0.5754782742769888,0.42452172572301117,0.0,NGC5585,0.5754782742769888,0.42452172572301117,0.24430303011216764
NGC5585,7.06,10.31,89.60,2.70,32.77,36.11,0.0,0.00,0.00,,,,,,,,,0.5483763807376971,0.45162361926230293,0.0,NGC5585,0.5483763807376971,0.45162361926230293,0.2476597257867214
NGC5585,7.06,10.96,89.40,2.70,32.48,34.88,0.0,0.00,0.00,,,,,,,,,0.5355842809326857,0.46441571906731416,0.0,NGC5585,0.5355842809326857,0.46441571906731416,0.24873375895050365
NGC5907,17.3,5.03,214.00,6.00,0.0,78.85,0.0,4.65,0.00,,,,,,,,,1.0,0.0,0.0,NGC5907,1.0,0.0,0.0
NGC5907,17.3,7.55,220.00,6.00,0.0,7.41,0.0,4.19,0.00,,,,,,,,,1.0,0.0,0.0,NGC5907,1.0,0.0,0.0
NGC5907,17.3,10.07,235.00,4.00,0.0,27.06,0.0,7.70,0.00,,,,,,,,,1.0,0.0,0.0,NGC5907,1.0,0.0,0.0
NGC5907,17.3,12.58,235.00,4.00,16.93,32.81,0.0,0.71,0.00,,,,,,,,,0.7897289382233859,0.21027106177661406,0.0,NGC5907,0.7897289382233859,0.21027106177661406,0.1660571423559494
NGC5907,17.3,15.10,230.00,2.00,24.45,24.63,0.0,4.89,0.00,,,,,,,,,0.5036674323340801,0.49633256766591993,0.0,NGC5907,0.5036674323340801,0.49633256766591993,0.24998654994007494
NGC5907,17.3,17.61,231.00,2.00,31.1,17.25,0.0,6.13,0.00,,,,,,,,,0.23526958405563056,0.7647304159443694,0.0,NGC5907,0.23526958405563056,0.7647304159443694,0.17991780687392114
NGC5907,17.3,20.13,232.00,2.00,42.26,8.93,0.0,1.37,0.00,,,,,,,,,0.0427437049504128,0.9572562950495872,0.0,NGC5907,0.0427437049504128,0.9572562950495872,0.040916680637524856
NGC5907,17.3,22.65,225.00,7.00,53.67,98.38,0.0,2.20,0.00,,,,,,,,,0.7706467472456789,0.22935325275432109,0.0,NGC5907,0.7706467472456789,0.22935325275432109,0.1767503382053336
NGC5907,17.3,25.16,224.00,7.00,49.79,87.6,0.0,7.37,0.00,,,,,,,,,0.7558266587651385,0.24417334123486142,0.0,NGC5907,0.7558266587651385,0.24417334123486142,0.18455272066506534
NGC5907,17.3,27.68,229.00,2.00,54.3,77.97,0.0,4.72,0.00,,,,,,,,,0.6733992290423362,0.3266007709576637,0.0,NGC5907,0.6733992290423362,0.3266007709576637,0.21993270736752335
NGC5907,17.3,30.20,218.00,2.00,64.08,69.55,0.0,3.15,0.00,,,,,,,,,0.5408654484513239,0.45913455154867605,0.0,NGC5907,0.5408654484513239,0.45913455154867605,0.24833001512287217
NGC5907,17.3,32.71,214.00,2.00,61.58,62.23,0.0,2.08,0.00,,,,,,,,,0.5052498351103027,0.4947501648896972,0.0,NGC5907,0.5052498351103027,0.4947501648896972,0.2499724392313146
NGC5907,17.3,35.23,213.00,2.00,64.96,55.53,0.0,1.30,0.00,,,,,,,,,0.4222127076050036,0.5777872923949964,0.0,NGC5907,0.4222127076050036,0.5777872923949964,0.24394913714185534
NGC5907,17.3,37.75,211.00,2.00,61.95,49.39,0.0,0.80,0.00,,,,,,,,,0.38860988509065847,0.6113901149093416,0.0,NGC5907,0.38860988509065847,0.6113901149093416,0.2375922423004837
NGC5907,17.3,40.26,217.00,2.00,63.21,43.82,0.0,0.50,0.00,,,,,,,,,0.32459278463660196,0.6754072153633981,0.0,NGC5907,0.32459278463660196,0.6754072153633981,0.2192323087984585
NGC5907,17.3,42.78,216.00,3.00,60.7,38.81,0.0,0.31,0.00,,,,,,,,,0.29017556975533637,0.7098244302446637,0.0,NGC5907,0.29017556975533637,0.7098244302446637,0.2059737084725023
NGC5907,17.3,45.29,215.00,3.00,60.57,34.25,0.0,0.20,0.00,,,,,,,,,0.24227881215932776,0.7577211878406722,0.0,NGC5907,0.24227881215932776,0.7577211878406722,0.18357978933799293
NGC5907,17.3,47.81,217.00,5.00,60.07,30.16,0.0,0.12,0.00,,,,,,,,,0.20133232832314876,0.7986676716768513,0.0,NGC5907,0.20133232832314876,0.7986676716768513,0.1607976218951286
NGC5907,17.3,50.33,214.00,5.00,62.33,26.52,0.0,0.00,0.00,,,,,,,,,0.15328212540864186,0.8467178745913582,0.0,NGC5907,0.15328212540864186,0.8467178745913582,0.12978671543885126
NGC5985,39.7,3.54,223.00,8.00,-9.23,17.85,1.1,9.07,0.95,,,,,,,,,0.7866728852067056,0.2103396478344321,0.002987466958862333,NGC5985,0.7866728852067056,0.2103396478344321,0.1654684976352751
NGC5985,39.7,4.23,230.00,6.13,-10.88,24.82,1.71,8.47,0.10,,,,,,,,,0.8354897373757156,0.16054447195960458,0.00396579066467986,NGC5985,0.8354897373757156,0.16054447195960458,0.13413325871465298
NGC5985,39.7,4.97,248.00,5.10,-12.52,31.42,3.86,6.51,0.01,,,,,,,,,0.8518811141646699,0.1352618386381726,0.012857047197157497,NGC5985,0.8518811141646699,0.1352618386381726,0.11522700580304827
NGC5985,39.7,5.74,258.00,6.60,-13.93,41.81,7.33,2.43,0.00,,,,,,,,,0.8758554939427059,0.09722419506597163,0.026920310991322544,NGC5985,0.8758554939427059,0.09722419506597163,0.08515434539268857
NGC5985,39.7,6.47,263.00,7.00,-14.91,51.83,2.27,9.83,0.00,,,,,,,,,0.921936911532904,0.07629464777369312,0.0017684406934028194,NGC5985,0.921936911532904,0.07629464777369312,0.07033885193496939
NGC5985,39.7,7.22,272.00,6.25,-15.46,63.57,7.87,5.34,0.00,,,,,,,,,0.9306904591227818,0.05504524614786039,0.014264294729357965,NGC5985,0.9306904591227818,0.05504524614786039,0.05123008540987872
NGC5985,39.7,8.02,287.00,4.01,-16.0,73.43,3.88,1.13,0.00,,,,,,,,,0.9521360628242959,0.04520556728457555,0.002658369891128571,NGC5985,0.9521360628242959,0.04520556728457555,0.04304185085207456
NGC5985,39.7,8.79,289.00,7.25,-16.33,81.85,0.57,6.96,0.00,,,,,,,,,0.961674153753918,0.03827920820637722,4.663803970486232e-05,NGC5985,0.961674153753918,0.03827920820637722,0.03681212515823785
NGC5985,39.7,9.50,292.00,6.93,-16.22,90.1,7.89,5.87,0.00,,,,,,,,,0.9614678438375857,0.031159241819938663,0.007372914342475775,NGC5985,0.9614678438375857,0.031159241819938663,0.029958609048230354
NGC5985,39.7,10.27,302.00,10.40,-15.46,0.43,5.29,2.80,0.00,,,,,,,,,0.0006920412634749678,0.8945694410447464,0.10473851769177851,NGC5985,0.0006920412634749678,0.8945694410447464,0.000619078966246702
NGC5985,39.7,11.08,302.00,10.30,-13.5,9.52,2.86,7.00,0.00,,,,,,,,,0.3224592613676795,0.6484380559311179,0.029102682701202587,NGC5985,0.3224592613676795,0.6484380559311179,0.20909485655824234
NGC5985,39.7,11.82,304.00,10.40,-9.2,14.14,0.86,7.98,0.00,,,,,,,,,0.7007576076198166,0.2966502079074944,0.002592184472688834,NGC5985,0.7007576076198166,0.2966502079074944,0.207879889993177
NGC5985,39.7,12.56,303.00,10.40,5.72,17.36,9.04,1.99,0.00,,,,,,,,,0.7247778791062064,0.07868601398332314,0.19653610691047055,NGC5985,0.7247778791062064,0.07868601398332314,0.05702988233015425
NGC5985,39.7,13.39,305.00,10.10,13.39,20.24,7.18,7.78,0.00,,,,,,,,,0.6395882230518838,0.2799242968914544,0.0804874800566618,NGC5985,0.6395882230518838,0.2799242968914544,0.1790362836378533
NGC5985,39.7,14.10,300.00,8.78,17.64,22.33,5.72,4.35,0.00,,,,,,,,,0.5918325199174046,0.3693333629272007,0.03883411715539475,NGC5985,0.5918325199174046,0.3693333629272007,0.21858349487077453
NGC5985,39.7,14.93,295.00,9.72,21.66,22.27,4.15,8.95,0.00,,,,,,,,,0.5048735100490568,0.47759421213419917,0.017532277816744053,NGC5985,0.5048735100490568,0.47759421213419917,0.24112466625930695
NGC5985,39.7,15.64,294.00,5.32,24.38,21.26,2.91,0.86,0.00,,,,,,,,,0.42848920893318343,0.5634829392625479,0.008027851804268725,NGC5985,0.42848920893318343,0.5634829392625479,0.24144635889195418
NGC5985,39.7,16.35,290.00,5.32,26.24,21.1,1.75,5.30,0.00,,,,,,,,,0.39163093290603246,0.6056751255112881,0.0026939415826794646,NGC5985,0.39163093290603246,0.6056751255112881,0.23720111444196407
NGC5985,39.7,17.18,291.00,4.03,27.98,20.98,0.48,5.24,0.00,,,,,,,,,0.3598224171385708,0.6399892354205675,0.00018834744086184652,NGC5985,0.3598224171385708,0.6399892354205675,0.23028247363169446
NGC5985,39.7,17.89,286.00,3.25,29.72,18.99,9.47,5.95,0.00,,,,,,,,,0.27041516988039854,0.662336565786784,0.06724826433281739,NGC5985,0.27041516988039854,0.662336565786784,0.17910585495523296
NGC5985,39.7,18.72,287.00,3.61,31.57,15.15,8.36,0.15,0.00,,,,,,,,,0.1770901728832469,0.7689858704382533,0.0539239566784998,NGC5985,0.1770901728832469,0.7689858704382533,0.13617984074068437
NGC5985,39.7,19.44,294.00,3.35,33.2,12.39,7.46,7.57,0.00,,,,,,,,,0.11705937691040523,0.8405039577057776,0.04243666538381735,NGC5985,0.11705937691040523,0.8405039577057776,0.09838886957976792
NGC5985,39.7,20.26,290.00,3.75,35.16,10.49,6.49,4.32,0.00,,,,,,,,,0.07925758099801944,0.890404958045523,0.030337460956457497,NGC5985,0.07925758099801944,0.890404958045523,0.07057134308333114
NGC5985,39.7,20.98,288.00,3.04,37.01,8.75,5.68,1.09,0.00,,,,,,,,,0.05178162610368838,0.9263982983500894,0.021820075546222183,NGC5985,0.05178162610368838,0.9263982983500894,0.04797041030825749
NGC5985,39.7,21.69,290.00,6.40,38.65,6.74,4.93,8.12,0.00,,,,,,,,,0.029054046707662987,0.9554013130334398,0.01554464025889719,NGC5985,0.029054046707662987,0.9554013130334398,0.027758274373436108
NGC5985,39.7,22.52,294.00,4.19,40.5,4.38,4.09,5.48,0.00,,,,,,,,,0.011445429664486587,0.9785745713795648,0.009979998955948482,NGC5985,0.011445429664486587,0.9785745713795648,0.01120020642817992
NGC5985,39.7,23.23,297.00,4.12,41.91,2.43,3.41,3.71,0.00,,,,,,,,,0.003328614944093825,0.9901165801597324,0.006554804896173925,NGC5985,0.003328614944093825,0.9901165801597324,0.0032957168451147566
NGC5985,39.7,24.06,293.00,5.15,43.22,0.72,2.66,2.00,0.00,,,,,,,,,0.0002763970956124947,0.9959510811263865,0.003772521778001095,NGC5985,0.0002763970956124947,0.9959510811263865,0.0002752779861954573
NGC5985,39.7,24.77,291.00,6.21,44.2,99.42,2.04,0.53,0.00,,,,,,,,,0.834674988587365,0.1649735883841246,0.0003514230285105612,NGC5985,0.834674988587365,0.1649735883841246,0.13769932800173584
NGC5985,39.7,25.95,297.00,4.00,45.18,97.86,1.07,8.46,0.00,,,,,,,,,0.8242202533688718,0.1756812093863607,9.85372447676435e-05,NGC5985,0.8242202533688718,0.1756812093863607,0.14480001091257605
NGC5985,39.7,28.92,292.00,4.00,43.33,93.43,8.91,0.08,0.00,,,,,,,,,0.8168754138985737,0.17569544622504235,0.007429139876383976,NGC5985,0.8168754138985737,0.17569544622504235,0.14352129035517605
NGC5985,39.7,31.76,288.00,4.00,45.72,84.74,7.13,6.27,0.00,,,,,,,,,0.7703121604646562,0.22423442019220957,0.0054534193431342035,NGC5985,0.7703121604646562,0.22423442019220957,0.1727305006688005
NGC5985,39.7,34.72,285.00,4.00,47.57,80.34,5.51,3.62,0.00,,,,,,,,,0.7378460772095725,0.25868331677179923,0.0034706060186283135,NGC5985,0.7378460772095725,0.25868331677179923,0.1908684705196333
NGC6015,17.0,0.34,35.50,2.10,-2.27,41.97,0.0,4.63,0.00,,,,,,,,,0.9970832098876405,0.002916790112359449,0.0,NGC6015,0.9970832098876405,0.002916790112359449,0.002908282447799891
NGC6015,17.0,0.67,62.40,4.20,-3.73,62.26,0.0,5.05,0.00,,,,,,,,,0.9964236217458625,0.0035763782541375234,0.0,NGC6015,0.9964236217458625,0.0035763782541375234,0.0035635877727208556
NGC6015,17.0,1.00,90.70,3.80,-5.02,80.4,0.0,5.71,0.00,,,,,,,,,0.9961166588929166,0.003883341107083526,0.0,NGC6015,0.9961166588929166,0.003883341107083526,0.0038682607689295616
NGC6015,17.0,1.32,104.00,2.00,-6.13,86.74,0.0,6.63,0.00,,,,,,,,,0.9950304338301171,0.0049695661698828586,0.0,NGC6015,0.9950304338301171,0.0049695661698828586,0.004944869581966015
NGC6015,17.0,1.65,105.00,2.40,-7.07,92.13,0.0,9.56,0.00,,,,,,,,,0.994145542537061,0.00585445746293905,0.0,NGC6015,0.994145542537061,0.00585445746293905,0.0058201827907536875
NGC6015,17.0,1.98,108.00,2.00,-7.85,97.94,0.0,6.73,0.00,,,,,,,,,0.9936168060172287,0.006383193982771317,0.0,NGC6015,0.9936168060172287,0.006383193982771317,0.0063424488173496295
NGC6015,17.0,2.31,116.00,2.30,-8.46,4.95,0.0,4.56,0.00,,,,,,,,,0.25503751791585866,0.7449624820841414,0.0,NGC6015,0.25503751791585866,0.7449624820841414,0.18999338237117674
NGC6015,17.0,2.63,130.00,3.30,-8.8,12.27,0.0,3.54,0.00,,,,,,,,,0.6603403000707477,0.3396596999292522,0.0,NGC6015,0.6603403000707477,0.3396596999292522,0.22429098817322254
NGC6015,17.0,2.96,141.00,2.20,-8.85,20.94,0.0,1.35,0.00,,,,,,,,,0.8484489637409467,0.15155103625905342,0.0,NGC6015,0.8484489637409467,0.15155103625905342,0.12858331966786052
NGC6015,17.0,3.28,146.00,1.60,-8.55,29.34,0.0,7.64,0.00,,,,,,,,,0.9217266112175957,0.07827338878240432,0.0,NGC6015,0.9217266112175957,0.07827338878240432,0.0721466653909229
NGC6015,17.0,3.61,150.00,1.40,-7.82,37.29,0.0,7.08,0.00,,,,,,,,,0.957875217030557,0.042124782969443005,0.0,NGC6015,0.957875217030557,0.042124782969443005,0.04035028562922033
NGC6015,17.0,3.94,152.00,1.10,-6.39,43.65,0.0,3.58,0.00,,,,,,,,,0.9790190871783773,0.0209809128216227,0.0,NGC6015,0.9790190871783773,0.0209809128216227,0.020540714118794167
NGC6015,17.0,4.27,155.00,1.30,-3.64,48.22,0.0,7.76,0.00,,,,,,,,,0.994333947138621,0.005666052861378932,0.0,NGC6015,0.994333947138621,0.005666052861378932,0.005633948706350991
NGC6015,17.0,4.60,152.00,1.80,4.74,49.97,0.0,5.40,0.00,,,,,,,,,0.9910824048802357,0.008917595119764348,0.0,NGC6015,0.9910824048802357,0.008917595119764348,0.008838071617044304
NGC6015,17.0,4.94,150.00,2.40,8.31,49.81,0.0,8.33,0.00,,,,,,,,,0.9729201555928058,0.02707984440719438,0.0,NGC6015,0.9729201555928058,0.02707984440719438,0.026346526434076527
NGC6015,17.0,5.30,147.00,5.50,11.17,47.82,0.0,8.44,0.00,,,,,,,,,0.948261331965013,0.05173866803498688,0.0,NGC6015,0.948261331965013,0.05173866803498688,0.049061778264952303
NGC6015,17.0,5.63,145.00,3.80,13.71,45.9,0.0,0.36,0.00,,,,,,,,,0.9180903688951343,0.08190963110486563,0.0,NGC6015,0.9180903688951343,0.08190963110486563,0.07520044343713045
NGC6015,17.0,5.96,152.00,4.10,15.93,45.72,0.0,3.42,0.00,,,,,,,,,0.8917423711008905,0.1082576288991095,0.0,NGC6015,0.8917423711008905,0.1082576288991095,0.0965379146842522
NGC6015,17.0,6.27,149.00,1.40,18.03,45.22,0.0,3.15,0.00,,,,,,,,,0.8628309713711713,0.13716902862882874,0.0,NGC6015,0.8628309713711713,0.13716902862882874,0.1183536862138523
NGC6015,17.0,8.24,149.00,4.00,27.98,36.77,0.0,3.82,0.00,,,,,,,,,0.6332963966265047,0.3667036033734953,0.0,NGC6015,0.6332963966265047,0.3667036033734953,0.23223207064638954
NGC6015,17.0,10.30,146.00,4.00,36.61,23.8,0.0,1.23,0.00,,,,,,,,,0.2970737210539436,0.7029262789460564,0.0,NGC6015,0.2970737210539436,0.7029262789460564,0.2088209253131073
NGC6015,17.0,11.13,149.00,3.20,39.92,19.88,0.0,8.66,0.00,,,,,,,,,0.19871795387497956,0.8012820461250205,0.0,NGC6015,0.19871795387497956,0.8012820461250205,0.15922912868272107
NGC6015,17.0,11.95,152.00,2.80,43.13,16.47,0.0,5.98,0.00,,,,,,,,,0.1272654330758976,0.8727345669241023,0.0,NGC6015,0.1272654330758976,0.8727345669241023,0.11106894261990183
NGC6015,17.0,12.72,153.00,2.40,45.67,12.55,0.0,3.85,0.00,,,,,,,,,0.07021170253142382,0.9297882974685762,0.0,NGC6015,0.07021170253142382,0.9297882974685762,0.06528201935906268
NGC6015,17.0,13.58,156.00,2.20,47.33,8.33,0.0,2.84,0.00,,,,,,,,,0.0300447565288304,0.9699552434711697,0.0,NGC6015,0.0300447565288304,0.9699552434711697,0.029142069133953705
NGC6015,17.0,14.43,158.00,2.80,48.11,4.74,0.0,2.01,0.00,,,,,,,,,0.009613700614499617,0.9903862993855004,0.0,NGC6015,0.009613700614499617,0.9903862993855004,0.009521277374994386
NGC6015,17.0,15.29,158.00,3.10,48.44,1.4,0.0,1.41,0.00,,,,,,,,,0.0008346130733791813,0.9991653869266208,0.0,NGC6015,0.0008346130733791813,0.9991653869266208,0.0008339164943969258
NGC6015,17.0,16.02,159.00,3.80,48.44,98.71,0.0,0.96,0.00,,,,,,,,,0.8059210390003713,0.19407896099962865,0.0,NGC6015,0.8059210390003713,0.19407896099962865,0.15641231789693325
NGC6015,17.0,16.88,161.00,3.60,48.11,95.6,0.0,0.61,0.00,,,,,,,,,0.7979233611835362,0.20207663881646376,0.0,NGC6015,0.7979233611835362,0.20207663881646376,0.16124167086110422
NGC6015,17.0,17.73,163.00,4.00,47.66,92.8,0.0,0.44,0.00,,,,,,,,,0.7912882724819631,0.20871172751803685,0.0,NGC6015,0.7912882724819631,0.20871172751803685,0.1651511423144736
NGC6015,17.0,18.59,162.00,4.80,47.0,90.22,0.0,0.30,0.00,,,,,,,,,0.7865421729856046,0.21345782701439542,0.0,NGC6015,0.7865421729856046,0.21345782701439542,0.16789358310068786
NGC6015,17.0,19.32,164.00,5.70,46.67,88.2,0.0,0.22,0.00,,,,,,,,,0.7812577125980041,0.21874228740199594,0.0,NGC6015,0.7812577125980041,0.21874228740199594,0.17089409910413858
NGC6015,17.0,20.18,165.00,7.00,46.56,85.97,0.0,0.15,0.00,,,,,,,,,0.7732077182877186,0.22679228171228136,0.0,NGC6015,0.7732077182877186,0.22679228171228136,0.17535754266801856
NGC6015,17.0,21.04,166.00,6.30,46.12,83.92,0.0,0.10,0.00,,,,,,,,,0.7680324577871311,0.2319675422128688,0.0,NGC6015,0.7680324577871311,0.2319675422128688,0.17815860157258973
NGC6015,17.0,21.89,163.00,7.00,45.56,82.02,0.0,0.07,0.00,,,,,,,,,0.7642036788847067,0.2357963211152933,0.0,NGC6015,0.7642036788847067,0.2357963211152933,0.1801964160637868
NGC6015,17.0,22.63,159.00,8.50,45.34,80.48,0.0,0.05,0.00,,,,,,,,,0.7590792460012287,0.24092075399877136,0.0,NGC6015,0.7590792460012287,0.24092075399877136,0.18287794429143486
NGC6015,17.0,23.48,155.00,9.10,45.12,78.82,0.0,0.04,0.00,,,,,,,,,0.7531869548432067,0.2468130451567932,0.0,NGC6015,0.7531869548432067,0.2468130451567932,0.18589636589722394
NGC6015,17.0,24.34,154.00,8.00,44.68,77.25,0.0,0.03,0.00,,,,,,,,,0.7493299515917202,0.2506700484082797,0.0,NGC6015,0.7493299515917202,0.2506700484082797,0.1878345752392704
NGC6015,17.0,25.19,149.00,5.40,44.57,75.79,0.0,0.02,0.00,,,,,,,,,0.7430364283072654,0.25696357169273465,0.0,NGC6015,0.7430364283072654,0.25696357169273465,0.19093329451564747
NGC6015,17.0,25.93,153.00,3.10,46.56,74.58,0.0,0.01,0.00,,,,,,,,,0.7195561713374238,0.28044382866257617,0.0,NGC6015,0.7195561713374238,0.28044382866257617,0.20179508762765178
NGC6015,17.0,26.78,156.00,3.00,42.58,73.28,0.0,0.01,0.00,,,,,,,,,0.7475911646457974,0.2524088353542025,0.0,NGC6015,0.7475911646457974,0.2524088353542025,0.1886986151893376
NGC6015,17.0,27.64,151.00,9.40,40.7,72.03,0.0,0.01,0.00,,,,,,,,,0.7579933143222407,0.2420066856777592,0.0,NGC6015,0.7579933143222407,0.2420066856777592,0.18343944976502544
NGC6015,17.0,28.37,158.00,7.70,39.26,71.03,0.0,0.00,0.00,,,,,,,,,0.7659876702858535,0.23401232971414648,0.0,NGC6015,0.7659876702858535,0.23401232971414648,0.17925055925590405
NGC6015,17.0,29.23,152.00,3.40,38.26,69.88,0.0,0.00,0.00,,,,,,,,,0.7693685341927783,0.2306314658072217,0.0,NGC6015,0.7693685341927783,0.2306314658072217,0.17744059278683402
NGC6195,127.8,1.33,175.00,13.60,0.0,53.18,6.8,1.62,91.90,,,,,,,,,0.983912898084452,0.0,0.016087101915548,NGC6195,0.983912898084452,0.0,0.0
NGC6195,127.8,2.34,237.00,3.65,0.0,84.9,8.48,4.34,33.00,,,,,,,,,0.9901220897964764,0.0,0.009877910203523655,NGC6195,0.9901220897964764,0.0,0.0
NGC6195,127.8,3.33,247.00,3.81,0.0,10.89,8.69,5.95,95.85,,,,,,,,,0.6109587333250218,0.0,0.3890412666749781,NGC6195,0.6109587333250218,0.0,0.0
NGC6195,127.8,4.34,242.00,3.56,0.0,33.39,5.32,3.21,84.39,,,,,,,,,0.9752427080431195,0.0,0.02475729195688048,NGC6195,0.9752427080431195,0.0,0.0
NGC6195,127.8,5.35,240.00,4.20,0.11,52.34,7.96,6.56,51.03,,,,,,,,,0.9773895442755342,4.317035525242116e-06,0.02260613868894057,NGC6195,0.9773895442755342,4.317035525242116e-06,4.219425384637683e-06
NGC6195,127.8,6.34,233.00,4.59,0.0,68.35,2.98,6.08,49.16,,,,,,,,,0.9981027230487765,0.0,0.0018972769512235275,NGC6195,0.9981027230487765,0.0,0.0
NGC6195,127.8,7.34,233.00,4.63,0.0,82.51,5.83,9.86,69.12,,,,,,,,,0.9950322345188587,0.0,0.004967765481141246,NGC6195,0.9950322345188587,0.0,0.0
NGC6195,127.8,8.32,247.00,6.41,1.96,92.78,6.67,0.30,32.44,,,,,,,,,0.9944168278786606,0.00044378423606909284,0.005139387885270269,NGC6195,0.9944168278786606,0.00044378423606909284,0.00044130651229438197
NGC6195,127.8,9.34,248.00,7.64,15.34,98.8,6.7,1.43,14.68,,,,,,,,,0.972095649342574,0.023433967834913437,0.004470382822512678,NGC6195,0.972095649342574,0.023433967834913437,0.02278005817915317
NGC6195,127.8,10.38,242.00,9.05,25.14,7.14,6.98,8.77,6.55,,,,,,,,,0.06967095045697831,0.8637456205901823,0.06658342895283931,NGC6195,0.06967095045697831,0.8637456205901823,0.06017797833957058
NGC6195,127.8,11.36,252.00,12.50,33.65,11.69,8.54,1.01,3.07,,,,,,,,,0.10183699326527215,0.843813915416993,0.05434909131773497,NGC6195,0.10183699326527215,0.843813915416993,0.08593147202146324
NGC6195,127.8,12.34,245.00,8.72,41.56,13.57,0.81,5.90,1.44,,,,,,,,,0.09630835132376787,0.9033485063502512,0.0003431423259809211,NGC6195,0.09630835132376787,0.9033485063502512,0.08700000531738095
NGC6195,127.8,13.32,247.00,4.44,48.79,17.57,3.83,0.98,0.68,,,,,,,,,0.11417285777375928,0.8804019279410203,0.005425214285220278,NGC6195,0.11417285777375928,0.8804019279410203,0.10051800410255358
NGC6195,127.8,14.30,238.00,9.29,54.63,23.69,7.48,2.10,0.32,,,,,,,,,0.1558239588512161,0.8286411824244724,0.015534858724311512,NGC6195,0.1558239588512161,0.8286411824244724,0.12912214951253403
NGC6195,127.8,15.47,249.00,9.98,60.46,31.69,0.69,5.40,0.13,,,,,,,,,0.21549895091220148,0.7843988848584458,0.00010216422935275085,NGC6195,0.21549895091220148,0.7843988848584458,0.16903713678369578
NGC6195,127.8,16.35,250.00,6.15,63.83,34.56,6.06,9.41,0.06,,,,,,,,,0.22512849724546913,0.7679495560181755,0.006921946736355343,NGC6195,0.22512849724546913,0.7679495560181755,0.17288732950669705
NGC6195,127.8,17.92,253.00,6.96,68.08,38.09,8.63,4.92,0.02,,,,,,,,,0.23551920637009313,0.7523908026922582,0.012089990937648669,NGC6195,0.23551920637009313,0.7523908026922582,0.17720248473023797
NGC6195,127.8,19.10,258.00,15.40,69.27,41.54,3.66,2.44,0.01,,,,,,,,,0.2639578378847867,0.7339930593059357,0.002049102809277488,NGC6195,0.2639578378847867,0.7339930593059357,0.19374322095683483
NGC6195,127.8,22.52,254.00,6.51,67.69,40.74,1.52,6.49,0.00,,,,,,,,,0.2658150493768084,0.7338149310551079,0.00037001956808383276,NGC6195,0.2658150493768084,0.7338149310551079,0.19505905213185273
NGC6195,127.8,26.05,256.00,7.73,66.4,25.1,1.58,7.40,0.00,,,,,,,,,0.12496562508082965,0.8745392015307292,0.000495173388441109,NGC6195,0.12496562508082965,0.8745392015307292,0.10928733797697722
NGC6195,127.8,29.48,255.00,8.50,63.14,8.87,3.68,9.64,0.00,,,,,,,,,0.019288854101552264,0.9773910179093575,0.003320127989090336,NGC6195,0.019288854101552264,0.9773910179093575,0.01885275274462125
NGC6195,127.8,33.00,244.00,5.75,61.55,95.11,6.89,7.64,0.00,,,,,,,,,0.7022249561079907,0.2940898330508764,0.003685210841132775,NGC6195,0.7022249561079907,0.2940898330508764,0.206517220105958
NGC6195,127.8,36.43,246.00,4.24,65.91,85.57,1.25,6.50,0.00,,,,,,,,,0.6275521021728345,0.37231398359029944,0.0001339142368660452,NGC6195,0.6275521021728345,0.37231398359029944,0.23364642307043462
NGC6503,6.26,0.76,77.00,10.00,4.04,70.72,0.0,4.73,0.00,,,,,,,,,0.9967471560335137,0.0032528439664862366,0.0,NGC6503,0.9967471560335137,0.0032528439664862366,0.0032422629726159306
NGC6503,6.26,1.52,100.00,5.00,7.62,23.17,0.0,3.29,0.00,,,,,,,,,0.9023985511838448,0.09760144881615522,0.0,NGC6503,0.9023985511838448,0.09760144881615522,0.08807540600514266
NGC6503,6.26,2.28,110.00,2.00,9.72,42.64,0.0,5.60,0.00,,,,,,,,,0.9506033520020412,0.049396647997958856,0.0,NGC6503,0.9506033520020412,0.049396647997958856,0.04695661916452461
NGC6503,6.26,3.04,118.00,2.00,12.42,34.42,0.0,6.48,0.00,,,,,,,,,0.8847966919613011,0.11520330803869891,0.0,NGC6503,0.8847966919613011,0.11520330803869891,0.10193150585563955
NGC6503,6.26,3.79,121.00,2.00,13.35,21.97,0.0,8.63,0.00,,,,,,,,,0.7303350232424285,0.26966497675757156,0.0,NGC6503,0.7303350232424285,0.26966497675757156,0.19694577706790997
NGC6503,6.26,4.55,121.00,2.00,14.78,11.53,0.0,4.64,0.00,,,,,,,,,0.3783293913616607,0.6216706086383393,0.0,NGC6503,0.3783293913616607,0.6216706086383393,0.2351962629935761
NGC6503,6.26,5.31,117.00,2.00,17.55,3.23,0.0,8.92,0.00,,,,,,,,,0.03276300310832275,0.9672369968916772,0.0,NGC6503,0.03276300310832275,0.9672369968916772,0.031689588735646784
NGC6503,6.26,6.07,116.00,2.00,19.2,96.65,0.0,6.87,0.00,,,,,,,,,0.9620344778311744,0.03796552216882576,0.0,NGC6503,0.9620344778311744,0.03796552216882576,0.03652414129527416
NGC6503,6.26,6.83,116.00,2.00,20.33,91.96,0.0,5.31,0.00,,,,,,,,,0.9534034716428237,0.04659652835717629,0.0,NGC6503,0.9534034716428237,0.04659652835717629,0.04442529190223515
NGC6503,6.26,7.59,116.00,2.00,21.66,87.62,0.0,2.98,0.00,,,,,,,,,0.942409598326627,0.05759040167337308,0.0,NGC6503,0.942409598326627,0.05759040167337308,0.05427374730847263
NGC6503,6.26,8.35,115.00,1.00,22.79,83.25,0.0,1.95,0.00,,,,,,,,,0.9302835137100177,0.06971648628998227,0.0,NGC6503,0.9302835137100177,0.06971648628998227,0.06485609782936098
NGC6503,6.26,9.11,115.00,1.00,23.92,79.58,0.0,1.74,0.00,,,,,,,,,0.9171390923298501,0.08286090767014986,0.0,NGC6503,0.9171390923298501,0.08286090767014986,0.07599497765022876
NGC6503,6.26,9.86,116.00,1.00,24.84,76.81,0.0,1.53,0.00,,,,,,,,,0.9053177266388204,0.0946822733611796,0.0,NGC6503,0.9053177266388204,0.0946822733611796,0.08571754047233845
NGC6503,6.26,10.64,117.00,1.00,25.46,74.18,0.0,0.83,0.00,,,,,,,,,0.8946148878762792,0.10538511212372073,0.0,NGC6503,0.8946148878762792,0.10538511212372073,0.09427909026639153
NGC6503,6.26,11.38,117.00,1.00,26.38,71.5,0.0,0.58,0.00,,,,,,,,,0.8801849344776372,0.11981506552236283,0.0,NGC6503,0.8801849344776372,0.11981506552236283,0.10545941559623474
NGC6503,6.26,12.12,118.00,1.00,27.2,69.18,0.0,0.42,0.00,,,,,,,,,0.8661095716816533,0.13389042831834674,0.0,NGC6503,0.8661095716816533,0.13389042831834674,0.11596378152307639
NGC6503,6.26,12.86,117.00,1.00,28.13,67.04,0.0,0.30,0.00,,,,,,,,,0.8502936010716545,0.1497063989283454,0.0,NGC6503,0.8502936010716545,0.1497063989283454,0.1272943930482525
NGC6503,6.26,13.70,116.00,1.00,28.74,64.84,0.0,0.20,0.00,,,,,,,,,0.8357947134328224,0.1642052865671777,0.0,NGC6503,0.8357947134328224,0.1642052865671777,0.13724191043056877
NGC6503,6.26,14.44,115.00,1.00,28.64,63.05,0.0,0.14,0.00,,,,,,,,,0.828956169613922,0.17104383038607796,0.0,NGC6503,0.828956169613922,0.17104383038607796,0.14178783847293655
NGC6503,6.26,15.18,117.00,1.00,28.33,61.39,0.0,0.10,0.00,,,,,,,,,0.8244295467327716,0.17557045326722842,0.0,NGC6503,0.8244295467327716,0.17557045326722842,0.1447454692067684
NGC6503,6.26,15.91,116.00,1.00,28.13,59.88,0.0,0.07,0.00,,,,,,,,,0.8192111181234127,0.18078888187658723,0.0,NGC6503,0.8192111181234127,0.18078888187658723,0.14810426206640062
NGC6503,6.26,16.65,115.00,2.00,28.33,58.45,0.0,0.05,0.00,,,,,,,,,0.809767590424574,0.19023240957542598,0.0,NGC6503,0.809767590424574,0.19023240957542598,0.15404403992255336
NGC6503,6.26,17.49,115.00,2.00,28.23,56.93,0.0,0.03,0.00,,,,,,,,,0.8026396164912867,0.19736038350871324,0.0,NGC6503,0.8026396164912867,0.19736038350871324,0.15840926253000687
NGC6503,6.26,18.23,115.00,2.00,27.82,55.71,0.0,0.02,0.00,,,,,,,,,0.8004020315371291,0.19959796846287087,0.0,NGC6503,0.8004020315371291,0.19959796846287087,0.15975861944836567
NGC6503,6.26,18.97,114.00,2.00,27.2,54.55,0.0,0.02,0.00,,,,,,,,,0.8008796831149153,0.19912031688508475,0.0,NGC6503,0.8008796831149153,0.19912031688508475,0.1594714162886682
NGC6503,6.26,19.71,115.00,2.00,26.9,53.46,0.0,0.01,0.00,,,,,,,,,0.7979635588925295,0.20203644110747046,0.0,NGC6503,0.7979635588925295,0.20203644110747046,0.16121771757209807
NGC6503,6.26,20.45,114.00,2.00,26.69,52.44,0.0,0.01,0.00,,,,,,,,,0.7942540784263176,0.2057459215736825,0.0,NGC6503,0.7942540784263176,0.2057459215736825,0.16341453732947858
NGC6503,6.26,21.29,116.00,2.00,26.49,51.35,0.0,0.01,0.00,,,,,,,,,0.789812446904227,0.21018755309577294,0.0,NGC6503,0.789812446904227,0.21018755309577294,0.16600874561938456
NGC6503,6.26,22.03,115.00,3.00,26.18,50.44,0.0,0.00,0.00,,,,,,,,,0.7877770091894132,0.2122229908105869,0.0,NGC6503,0.7877770091894132,0.2122229908105869,0.16718439298199647
NGC6503,6.26,22.76,118.00,4.00,25.87,49.61,0.0,0.00,0.00,,,,,,,,,0.7862078405729092,0.2137921594270909,0.0,NGC6503,0.7862078405729092,0.2137921594270909,0.16808507199459227
NGC6503,6.26,23.50,115.00,10.00,25.46,48.79,0.0,0.00,0.00,,,,,,,,,0.7859752366356028,0.21402476336439719,0.0,NGC6503,0.7859752366356028,0.21402476336439719,0.16821816403121095
NGC6674,51.2,2.50,206.00,75.00,0.0,22.77,1.6,9.71,11.84,,,,,,,,,0.9950866826259916,0.0,0.0049133173740084374,NGC6674,0.9950866826259916,0.0,0.0
NGC6674,51.2,7.49,285.00,8.00,0.0,18.15,9.53,2.14,0.00,,,,,,,,,0.7838850056895599,0.0,0.2161149943104401,NGC6674,0.7838850056895599,0.0,0.0
NGC6674,51.2,12.54,291.00,7.00,0.0,34.07,6.92,6.66,0.00,,,,,,,,,0.9603803015807785,0.0,0.039619698419221486,NGC6674,0.9603803015807785,0.0,0.0
NGC6674,51.2,17.45,274.00,5.00,0.0,21.55,5.21,0.36,0.00,,,,,,,,,0.9447781756602528,0.0,0.05522182433974723,NGC6674,0.9447781756602528,0.0,0.0
NGC6674,51.2,22.47,266.00,4.00,23.41,5.25,7.46,9.71,0.00,,,,,,,,,0.043663905866876455,0.8681740542695022,0.08816203986362128,NGC6674,0.043663905866876455,0.8681740542695022,0.037907870181688036
NGC6674,51.2,27.48,255.00,2.00,35.47,90.15,1.96,8.34,0.00,,,,,,,,,0.8655911688004614,0.13399967089094292,0.00040916030859565754,NGC6674,0.8655911688004614,0.13399967089094292,0.11598893174536844
NGC6674,51.2,32.50,250.00,2.00,42.22,74.2,7.78,3.62,0.00,,,,,,,,,0.7491995043257194,0.2425638788090971,0.008236616865183498,NGC6674,0.7491995043257194,0.2425638788090971,0.1817287377710994
NGC6674,51.2,37.51,242.00,2.00,45.59,60.68,4.48,1.58,0.00,,,,,,,,,0.6369710006134505,0.3595569607891831,0.003472038597366573,NGC6674,0.6369710006134505,0.3595569607891831,0.22902735709141714
NGC6674,51.2,42.42,237.00,2.00,49.68,49.48,1.82,0.70,0.00,,,,,,,,,0.49764777632520074,0.5016789285623398,0.0006732951124596348,NGC6674,0.49764777632520074,0.5016789285623398,0.2496594032282576
NGC6674,51.2,47.44,235.00,2.00,50.91,39.94,9.55,0.30,0.00,,,,,,,,,0.37286495442442114,0.6058172551656943,0.021317790409884532,NGC6674,0.37286495442442114,0.6058172551656943,0.2258880232368845
NGC6674,51.2,52.45,236.00,2.00,48.66,31.98,7.61,0.13,0.00,,,,,,,,,0.29657582247401365,0.6866304099540309,0.016793767571955467,NGC6674,0.29657582247401365,0.6866304099540309,0.2036379785677859
NGC6674,51.2,57.47,242.00,2.00,50.7,25.25,5.93,0.06,0.00,,,,,,,,,0.1965833372748925,0.7925740654943452,0.010842597230762264,NGC6674,0.1965833372748925,0.7925740654943452,0.15580685483240758
NGC6674,51.2,62.48,246.00,2.00,51.01,19.5,4.46,0.03,0.00,,,,,,,,,0.1266587339382819,0.8667155070294847,0.006625759032233341,NGC6674,0.1266587339382819,0.8667155070294847,0.10977708880503059
NGC6674,51.2,67.40,242.00,4.00,48.35,14.62,3.18,0.01,0.00,,,,,,,,,0.08344242944186812,0.9126098497126363,0.003947720845495589,NGC6674,0.08344242944186812,0.9126098497126363,0.07615038299260052
NGC6674,51.2,72.41,242.00,5.00,44.77,10.24,2.01,0.00,0.00,,,,,,,,,0.049619103385088355,0.948469102528588,0.0019117940863236941,NGC6674,0.049619103385088355,0.948469102528588,0.047062186455927975
NGC6789,3.52,0.10,13.90,3.84,2.8,7.62,0.0,6.29,0.00,,,,,,,,,0.881039809178143,0.1189601908218571,0.0,NGC6789,0.881039809178143,0.1189601908218571,0.10480866382148446
NGC6789,3.52,0.30,29.90,3.92,7.72,17.26,0.0,2.07,0.00,,,,,,,,,0.8332939866743495,0.16670601332565044,0.0,NGC6789,0.8332939866743495,0.16670601332565044,0.1389151184467185
NGC6789,3.52,0.51,46.70,4.10,11.07,20.43,0.0,0.50,0.00,,,,,,,,,0.7730354946142999,0.22696450538570018,0.0,NGC6789,0.7730354946142999,0.22696450538570018,0.17545161868072467
NGC6789,3.52,0.71,60.40,9.40,11.87,21.37,0.0,6.58,0.00,,,,,,,,,0.7642184111820164,0.23578158881798364,0.0,NGC6789,0.7642184111820164,0.23578158881798364,0.18018863119245093
NGC6946,5.52,0.19,153.00,8.00,0.96,24.4,,9.94,52.70,,,,,,,,,0.0,0.0,0.0,NGC6946,0.0,0.0,0.0
NGC6946,5.52,0.56,130.00,9.00,2.86,62.52,,6.02,85.78,,,,,,,,,0.0,0.0,0.0,NGC6946,0.0,0.0,0.0
NGC6946,5.52,0.94,128.00,3.00,4.5,91.94,,5.63,4.79,,,,,,,,,0.0,0.0,0.0,NGC6946,0.0,0.0,0.0
NGC6946,5.52,1.22,134.00,3.00,5.34,9.48,0.39,4.97,0.11,,,,,,,,,0.7581562383739912,0.2405606298734331,0.0012831317525757542,NGC6946,0.7581562383739912,0.2405606298734331,0.18238254224572
NGC6946,5.52,1.59,129.00,4.00,6.46,27.82,5.47,2.43,0.00,,,,,,,,,0.9152648003813603,0.049351180438996986,0.03538401917964288,NGC6946,0.9152648003813603,0.049351180438996986,0.045169398313083066
NGC6946,5.52,1.96,131.00,7.00,6.51,38.39,4.99,9.40,0.00,,,,,,,,,0.9563419574798664,0.02750039696385432,0.01615764555627922,NGC6946,0.9563419574798664,0.02750039696385432,0.026299783463885815
NGC6946,5.52,2.34,138.00,8.00,6.51,51.17,6.94,1.26,0.00,,,,,,,,,0.9665756289073336,0.015644690788473574,0.017779680304192906,NGC6946,0.9665756289073336,0.015644690788473574,0.015121776837929615
NGC6946,5.52,2.71,139.00,5.00,6.44,66.55,0.79,9.81,0.00,,,,,,,,,0.9905842768694127,0.009276134677873646,0.00013958845271355616,NGC6946,0.9905842768694127,0.009276134677873646,0.009188793162024748
NGC6946,5.52,2.99,143.00,3.00,6.38,70.5,6.91,1.62,0.00,,,,,,,,,0.9825147851647731,0.008046411110358833,0.009438803724868187,NGC6946,0.9825147851647731,0.008046411110358833,0.007905717883441653
NGC6946,5.52,3.37,146.00,2.00,7.55,77.07,2.44,4.45,0.00,,,,,,,,,0.9895121078853811,0.009496078541452981,0.0009918135731659923,NGC6946,0.9895121078853811,0.009496078541452981,0.009396484694198275
NGC6946,5.52,3.74,154.00,2.00,10.54,80.71,8.77,8.88,0.00,,,,,,,,,0.9719484551473845,0.016575619201395813,0.011475925651219679,NGC6946,0.9719484551473845,0.016575619201395813,0.016110647475907982
NGC6946,5.52,4.12,161.00,1.00,12.86,84.13,5.52,9.37,0.00,,,,,,,,,0.9730742518646166,0.022736632404035968,0.004189115731347382,NGC6946,0.9730742518646166,0.022736632404035968,0.022124431566478097
NGC6946,5.52,4.40,167.00,2.00,13.54,87.91,3.4,0.02,0.00,,,,,,,,,0.9754019775971144,0.023138990105047424,0.0014590322978381698,NGC6946,0.9754019775971144,0.023138990105047424,0.02256981670806332
NGC6946,5.52,4.77,173.00,2.00,14.41,93.15,0.89,7.87,0.00,,,,,,,,,0.976541171470693,0.02336968191517944,8.914661412752458e-05,NGC6946,0.976541171470693,0.02336968191517944,0.022821456554346798
NGC6946,5.52,5.15,176.00,4.00,17.51,97.95,8.6,1.97,0.00,,,,,,,,,0.96184770352329,0.030737583669409842,0.007414712807300296,NGC6946,0.96184770352329,0.030737583669409842,0.029564874264276838
NGC6946,5.52,5.52,178.00,5.00,20.8,4.45,6.6,7.99,0.00,,,,,,,,,0.03992419393047414,0.8722536680762698,0.08782213799325607,NGC6946,0.03992419393047414,0.8722536680762698,0.03482402460084442
NGC6946,5.52,5.89,180.00,3.00,23.41,4.89,4.8,1.70,0.00,,,,,,,,,0.04018974076784403,0.9210862815266794,0.03872397770547659,NGC6946,0.04018974076784403,0.9210862815266794,0.037018218879374655
NGC6946,5.52,6.17,179.00,4.00,25.15,1.57,3.54,6.19,0.00,,,,,,,,,0.003806683664880876,0.9768400618360232,0.019353254499095782,NGC6946,0.003806683664880876,0.9768400618360232,0.0037185211065924144
NGC6946,5.52,6.55,180.00,5.00,27.66,0.86,1.96,3.94,0.00,,,,,,,,,0.0009609477886767192,0.9940477366015606,0.004991315609762689,NGC6946,0.0009609477886767192,0.9940477366015606,0.0009552279743263675
NGC6946,5.52,6.92,181.00,4.00,31.15,1.34,0.55,8.46,0.00,,,,,,,,,0.0018465260814096293,0.9978423945358623,0.0003110793827280089,NGC6946,0.0018465260814096293,0.9978423945358623,0.001842542006646707
NGC6946,5.52,7.30,179.00,4.00,34.05,98.33,9.22,2.51,0.00,,,,,,,,,0.8859719493085795,0.10623854792798716,0.007789502763433325,NGC6946,0.8859719493085795,0.10623854792798716,0.09412437339947173
NGC6946,5.52,7.58,179.00,2.00,34.92,94.96,8.3,0.13,0.00,,,,,,,,,0.8749918346142106,0.1183235138464178,0.006684651539371717,NGC6946,0.8749918346142106,0.1183235138464178,0.10353210845847706
NGC6946,5.52,7.95,179.00,1.00,35.89,89.92,7.17,9.35,0.00,,,,,,,,,0.8578794974792542,0.136666039476643,0.005454463044102817,NGC6946,0.8578794974792542,0.136666039476643,0.11724299326870241
NGC6946,5.52,8.33,178.00,1.00,37.34,84.93,6.08,6.41,0.00,,,,,,,,,0.834430291084223,0.16129334189492095,0.0042763670208561385,NGC6946,0.834430291084223,0.16129334189492095,0.13458805022732598
NGC6946,5.52,8.70,177.00,2.00,38.88,82.77,5.09,6.83,0.00,,,,,,,,,0.8167044953341357,0.18020695492272612,0.0030885497431380345,NGC6946,0.8167044953341357,0.18020695492272612,0.14717583017586638
NGC6946,5.52,9.08,176.00,2.00,39.08,81.24,4.13,1.04,0.00,,,,,,,,,0.8103809404753732,0.18752470841082317,0.0020943511138036205,NGC6946,0.8103809404753732,0.18752470841082317,0.151966449564333
NGC6946,5.52,9.36,173.00,3.00,38.4,79.87,3.47,5.55,0.00,,,,,,,,,0.8110049154710905,0.18746429646514312,0.0015307880637662366,NGC6946,0.8110049154710905,0.18746429646514312,0.15203446590856085
NGC6946,5.52,9.73,172.00,2.00,37.72,77.19,2.63,0.10,0.00,,,,,,,,,0.8064817144164125,0.1925820525940174,0.0009362329895701027,NGC6946,0.8064817144164125,0.1925820525940174,0.15531390394185488
NGC6946,5.52,10.10,172.00,2.00,37.43,74.69,1.85,5.97,0.00,,,,,,,,,0.7988797545934079,0.20063012819590254,0.0004901172106896104,NGC6946,0.7988797545934079,0.20063012819590254,0.1602793475771866
NGC6946,5.52,10.48,170.00,2.00,37.14,71.99,1.08,2.33,0.00,,,,,,,,,0.7896505131922216,0.21017176607886928,0.0001777207289091365,NGC6946,0.7896505131922216,0.21017176607886928,0.16596224294269468
NGC6946,5.52,10.76,171.00,2.00,36.66,70.15,0.54,9.90,0.00,,,,,,,,,0.7854446393584623,0.21450881835142704,4.654229011083115e-05,NGC6946,0.7854446393584623,0.21450881835142704,0.16848480146924652
NGC6946,5.52,11.13,174.00,2.00,35.89,67.51,9.86,7.13,0.00,,,,,,,,,0.7668968097423219,0.2167442734048316,0.01635891685284644,NGC6946,0.7668968097423219,0.2167442734048316,0.16622049180408294
NGC6946,5.52,11.51,174.00,2.00,36.08,64.95,9.2,4.62,0.00,,,,,,,,,0.7526442579646566,0.2322546937381979,0.015101048297145377,NGC6946,0.7526442579646566,0.2322546937381979,0.17480516162739454
NGC6946,5.52,11.88,175.00,2.00,36.76,62.35,8.58,2.58,0.00,,,,,,,,,0.7317776880721304,0.2543649415856547,0.013857370342214913,NGC6946,0.7317776880721304,0.2543649415856547,0.1861385888801529
NGC6946,5.52,12.26,174.00,2.00,37.82,59.81,7.98,0.77,0.00,,,,,,,,,0.7053927075332171,0.28205019852132074,0.012557093945462052,NGC6946,0.7053927075332171,0.28205019852132074,0.19895615319523582
NGC6946,5.52,12.54,173.00,6.00,38.79,58.0,7.55,9.59,0.00,,,,,,,,,0.6829532473838161,0.30547420728800445,0.011572545328179541,NGC6946,0.6829532473838161,0.30547420728800445,0.20862460185933962
NGC6946,5.52,12.91,173.00,6.00,40.14,55.62,7.01,8.27,0.00,,,,,,,,,0.6507405924272437,0.33892270630611754,0.01033670126663879,NGC6946,0.6507405924272437,0.33892270630611754,0.22055076268868765
NGC6946,5.52,13.29,173.00,8.00,42.08,53.17,6.48,7.06,0.00,,,,,,,,,0.6093085476277391,0.38164134020819196,0.009050112164068976,NGC6946,0.6093085476277391,0.38164134020819196,0.2325373307169573
NGC6946,5.52,13.66,175.00,9.00,44.01,50.89,5.98,6.08,0.00,,,,,,,,,0.5676340511857644,0.42452793713599185,0.007838011678243752,NGC6946,0.5676340511857644,0.42452793713599185,0.24097651279803856
NGC6946,5.52,14.03,174.00,9.00,45.46,48.68,5.5,5.22,0.00,,,,,,,,,0.5305467867758145,0.4626807301475573,0.006772483076628239,NGC6946,0.5305467867758145,0.4626807301475573,0.24547377468287424
NGC6946,5.52,14.31,171.00,9.00,46.53,47.06,5.16,4.65,0.00,,,,,,,,,0.5026072949336907,0.4913500981240516,0.006042606942257649,NGC6946,0.5026072949336907,0.4913500981240516,0.24695614368353308
NGC6946,5.52,14.69,167.00,8.00,45.94,44.87,4.7,3.99,0.00,,,,,,,,,0.4856174807318235,0.5090543515319568,0.00532816773621976,NGC6946,0.4856174807318235,0.5090543515319568,0.2472056917465209
NGC6946,5.52,15.06,165.00,7.00,44.59,42.8,4.27,3.42,0.00,,,,,,,,,0.4772478526530081,0.5180019440690653,0.0047502032779265825,NGC6946,0.4772478526530081,0.5180019440690653,0.24721531547704503
NGC6946,5.52,15.44,163.00,8.00,44.01,40.8,3.84,2.94,0.00,,,,,,,,,0.4603201584441099,0.5356022650658662,0.00407757649002395,NGC6946,0.4603201584441099,0.5356022650658662,0.24654851951814366
NGC6946,5.52,15.72,162.00,8.00,44.2,39.35,3.54,2.61,0.00,,,,,,,,,0.4405693675978117,0.5558650428508942,0.003565589551294131,NGC6946,0.4405693675978117,0.5558650428508942,0.24489711039854895
NGC6946,5.52,16.09,161.00,9.00,33.85,37.46,3.15,2.25,0.00,,,,,,,,,0.5483600876999993,0.4477624159406855,0.0038774963593152098,NGC6946,0.5483600876999993,0.4477624159406855,0.24553503767399787
NGC6946,5.52,16.47,159.00,10.00,33.85,35.59,2.77,1.93,0.00,,,,,,,,,0.5233772708105945,0.47345229735344196,0.003170431835963445,NGC6946,0.5233772708105945,0.47345229735344196,0.2477941712478505
NGC6946,5.52,16.84,158.00,10.00,33.85,33.88,2.41,1.65,0.00,,,,,,,,,0.4991789031022163,0.4982952704627339,0.0025258264350495867,NGC6946,0.4991789031022163,0.4982952704627339,0.24873848653060973
NGC6946,5.52,17.21,157.00,10.00,33.85,32.2,2.06,1.42,0.00,,,,,,,,,0.47411272024893986,0.5239468214936159,0.001940458257444158,NGC6946,0.47411272024893986,0.5239468214936159,0.24840985280412395
NGC6946,5.52,17.50,157.00,10.00,33.85,30.89,1.79,1.26,0.00,,,,,,,,,0.45368182586052513,0.5447947472129265,0.0015234269265483424,NGC6946,0.45368182586052513,0.5447947472129265,0.24716347563478375
NGC6946,5.52,17.87,157.00,9.00,33.85,29.3,1.46,1.09,0.00,,,,,,,,,0.42786639308815033,0.5710712299435604,0.0010623769682893234,NGC6946,0.42786639308815033,0.5710712299435604,0.2443421873523649
NGC6946,5.52,18.24,160.00,11.00,33.85,27.8,1.14,0.93,0.00,,,,,,,,,0.40252877908371215,0.5967943325547936,0.0006768883614942191,NGC6946,0.40252877908371215,0.5967943325547936,0.24022689404735997
NGC6946,5.52,18.62,159.00,12.00,33.85,26.3,0.82,0.80,0.00,,,,,,,,,0.37628967575568706,0.6233445286162453,0.00036579562806766605,NGC6946,0.37628967575568706,0.6233445286162453,0.23455811055708856
NGC6946,5.52,18.90,160.00,14.00,33.85,25.2,0.59,0.71,0.00,,,,,,,,,0.35652157021746894,0.6432830008983778,0.00019542888415328315,NGC6946,0.35652157021746894,0.6432830008983778,0.2293442655744951
NGC6946,5.52,19.27,158.00,16.00,33.85,23.92,0.3,0.61,0.00,,,,,,,,,0.33302684760286627,0.6669207683069736,5.238409016023653e-05,NGC6946,0.33302684760286627,0.6669207683069736,0.22210252107015296
NGC6946,5.52,19.65,155.00,18.00,33.85,22.75,0.0,0.52,0.00,,,,,,,,,0.31115015465451473,0.6888498453454852,0.0,NGC6946,0.31115015465451473,0.6888498453454852,0.21433573591298627
NGC6946,5.52,20.02,157.00,19.00,33.85,21.08,9.72,0.00,0.00,,,,,,,,,0.26377101282846765,0.6801476469567612,0.0560813402147712,NGC6946,0.26377101282846765,0.6801476469567612,0.17940323371068395
NGC6946,5.52,20.40,154.00,21.00,33.85,19.5,9.44,0.00,0.00,,,,,,,,,0.2354217882385194,0.7094058697013305,0.05517234206015022,NGC6946,0.2354217882385194,0.7094058697013305,0.1670095984319893
NGC7331,14.7,2.67,221.00,20.00,-12.02,17.9,,9.41,0.00,,,,,,,,,0.0,0.0,0.0,NGC7331,0.0,0.0,0.0
NGC7331,14.7,3.21,237.00,13.00,-12.52,44.05,,5.43,0.00,,,,,,,,,0.0,0.0,0.0,NGC7331,0.0,0.0,0.0
NGC7331,14.7,3.74,249.00,8.00,-12.91,65.51,,9.56,0.00,,,,,,,,,0.0,0.0,0.0,NGC7331,0.0,0.0,0.0
NGC7331,14.7,4.27,250.00,5.00,-12.71,68.89,8.22,9.42,0.00,,,,,,,,,0.9539467233464268,0.03247153747199517,0.013581739181578024,NGC7331,0.9539467233464268,0.03247153747199517,0.030976116773430505
NGC7331,14.7,4.81,253.00,5.00,-11.52,67.77,1.96,8.98,0.00,,,,,,,,,0.9711265343601156,0.028061172113592794,0.0008122935262916702,NGC7331,0.9711265343601156,0.028061172113592794,0.02725094882475609
NGC7331,14.7,5.35,257.00,5.00,-9.56,71.23,6.68,8.39,0.00,,,,,,,,,0.9738919236277341,0.017542870608871795,0.008565205763393943,NGC7331,0.9738919236277341,0.017542870608871795,0.017084860003226593
NGC7331,14.7,5.88,257.00,5.00,-6.26,65.05,2.22,5.53,0.00,,,,,,,,,0.9896819606332978,0.009165364028619486,0.001152675338082666,NGC7331,0.9896819606332978,0.009165364028619486,0.009070795441762034
NGC7331,14.7,6.41,257.00,5.00,4.8,60.1,8.33,4.62,0.00,,,,,,,,,0.9750491498186136,0.006219565397609878,0.01873128478377657,NGC7331,0.9750491498186136,0.006219565397609878,0.006064381953180779
NGC7331,14.7,7.48,257.00,5.00,12.22,45.54,1.76,6.95,0.00,,,,,,,,,0.9315344764826007,0.06707416767490856,0.001391355842490757,NGC7331,0.9315344764826007,0.06707416767490856,0.06248189967055213
NGC7331,14.7,8.55,255.00,5.00,16.59,24.23,6.48,5.71,0.00,,,,,,,,,0.649215414070861,0.30435102333112246,0.04643356259801658,NGC7331,0.649215414070861,0.30435102333112246,0.19758937563480494
NGC7331,14.7,9.62,248.00,6.00,22.45,11.29,2.1,8.76,0.00,,,,,,,,,0.20045414471927414,0.7926105473923714,0.006935307888354439,NGC7331,0.20045414471927414,0.7926105473923714,0.1588820693730135
NGC7331,14.7,10.66,247.00,6.00,28.21,99.93,8.49,9.70,0.00,,,,,,,,,0.9200393341037547,0.07331971910418728,0.006640946792058157,NGC7331,0.9200393341037547,0.07331971910418728,0.06745702554129081
NGC7331,14.7,11.74,246.00,6.00,33.77,88.64,5.26,8.87,0.00,,,,,,,,,0.8705746635164847,0.126359718626106,0.003065617857409057,NGC7331,0.8705746635164847,0.126359718626106,0.11000556952495992
NGC7331,14.7,12.83,244.00,6.00,38.94,80.42,2.43,5.08,0.00,,,,,,,,,0.8094738702285516,0.18978705692943584,0.0007390728420125005,NGC7331,0.8094738702285516,0.18978705692943584,0.15362766349195686
NGC7331,14.7,13.91,242.00,4.00,43.31,72.13,9.96,3.42,0.00,,,,,,,,,0.7248479059000363,0.2613312775943407,0.013820816505622852,NGC7331,0.7248479059000363,0.2613312775943407,0.18942542931043896
NGC7331,14.7,15.00,238.00,3.00,45.59,63.74,7.74,5.37,0.00,,,,,,,,,0.6551675075788039,0.33517175776279834,0.009660734658397587,NGC7331,0.6551675075788039,0.33517175776279834,0.21959364514425922
NGC7331,14.7,16.08,236.00,3.00,47.38,56.44,5.77,0.67,0.00,,,,,,,,,0.5830323567428393,0.41087409473432773,0.0060935485228330475,NGC7331,0.5830323567428393,0.41087409473432773,0.2395528917775357
NGC7331,14.7,17.07,233.00,3.00,49.66,50.86,4.12,7.32,0.00,,,,,,,,,0.5102221976060103,0.4864296819758991,0.0033481204180905804,NGC7331,0.5102221976060103,0.4864296819758991,0.24818722131853593
NGC7331,14.7,18.15,234.00,3.00,53.93,45.89,2.49,3.83,0.00,,,,,,,,,0.4194555399261964,0.5793095125220766,0.0012349475517270854,NGC7331,0.4194555399261964,0.5793095125220766,0.24299458435932927
NGC7331,14.7,19.24,236.00,3.00,57.71,42.0,0.98,9.98,0.00,,,,,,,,,0.3461943011590149,0.6536172152770207,0.00018848356396435254,NGC7331,0.3461943011590149,0.6536172152770207,0.22627855506832956
NGC7331,14.7,20.32,237.00,3.00,60.09,37.62,9.61,4.17,0.00,,,,,,,,,0.27650390708109673,0.7054530216191912,0.018043071299712023,NGC7331,0.27650390708109673,0.7054530216191912,0.19506051673987176
NGC7331,14.7,21.41,238.00,3.00,61.78,31.06,8.33,9.38,0.00,,,,,,,,,0.1988759608589854,0.7868196475407178,0.014304391600296763,NGC7331,0.1988759608589854,0.7868196475407178,0.15647951342738847
NGC7331,14.7,22.49,240.00,3.00,63.67,24.49,7.15,7.57,0.00,,,,,,,,,0.12747965540794234,0.8616542021401129,0.01086614245194459,NGC7331,0.12747965540794234,0.8616542021401129,0.10984338076962709
NGC7331,14.7,23.48,238.00,3.00,64.56,19.56,6.15,6.48,0.00,,,,,,,,,0.08338261511390316,0.9083743328325715,0.008243052053525211,NGC7331,0.08338261511390316,0.9083743328325715,0.07574262737392688
NGC7331,14.7,24.57,237.00,3.00,62.97,14.35,5.11,5.34,0.00,,,,,,,,,0.049061225841505234,0.9447175422130007,0.006221231945493907,NGC7331,0.049061225841505234,0.9447175422130007,0.046349000694943784
NGC7331,14.7,25.65,236.00,3.00,61.48,9.72,4.15,4.39,0.00,,,,,,,,,0.024278198951646127,0.9712961198191552,0.004425681229198689,NGC7331,0.024278198951646127,0.9712961198191552,0.023581320437931364
NGC7331,14.7,26.74,238.00,3.00,60.79,5.21,3.24,3.53,0.00,,,,,,,,,0.007271262135266943,0.989916679207744,0.002812058656989117,NGC7331,0.007271262135266943,0.989916679207744,0.007197943666592462
NGC7331,14.7,27.82,239.00,3.00,59.4,0.95,2.4,2.83,0.00,,,,,,,,,0.000255302476858351,0.998115287809342,0.0016294097137995586,NGC7331,0.000255302476858351,0.998115287809342,0.00025482130516791087
NGC7331,14.7,28.91,239.00,3.00,57.31,96.85,1.59,2.28,0.00,,,,,,,,,0.7405073339765484,0.25929308264831963,0.00019958337513194938,NGC7331,0.7405073339765484,0.25929308264831963,0.192008429350468
NGC7331,14.7,29.89,241.00,4.00,55.13,93.34,0.9,1.87,0.00,,,,,,,,,0.7413204486796726,0.25861062971163756,6.892160868990871e-05,NGC7331,0.7413204486796726,0.25861062971163756,0.19171334805116383
NGC7331,14.7,30.98,236.00,4.00,52.84,89.65,0.18,1.51,0.00,,,,,,,,,0.7421699927524793,0.2578270153424247,2.9919050960316112e-06,NGC7331,0.7421699927524793,0.2578270153424247,0.1913514741080807
NGC7331,14.7,32.06,236.00,5.00,51.55,86.2,9.49,1.22,0.00,,,,,,,,,0.7300561119537535,0.2610952967854103,0.008848591260836,NGC7331,0.7300561119537535,0.2610952967854103,0.190614217220568
NGC7331,14.7,33.15,239.00,5.00,51.35,82.89,8.84,0.98,0.00,,,,,,,,,0.7167695234834832,0.27507818348380336,0.00815229303271339,NGC7331,0.7167695234834832,0.27507818348380336,0.1971676584963879
NGC7331,14.7,34.23,237.00,5.00,50.86,79.88,8.22,0.79,0.00,,,,,,,,,0.706223349005211,0.28629823542844307,0.007478415566345843,NGC7331,0.706223349005211,0.28629823542844307,0.20219049863855743
NGC7331,14.7,35.32,241.00,7.00,49.27,77.27,7.63,0.00,0.00,,,,,,,,,0.7060511557709994,0.28706448665222634,0.0068843575767743425,NGC7331,0.7060511557709994,0.28706448665222634,0.20268221258161304
NGC7331,14.7,36.31,238.00,9.00,47.97,73.78,7.11,0.00,0.00,,,,,,,,,0.6983163170938321,0.29519862154489834,0.006485061361269569,NGC7331,0.6983163170938321,0.29519862154489834,0.20614201420840939
NGC7793,3.61,0.11,9.10,8.50,0.65,27.23,,8.98,0.00,,,,,,,,,0.0,0.0,0.0,NGC7793,0.0,0.0,0.0
NGC7793,3.61,0.14,17.60,7.40,0.65,29.91,,5.64,0.00,,,,,,,,,0.0,0.0,0.0,NGC7793,0.0,0.0,0.0
NGC7793,3.61,0.17,19.30,7.40,0.65,32.32,0.0,7.70,0.00,,,,,,,,,0.9995956956756854,0.0004043043243146516,0.0,NGC7793,0.9995956956756854,0.0004043043243146516,0.0004041408623279921
NGC7793,3.61,0.21,24.80,6.40,0.65,35.62,0.0,5.59,0.00,,,,,,,,,0.9996671149518649,0.0003328850481351781,0.0,NGC7793,0.9996671149518649,0.0003328850481351781,0.00033277423567990613
NGC7793,3.61,0.24,30.00,7.20,0.74,37.98,0.0,9.54,0.00,,,,,,,,,0.9996205201839464,0.00037947981605346537,0.0,NGC7793,0.9996205201839464,0.00037947981605346537,0.0003793358111226733
NGC7793,3.61,0.28,35.00,7.30,0.9,40.67,0.0,9.48,0.00,,,,,,,,,0.9995105322876773,0.0004894677123227847,0.0,NGC7793,0.9995105322876773,0.0004894677123227847,0.0004892281336813782
NGC7793,3.61,0.32,38.30,7.60,1.05,43.2,0.0,3.21,0.00,,,,,,,,,0.9994095887604979,0.0005904112395021267,0.0,NGC7793,0.9994095887604979,0.0005904112395021267,0.0005900626540703963
NGC7793,3.61,0.35,42.70,8.80,1.21,45.04,0.0,9.89,0.00,,,,,,,,,0.9992787918144719,0.0007212081855281826,0.0,NGC7793,0.9992787918144719,0.0007212081855281826,0.0007206880442813099
NGC7793,3.61,0.39,47.00,5.30,1.36,47.33,0.0,2.88,0.00,,,,,,,,,0.9991750143901915,0.0008249856098084797,0.0,NGC7793,0.9991750143901915,0.0008249856098084797,0.0008243050085520886
NGC7793,3.61,0.42,49.80,5.60,1.52,48.89,0.0,0.71,0.00,,,,,,,,,0.9990343327234522,0.0009656672765478565,0.0,NGC7793,0.9990343327234522,0.0009656672765478565,0.0009647347632588611
NGC7793,3.61,0.46,52.20,6.20,1.67,51.0,0.0,7.08,0.00,,,,,,,,,0.9989289070246824,0.0010710929753176227,0.0,NGC7793,0.9989289070246824,0.0010710929753176227,0.001069945735155848
NGC7793,3.61,0.49,53.40,6.30,1.83,52.6,0.0,2.24,0.00,,,,,,,,,0.9987910583587526,0.0012089416412473892,0.0,NGC7793,0.9987910583587526,0.0012089416412473892,0.0012074801013554472
NGC7793,3.61,0.53,54.60,5.90,1.99,54.8,0.0,0.29,0.00,,,,,,,,,0.9986830396181231,0.0013169603818769414,0.0,NGC7793,0.9986830396181231,0.0013169603818769414,0.001315225997229508
NGC7793,3.61,0.56,55.50,6.90,2.12,56.23,0.0,0.53,0.00,,,,,,,,,0.998580554704845,0.0014194452951550222,0.0,NGC7793,0.998580554704845,0.0014194452951550222,0.0014174304702090845
NGC7793,3.61,0.60,55.90,7.50,2.23,57.57,0.0,5.19,0.00,,,,,,,,,0.9985018126533428,0.0014981873466571552,0.0,NGC7793,0.9985018126533428,0.0014981873466571552,0.0014959427813314716
NGC7793,3.61,0.63,58.30,7.40,2.35,58.53,0.0,7.73,0.00,,,,,,,,,0.9983905438996965,0.0016094561003034608,0.0,NGC7793,0.9983905438996965,0.0016094561003034608,0.0016068657513646568
NGC7793,3.61,0.66,59.30,6.30,2.47,59.59,0.0,8.40,0.00,,,,,,,,,0.998284851938492,0.0017151480615079438,0.0,NGC7793,0.998284851938492,0.0017151480615079438,0.0017122063286350493
NGC7793,3.61,0.70,59.50,6.70,2.59,61.08,0.0,7.70,0.00,,,,,,,,,0.9982051783898459,0.0017948216101541293,0.0,NGC7793,0.9982051783898459,0.0017948216101541293,0.0017916002255418532
NGC7793,3.61,0.87,59.10,5.10,3.18,66.09,0.0,2.63,0.00,,,,,,,,,0.9976901784273438,0.002309821572656285,0.0,NGC7793,0.9976901784273438,0.002309821572656285,0.0023044862969587767
NGC7793,3.61,1.05,62.60,5.50,3.96,69.65,0.0,8.38,0.00,,,,,,,,,0.9967778444174484,0.0032221555825515964,0.0,NGC7793,0.9967778444174484,0.0032221555825515964,0.0032117732959534282
NGC7793,3.61,1.22,65.60,4.80,5.5,72.34,0.0,6.30,0.00,,,,,,,,,0.9942526831325047,0.005747316867495334,0.0,NGC7793,0.9942526831325047,0.005747316867495334,0.005714285216319938
NGC7793,3.61,1.40,70.70,4.60,7.05,75.45,0.0,1.32,0.00,,,,,,,,,0.9913446543739077,0.008655345626092202,0.0,NGC7793,0.9913446543739077,0.008655345626092202,0.008580430618185088
NGC7793,3.61,1.57,73.90,4.00,8.58,78.94,0.0,3.33,0.00,,,,,,,,,0.9883243829637407,0.011675617036259307,0.0,NGC7793,0.9883243829637407,0.011675617036259307,0.011539297003081919
NGC7793,3.61,1.75,78.50,4.20,10.09,82.71,0.0,1.89,0.00,,,,,,,,,0.9853360602442357,0.014663939755764294,0.0,NGC7793,0.9853360602442357,0.014663939755764294,0.01444890862660361
NGC7793,3.61,1.92,82.40,4.60,11.55,87.55,0.0,9.35,0.00,,,,,,,,,0.9828936173486758,0.017106382651324213,0.0,NGC7793,0.9828936173486758,0.017106382651324213,0.016813754323910687
NGC7793,3.61,2.10,87.10,4.90,13.06,92.38,0.0,6.62,0.00,,,,,,,,,0.9804054119257021,0.019594588074297953,0.0,NGC7793,0.9804054119257021,0.019594588074297953,0.019210640192496534
NGC7793,3.61,2.27,89.60,5.40,14.78,95.96,0.0,6.43,0.00,,,,,,,,,0.9768268028179324,0.023173197182067666,0.0,NGC7793,0.9768268028179324,0.023173197182067666,0.02263620011442868
NGC7793,3.61,2.45,94.90,5.70,16.4,96.45,0.0,1.10,0.00,,,,,,,,,0.9719000946815111,0.02809990531848901,0.0,NGC7793,0.9719000946815111,0.02809990531848901,0.027310300639580967
NGC7793,3.61,2.62,98.10,5.00,18.13,95.98,0.0,1.89,0.00,,,,,,,,,0.9655484942637177,0.0344515057362822,0.0,NGC7793,0.9655484942637177,0.0344515057362822,0.033264599488785115
NGC7793,3.61,2.79,99.30,5.70,20.29,96.23,0.0,1.24,0.00,,,,,,,,,0.9574350202447358,0.04256497975526413,0.0,NGC7793,0.9574350202447358,0.04256497975526413,0.040753202253698086
NGC7793,3.61,2.97,98.60,7.20,22.34,96.64,0.0,0.11,0.00,,,,,,,,,0.9492725071844254,0.05072749281557468,0.0,NGC7793,0.9492725071844254,0.05072749281557468,0.048154214288220504
NGC7793,3.61,3.16,101.00,8.70,24.5,96.45,0.0,5.69,0.00,,,,,,,,,0.9393861516164156,0.06061384838358442,0.0,NGC7793,0.9393861516164156,0.06061384838358442,0.05693980976771626
NGC7793,3.61,3.33,103.00,9.40,26.22,95.51,0.0,6.58,0.00,,,,,,,,,0.9299171219029917,0.07008287809700825,0.0,NGC7793,0.9299171219029917,0.07008287809700825,0.06517126829464813
NGC7793,3.61,3.51,107.00,9.10,27.95,94.38,0.0,9.61,0.00,,,,,,,,,0.919370452868563,0.08062954713143707,0.0,NGC7793,0.919370452868563,0.08062954713143707,0.07412842326081644
NGC7793,3.61,3.68,114.00,7.40,29.68,93.3,0.0,4.08,0.00,,,,,,,,,0.9081033300908958,0.09189666990910424,0.0,NGC7793,0.9081033300908958,0.09189666990910424,0.08345167196872137
NGC7793,3.61,3.85,112.00,8.10,29.78,92.28,0.0,9.83,0.00,,,,,,,,,0.9056789770934943,0.09432102290650557,0.0,NGC7793,0.9056789770934943,0.09432102290650557,0.08542456754437601
NGC7793,3.61,4.03,114.00,7.60,30.0,91.15,0.0,4.84,0.00,,,,,,,,,0.9022623284534181,0.0977376715465819,0.0,NGC7793,0.9022623284534181,0.0977376715465819,0.08818501910723438
NGC7793,3.61,4.20,116.00,7.20,30.11,89.82,0.0,0.34,0.00,,,,,,,,,0.898976220226672,0.101023779773328,0.0,NGC7793,0.898976220226672,0.101023779773328,0.09081797569363813
NGC7793,3.61,4.38,114.00,7.80,30.65,88.18,0.0,7.27,0.00,,,,,,,,,0.8922079221057152,0.10779207789428479,0.0,NGC7793,0.8922079221057152,0.10779207789428479,0.09617294583751723
NGC7793,3.61,4.73,114.00,11.40,31.83,85.52,0.0,4.11,0.00,,,,,,,,,0.8783270221800057,0.12167297781999424,0.0,NGC7793,0.8783270221800057,0.12167297781999424,0.10686866428840942
NGC7793,3.61,5.25,109.00,9.90,33.35,82.4,0.0,8.84,0.00,,,,,,,,,0.8592476634819174,0.14075233651808264,0.0,NGC7793,0.8592476634819174,0.14075233651808264,0.12094111628278306
NGC7793,3.61,5.78,107.00,12.60,34.64,77.56,0.0,3.77,0.00,,,,,,,,,0.8337007284557186,0.1662992715442813,0.0,NGC7793,0.8337007284557186,0.1662992715442813,0.13864382382812268
NGC7793,3.61,6.30,105.00,12.50,34.75,74.17,0.0,4.92,0.00,,,,,,,,,0.8200019008007958,0.17999809919920418,0.0,NGC7793,0.8200019008007958,0.17999809919920418,0.14759878348387762
NGC7793,3.61,6.82,101.00,5.20,33.99,71.94,0.0,2.59,0.00,,,,,,,,,0.817504687526878,0.182495312473122,0.0,NGC7793,0.817504687526878,0.182495312473122,0.14919077339845957
NGC7793,3.61,7.35,94.50,4.60,32.7,69.09,0.0,1.70,0.00,,,,,,,,,0.816987576381616,0.18301242361838407,0.0,NGC7793,0.816987576381616,0.18301242361838407,0.14951887641970923
NGC7793,3.61,7.87,90.80,6.10,30.97,66.92,0.0,0.00,0.00,,,,,,,,,0.8236039128284071,0.17639608717159308,0.0,NGC7793,0.8236039128284071,0.17639608717159308,0.14528050760214484
NGC7814,14.4,0.63,265.00,15.00,-0.69,39.69,5.22,2.94,48.99,,,,,,,,,0.9827048386028227,0.00029700179773110835,0.016998159599446196,NGC7814,0.9827048386028227,0.00029700179773110835,0.000291865103704097
NGC7814,14.4,1.72,250.00,15.00,-2.33,81.63,8.99,4.38,09.44,,,,,,,,,0.9872218136200571,0.0008043165258504079,0.011973869854092462,NGC7814,0.9872218136200571,0.0008043165258504079,0.0007940388193746233
NGC7814,14.4,2.79,233.00,7.29,-3.94,4.82,5.24,6.27,99.44,,,,,,,,,0.350870516026919,0.2344473038771491,0.414682180095932,NGC7814,0.350870516026919,0.2344473038771491,0.08226064649249519
NGC7814,14.4,3.91,230.00,6.45,-5.06,18.95,5.3,2.93,74.66,,,,,,,,,0.8699270656869095,0.06202481079641983,0.06804812351667083,NGC7814,0.8699270656869095,0.06202481079641983,0.053957061655915246
NGC7814,14.4,5.03,228.00,5.37,-3.48,22.96,3.41,6.78,26.96,,,,,,,,,0.9569096102905045,0.021982933021794694,0.02110745668770073,NGC7814,0.9569096102905045,0.021982933021794694,0.02103567987092782
NGC7814,14.4,6.14,228.00,5.16,1.4,20.03,6.27,7.70,9.82,,,,,,,,,0.9067223867266265,0.004429640805851102,0.08884797246752235,NGC7814,0.9067223867266265,0.004429640805851102,0.004016454483822969
NGC7814,14.4,7.26,227.00,5.94,-1.38,15.88,2.25,1.38,3.55,,,,,,,,,0.9731154393375352,0.007348886495514222,0.019535674166950616,NGC7814,0.9731154393375352,0.007348886495514222,0.007151314910724002
NGC7814,14.4,8.37,226.00,3.00,5.96,13.5,0.83,2.99,1.29,,,,,,,,,0.834246923356854,0.16259964616028985,0.0031534304828561683,NGC7814,0.834246923356854,0.16259964616028985,0.13564825454813492
NGC7814,14.4,9.50,223.00,3.92,11.22,9.97,1.12,4.94,0.47,,,,,,,,,0.4387714158460376,0.5556914626184706,0.005537121535491828,NGC7814,0.4387714158460376,0.5556914626184706,0.24382152982666183
NGC7814,14.4,10.65,219.00,2.90,16.09,5.99,2.79,9.90,0.16,,,,,,,,,0.1185913972559455,0.8556804889600904,0.02572811378396396,NGC7814,0.1185913972559455,0.8556804889600904,0.10147634479042777
NGC7814,14.4,11.74,216.00,2.55,18.57,2.02,6.04,6.36,0.06,,,,,,,,,0.010587252070474088,0.8947553870986741,0.09465736083085176,NGC7814,0.010587252070474088,0.8947553870986741,0.009473000824628281
NGC7814,14.4,12.82,214.00,2.55,19.07,97.84,0.19,4.05,0.02,,,,,,,,,0.9633969825549714,0.03659938432625866,3.6331187699938528e-06,NGC7814,0.9633969825549714,0.03659938432625866,0.03525973642328731
NGC7814,14.4,14.01,214.00,3.07,17.78,93.27,4.54,2.46,0.01,,,,,,,,,0.9627336460893143,0.034985308652428666,0.0022810452582570835,NGC7814,0.9627336460893143,0.034985308652428666,0.03368153375851268
NGC7814,14.4,15.09,214.00,3.61,20.16,89.43,0.01,1.62,0.00,,,,,,,,,0.9516398837498224,0.04836010435129518,1.189888244030277e-08,NGC7814,0.9516398837498224,0.04836010435129518,0.04602140408299583
NGC7814,14.4,16.18,214.00,4.46,23.24,85.93,5.89,1.06,0.00,,,,,,,,,0.9277789391822685,0.0678620748025074,0.0043589860152240395,NGC7814,0.9277789391822685,0.0678620748025074,0.06296100377097807
NGC7814,14.4,17.36,214.00,5.07,23.44,82.48,1.88,0.66,0.00,,,,,,,,,0.9248267898132203,0.07469272633584408,0.00048048385093559486,NGC7814,0.9248267898132203,0.07469272633584408,0.06907783431957605
NGC7814,14.4,18.44,214.00,4.78,23.34,79.67,8.55,0.43,0.00,,,,,,,,,0.911293139130763,0.07821141976926037,0.010495441099976497,NGC7814,0.911293139130763,0.07821141976926037,0.0712735302374031
NGC7814,14.4,19.53,214.00,4.87,22.64,77.35,5.49,0.00,0.00,,,,,,,,,0.9168354318922252,0.07854591397422042,0.0046186541335545474,NGC7814,0.9168354318922252,0.07854591397422042,0.07201367696192394
PGC51017,13.6,0.33,20.50,4.17,5.04,10.8,0.0,4.45,0.00,,,,,,,,,0.8211678832116789,0.17883211678832117,0.0,PGC51017,0.8211678832116789,0.17883211678832117,0.14685119079332945
PGC51017,13.6,0.99,19.90,1.82,10.8,19.85,0.0,3.79,0.00,,,,,,,,,0.7715908256431596,0.2284091743568404,0.0,PGC51017,0.7715908256431596,0.2284091743568404,0.1762384234264669
PGC51017,13.6,1.65,19.30,1.69,12.3,20.13,0.0,4.14,0.00,,,,,,,,,0.7281435324521582,0.27185646754784176,0.0,PGC51017,0.7281435324521582,0.27185646754784176,0.19795052860025103
PGC51017,13.6,2.31,18.80,1.90,12.7,18.24,0.0,1.17,0.00,,,,,,,,,0.6734938285900294,0.3265061714099706,0.0,PGC51017,0.6734938285900294,0.3265061714099706,0.2198998914411735
PGC51017,13.6,2.97,18.20,1.74,13.3,16.21,0.0,0.34,0.00,,,,,,,,,0.5976609793926635,0.4023390206073365,0.0,PGC51017,0.5976609793926635,0.4023390206073365,0.24046233310406576
PGC51017,13.6,3.63,18.30,2.22,14.2,14.5,0.0,0.00,0.00,,,,,,,,,0.5104518196605891,0.489548180339411,0.0,PGC51017,0.5104518196605891,0.489548180339411,0.24989075946578254
UGC00128,64.5,1.25,34.10,18.80,1.71,29.4,0.0,1.19,0.00,,,,,,,,,0.9966284404383754,0.0033715595616246167,0.0,UGC00128,0.9966284404383754,0.0033715595616246167,0.0033601921477470344
UGC00128,64.5,3.75,78.40,6.54,4.27,49.15,0.0,8.11,0.00,,,,,,,,,0.9925089424399478,0.00749105756005225,0.0,UGC00128,0.9925089424399478,0.00749105756005225,0.0074349416166842345
UGC00128,64.5,6.25,96.90,2.44,7.23,50.52,0.0,5.91,0.00,,,,,,,,,0.9799301090521321,0.020069890947867906,0.0,UGC00128,0.9799301090521321,0.020069890947867906,0.019667090425208596
UGC00128,64.5,8.76,108.00,1.26,11.57,51.47,0.0,0.69,0.00,,,,,,,,,0.9518995116753858,0.04810048832461417,0.0,UGC00128,0.9518995116753858,0.04810048832461417,0.045786831347547824
UGC00128,64.5,11.25,113.00,1.00,13.37,53.63,0.0,8.58,0.00,,,,,,,,,0.941485835143138,0.058514164856862026,0.0,UGC00128,0.941485835143138,0.058514164856862026,0.055090257367966
UGC00128,64.5,13.74,114.00,0.86,16.66,57.25,0.0,6.03,0.00,,,,,,,,,0.9219278819457503,0.07807211805424974,0.0,UGC00128,0.9219278819457503,0.07807211805424974,0.07197686243677304
UGC00128,64.5,16.22,121.00,0.68,23.15,57.75,0.0,3.50,0.00,,,,,,,,,0.8615539714052108,0.13844602859478916,0.0,UGC00128,0.8615539714052108,0.13844602859478916,0.11927872576111999
UGC00128,64.5,18.71,126.00,0.55,30.33,55.23,0.0,2.13,0.00,,,,,,,,,0.7683001911863847,0.23169980881361527,0.0,UGC00128,0.7683001911863847,0.23169980881361527,0.1780150074093494
UGC00128,64.5,21.30,128.00,0.63,35.52,52.6,0.0,1.35,0.00,,,,,,,,,0.6868084403295139,0.31319155967048606,0.0,UGC00128,0.6868084403295139,0.31319155967048606,0.21510260662165442
UGC00128,64.5,23.79,129.00,0.61,39.51,50.52,0.0,0.80,0.00,,,,,,,,,0.6204905756567611,0.3795094243432388,0.0,UGC00128,0.6204905756567611,0.3795094243432388,0.2354820211779023
UGC00128,64.5,26.28,129.00,0.65,42.0,47.75,0.0,0.59,0.00,,,,,,,,,0.5638049609767406,0.4361950390232594,0.0,UGC00128,0.5638049609767406,0.4361950390232594,0.2459289269547566
UGC00128,64.5,28.77,131.00,0.73,44.9,45.88,0.0,0.38,0.00,,,,,,,,,0.5107940714359415,0.48920592856405865,0.0,UGC00128,0.5107940714359415,0.48920592856405865,0.24988348802183585
UGC00128,64.5,31.25,131.00,0.83,45.1,43.92,0.0,0.25,0.00,,,,,,,,,0.48674688045076425,0.5132531195492358,0.0,UGC00128,0.48674688045076425,0.5132531195492358,0.24982435482221368
UGC00128,64.5,33.74,131.00,0.75,43.0,42.1,0.0,0.17,0.00,,,,,,,,,0.4894253895582108,0.5105746104417893,0.0,UGC00128,0.4894253895582108,0.5105746104417893,0.24988817761400445
UGC00128,64.5,36.23,127.00,1.24,42.3,40.43,0.0,0.11,0.00,,,,,,,,,0.4774078924437339,0.5225921075562661,0.0,UGC00128,0.4774078924437339,0.5225921075562661,0.24948959667616608
UGC00128,64.5,38.82,126.00,1.40,42.4,38.83,0.0,0.07,0.00,,,,,,,,,0.45613544628213654,0.5438645537178635,0.0,UGC00128,0.45613544628213654,0.5438645537178635,0.24807590092713266
UGC00128,64.5,41.31,130.00,1.62,41.7,37.43,0.0,0.05,0.00,,,,,,,,,0.4461948391966877,0.5538051608033123,0.0,UGC00128,0.4461948391966877,0.5538051608033123,0.2471050046709297
UGC00128,64.5,43.80,132.00,2.01,40.21,36.18,0.0,0.03,0.00,,,,,,,,,0.4473908231030681,0.5526091768969318,0.0,UGC00128,0.4473908231030681,0.5526091768969318,0.24723227450622728
UGC00128,64.5,46.28,134.00,2.10,38.81,35.02,0.0,0.02,0.00,,,,,,,,,0.44880077391027984,0.5511992260897203,0.0,UGC00128,0.44880077391027984,0.5511992260897203,0.24737863924781378
UGC00128,64.5,48.77,129.00,2.66,37.11,33.97,0.0,0.01,0.00,,,,,,,,,0.45591046310457095,0.544089536895429,0.0,UGC00128,0.45591046310457095,0.544089536895429,0.2480561127363466
UGC00128,64.5,51.26,132.00,4.67,35.72,33.04,0.0,0.01,0.00,,,,,,,,,0.4610829714980824,0.5389170285019176,0.0,UGC00128,0.4610829714980824,0.5389170285019176,0.24848546489258094
UGC00128,64.5,53.75,125.00,5.95,34.72,32.1,0.0,0.00,0.00,,,,,,,,,0.4608503716017312,0.539149628398269,0.0,UGC00128,0.4608503716017312,0.539149628398269,0.24846730659627755
UGC00191,17.1,0.62,29.90,1.42,1.81,21.8,0.0,3.29,0.00,,,,,,,,,0.9931536263879105,0.006846373612089541,0.0,UGC00191,0.9931536263879105,0.006846373612089541,0.006799500780453225
UGC00191,17.1,0.87,34.40,2.31,2.95,28.35,0.0,9.29,0.00,,,,,,,,,0.9892882419915685,0.010711758008431547,0.0,UGC00191,0.9892882419915685,0.010711758008431547,0.010597016248800351
UGC00191,17.1,1.12,46.30,2.05,4.13,31.91,0.0,0.27,0.00,,,,,,,,,0.9835247584045281,0.016475241595471864,0.0,UGC00191,0.9835247584045281,0.016475241595471864,0.0162038080098427
UGC00191,17.1,1.37,49.80,1.87,5.34,34.28,0.0,8.30,0.00,,,,,,,,,0.976308745017173,0.023691254982827006,0.0,UGC00191,0.976308745017173,0.023691254982827006,0.023129979420165682
UGC00191,17.1,1.62,57.60,2.76,6.6,35.59,0.0,0.48,0.00,,,,,,,,,0.9667533729947174,0.03324662700528259,0.0,UGC00191,0.9667533729947174,0.03324662700528259,0.0321412887980542
UGC00191,17.1,2.30,71.30,7.50,10.14,39.66,0.0,0.93,0.00,,,,,,,,,0.9386420957201352,0.061357904279864754,0.0,UGC00191,0.9386420957201352,0.061357904279864754,0.057593111862247706
UGC00191,17.1,4.97,76.65,1.09,23.98,41.54,0.0,5.25,0.00,,,,,,,,,0.7500489434985126,0.2499510565014874,0.0,UGC00191,0.7500489434985126,0.2499510565014874,0.18747552585527766
UGC00191,17.1,7.45,81.00,0.63,33.08,37.03,0.0,1.18,0.00,,,,,,,,,0.5561617684117179,0.443838231588282,0.0,UGC00191,0.5561617684117179,0.443838231588282,0.24684585576886853
UGC00191,17.1,9.98,83.85,1.04,33.72,31.94,0.0,0.00,0.00,,,,,,,,,0.4729105572867075,0.5270894427132924,0.0,UGC00191,0.4729105572867075,0.5270894427132924,0.24926616209348318
UGC00634,30.9,4.51,69.75,4.15,19.36,43.61,0.0,0.41,0.00,,,,,,,,,0.8353673307486198,0.16463266925138023,0.0,UGC00634,0.8353673307486198,0.16463266925138023,0.1375287534665459
UGC00634,30.9,9.01,97.70,1.63,33.73,40.02,0.0,2.01,0.00,,,,,,,,,0.5846722242395568,0.4153277757604433,0.0,UGC00634,0.5846722242395568,0.4153277757604433,0.24283061444232626
UGC00634,30.9,13.51,108.00,0.99,39.28,33.41,0.0,0.32,0.00,,,,,,,,,0.4197693131988027,0.5802306868011974,0.0,UGC00634,0.4197693131988027,0.5802306868011974,0.2435630368954082
UGC00634,30.9,18.01,107.50,2.32,36.27,28.28,0.0,0.00,0.00,,,,,,,,,0.3780878604082606,0.6219121395917393,0.0,UGC00634,0.3780878604082606,0.6219121395917393,0.2351374302201642
UGC00731,12.5,0.91,29.60,2.38,0.8,7.82,0.0,8.65,0.00,,,,,,,,,0.9896427392365404,0.010357260763459586,0.0,UGC00731,0.9896427392365404,0.010357260763459586,0.010249987912937287
UGC00731,12.5,1.81,44.60,2.40,5.58,11.42,0.0,3.94,0.00,,,,,,,,,0.8072679644054451,0.19273203559455485,0.0,UGC00731,0.8072679644054451,0.19273203559455485,0.15558639805013408
UGC00731,12.5,2.73,50.40,2.86,7.79,12.3,0.0,2.74,0.00,,,,,,,,,0.7137192704203014,0.28628072957969863,0.0,UGC00731,0.7137192704203014,0.28628072957969863,0.2043240734510141
UGC00731,12.5,3.64,56.80,3.43,14.0,13.66,0.0,2.16,0.00,,,,,,,,,0.4877097384287744,0.5122902615712256,0.0,UGC00731,0.4877097384287744,0.5122902615712256,0.24984894947051087
UGC00731,12.5,4.55,60.70,2.98,16.12,14.46,0.0,1.44,0.00,,,,,,,,,0.44587564453050027,0.5541243554694997,0.0,UGC00731,0.44587564453050027,0.5541243554694997,0.24707055414501122
UGC00731,12.5,5.45,64.70,2.46,18.25,14.91,0.0,0.97,0.00,,,,,,,,,0.40028784382896754,0.5997121561710325,0.0,UGC00731,0.40028784382896754,0.5997121561710325,0.24005748591172363
UGC00731,12.5,6.36,68.00,2.38,23.38,14.47,0.0,0.68,0.00,,,,,,,,,0.2769569208046558,0.7230430791953443,0.0,UGC00731,0.2769569208046558,0.7230430791953443,0.20025178482305941
UGC00731,12.5,7.28,71.50,2.52,30.0,14.77,0.0,0.58,0.00,,,,,,,,,0.19510113509520924,0.8048988649047907,0.0,UGC00731,0.19510113509520924,0.8048988649047907,0.15703668217977013
UGC00731,12.5,8.19,73.40,2.68,33.62,14.75,0.0,0.24,0.00,,,,,,,,,0.161412451036523,0.838587548963477,0.0,UGC00731,0.161412451036523,0.838587548963477,0.13535847168690507
UGC00731,12.5,9.09,74.00,2.83,34.88,13.66,0.0,0.15,0.00,,,,,,,,,0.13297767262205942,0.8670223273779407,0.0,UGC00731,0.13297767262205942,0.8670223273779407,0.11529461120607983
UGC00731,12.5,10.00,73.80,3.22,36.0,13.17,0.0,0.13,0.00,,,,,,,,,0.11803670069779221,0.8819632993022077,0.0,UGC00731,0.11803670069779221,0.8819632993022077,0.10410403798617202
UGC00731,12.5,10.91,73.90,3.42,35.75,12.83,0.0,0.00,0.00,,,,,,,,,0.11410006464396537,0.8858999353560347,0.0,UGC00731,0.11410006464396537,0.8858999353560347,0.1010812398922083
UGC00891,10.2,1.48,24.35,2.92,9.7,18.56,0.0,1.70,0.00,,,,,,,,,0.7854587111196644,0.21454128888033572,0.0,UGC00891,0.7854587111196644,0.21454128888033572,0.16851332424590007
UGC00891,10.2,2.97,43.55,1.40,18.44,19.59,0.0,3.03,0.00,,,,,,,,,0.5302116588010225,0.4697883411989776,0.0,UGC00891,0.5302116588010225,0.4697883411989776,0.24908725567249065
UGC00891,10.2,4.45,54.15,0.67,22.96,18.92,0.0,1.26,0.00,,,,,,,,,0.40442331504595946,0.5955766849540405,0.0,UGC00891,0.40442331504595946,0.5955766849540405,0.24086509729319605
UGC00891,10.2,5.94,60.15,0.48,21.83,18.18,0.0,0.53,0.00,,,,,,,,,0.40952576960387027,0.5904742303961297,0.0,UGC00891,0.40952576960387027,0.5904742303961297,0.241814413634228
UGC00891,10.2,7.39,63.75,0.95,21.02,16.53,0.0,0.00,0.00,,,,,,,,,0.38211165639487427,0.6178883436051257,0.0,UGC00891,0.38211165639487427,0.6178883436051257,0.2361023384420398
UGC01230,53.7,0.78,19.80,10.70,2.9,21.08,0.0,4.32,0.00,,,,,,,,,0.9814257103506278,0.018574289649372185,0.0,UGC01230,0.9814257103506278,0.018574289649372185,0.01822928541339341
UGC01230,53.7,2.35,55.40,10.70,8.06,40.8,0.0,3.18,0.00,,,,,,,,,0.9624401799348706,0.03755982006512938,0.0,UGC01230,0.9624401799348706,0.03755982006512938,0.036149079981804486
UGC01230,53.7,3.91,88.50,10.70,12.62,45.89,0.0,5.65,0.00,,,,,,,,,0.9296894497135186,0.0703105502864813,0.0,UGC01230,0.9296894497135186,0.0703105502864813,0.06536697680489348
UGC01230,53.7,5.48,105.00,10.70,16.73,51.07,0.0,7.82,0.00,,,,,,,,,0.9030854443802641,0.096914555619736,0.0,UGC01230,0.9030854443802641,0.096914555619736,0.08752212452876511
UGC01230,53.7,7.03,106.00,10.70,20.63,52.93,0.0,1.38,0.00,,,,,,,,,0.8681211885862767,0.13187881141372326,0.0,UGC01230,0.8681211885862767,0.13187881141372326,0.11448679051382687
UGC01230,53.7,8.60,103.00,10.70,24.32,52.95,0.0,7.71,0.00,,,,,,,,,0.8257927324825961,0.17420726751740392,0.0,UGC01230,0.8257927324825961,0.17420726751740392,0.1438590954615236
UGC01230,53.7,13.27,109.00,15.80,34.07,49.67,0.0,3.15,0.00,,,,,,,,,0.6800426464669196,0.31995735353308047,0.0,UGC01230,0.6800426464669196,0.31995735353308047,0.21758464545318784
UGC01230,53.7,14.85,113.00,14.70,36.74,48.73,0.0,2.09,0.00,,,,,,,,,0.6375757378859992,0.3624242621140008,0.0,UGC01230,0.6375757378859992,0.3624242621140008,0.23107291634512284
UGC01230,53.7,25.80,105.00,10.40,46.59,38.25,0.0,0.16,0.00,,,,,,,,,0.4026381607724113,0.5973618392275887,0.0,UGC01230,0.4026381607724113,0.5973618392275887,0.24052067226222118
UGC01230,53.7,32.01,103.00,10.00,43.71,33.76,0.0,0.04,0.00,,,,,,,,,0.37364749854088203,0.626352501459118,0.0,UGC01230,0.37364749854088203,0.626352501459118,0.23403504537502362
UGC01230,53.7,36.54,103.00,10.00,39.61,31.2,0.0,0.00,0.00,,,,,,,,,0.38288350565595286,0.617116494344047,0.0,UGC01230,0.38288350565595286,0.617116494344047,0.23628372675256074
UGC01281,5.27,0.08,1.41,4.00,-5.85,1.5,0.0,5.40,0.00,,,,,,,,,0.06169031462060457,0.9383096853793954,0.0,UGC01281,0.06169031462060457,0.9383096853793954,0.057884619702615395
UGC01281,5.27,0.23,4.46,4.00,-5.85,3.55,0.0,1.88,0.00,,,,,,,,,0.26914041644420716,0.7308595835557928,0.0,UGC01281,0.26914041644420716,0.7308595835557928,0.1967038526804459
UGC01281,5.27,0.38,7.71,4.00,-0.98,5.31,0.0,2.81,0.00,,,,,,,,,0.9670605182377857,0.032939481762214264,0.0,UGC01281,0.9670605182377857,0.032939481762214264,0.031854472303451016
UGC01281,5.27,0.54,11.00,4.00,-2.22,8.22,0.0,0.90,0.00,,,,,,,,,0.9320190684278479,0.06798093157215215,0.0,UGC01281,0.9320190684278479,0.06798093157215215,0.06335952451473452
UGC01281,5.27,0.69,14.20,4.00,-3.47,10.22,0.0,0.60,0.00,,,,,,,,,0.896635141596696,0.10336485840330399,0.0,UGC01281,0.896635141596696,0.10336485840330399,0.09268056445056891
UGC01281,5.27,0.84,17.20,5.78,-4.43,12.07,0.0,8.77,0.00,,,,,,,,,0.8812841101979435,0.11871588980205648,0.0,UGC01281,0.8812841101979435,0.11871588980205648,0.10462242731056247
UGC01281,5.27,1.00,20.20,4.74,-5.15,13.91,0.0,7.42,0.00,,,,,,,,,0.8794489901850183,0.12055100981498165,0.0,UGC01281,0.8794489901850183,0.12055100981498165,0.10601846384756984
UGC01281,5.27,1.15,23.20,4.00,-5.85,15.41,0.0,5.50,0.00,,,,,,,,,0.8740387043202819,0.125961295679718,0.0,UGC01281,0.8740387043202819,0.125961295679718,0.11009504767040464
UGC01281,5.27,1.30,26.40,7.13,-1.76,16.74,0.0,3.82,0.00,,,,,,,,,0.9890669802756691,0.010933019724330912,0.0,UGC01281,0.9890669802756691,0.010933019724330912,0.010813488804038303
UGC01281,5.27,1.46,29.30,4.38,2.33,17.86,0.0,1.93,0.00,,,,,,,,,0.9832652350354568,0.016734764964543163,0.0,UGC01281,0.9832652350354568,0.016734764964543163,0.01645471260612466
UGC01281,5.27,1.61,31.60,4.94,5.46,18.77,0.0,9.92,0.00,,,,,,,,,0.9219845887923962,0.07801541120760382,0.0,UGC01281,0.9219845887923962,0.07801541120760382,0.0719290068217123
UGC01281,5.27,1.76,34.60,4.00,7.63,19.16,0.0,8.28,0.00,,,,,,,,,0.8631229243691552,0.13687707563084484,0.0,UGC01281,0.8631229243691552,0.13687707563084484,0.11814174179759282
UGC01281,5.27,1.92,37.40,7.09,9.79,19.52,0.0,7.06,0.00,,,,,,,,,0.7990160933327323,0.2009839066672678,0.0,UGC01281,0.7990160933327323,0.2009839066672678,0.1605893759280308
UGC01281,5.27,2.07,39.90,4.00,11.26,19.66,0.0,6.14,0.00,,,,,,,,,0.7529966694148799,0.24700333058512003,0.0,UGC01281,0.7529966694148799,0.24700333058512003,0.18599268526497792
UGC01281,5.27,2.22,42.20,4.37,12.73,19.81,0.0,5.37,0.00,,,,,,,,,0.7077437063674842,0.2922562936325157,0.0,UGC01281,0.7077437063674842,0.2922562936325157,0.20684255246470043
UGC01281,5.27,2.38,44.40,4.58,13.9,19.88,0.0,4.87,0.00,,,,,,,,,0.6716485584214386,0.32835144157856133,0.0,UGC01281,0.6716485584214386,0.32835144157856133,0.2205367723918419
UGC01281,5.27,2.53,46.70,5.91,14.68,20.02,0.0,4.22,0.00,,,,,,,,,0.6503303246391222,0.34966967536087784,0.0,UGC01281,0.6503303246391222,0.34966967536087784,0.22740079349389616
UGC01281,5.27,2.68,48.50,7.72,15.47,19.97,0.0,3.59,0.00,,,,,,,,,0.6249604699290949,0.375039530070905,0.0,UGC01281,0.6249604699290949,0.375039530070905,0.23438488095509974
UGC01281,5.27,2.76,49.30,9.73,15.76,19.92,0.0,3.33,0.00,,,,,,,,,0.6150282710048607,0.3849717289951393,0.0,UGC01281,0.6150282710048607,0.3849717289951393,0.23676849686963233
UGC01281,5.27,3.07,53.00,4.00,16.84,19.61,0.0,2.64,0.00,,,,,,,,,0.5755581521593528,0.4244418478406472,0.0,UGC01281,0.5755581521593528,0.4244418478406472,0.2442909656422641
UGC01281,5.27,3.46,54.10,4.00,18.3,19.28,0.0,2.10,0.00,,,,,,,,,0.5260599789076948,0.47394002109230515,0.0,UGC01281,0.5260599789076948,0.47394002109230515,0.2493208774993305
UGC01281,5.27,3.83,55.00,4.00,18.5,18.95,0.0,1.62,0.00,,,,,,,,,0.512014286681804,0.48798571331819596,0.0,UGC01281,0.512014286681804,0.48798571331819596,0.2498556569155274
UGC01281,5.27,4.23,55.70,4.00,18.21,18.54,0.0,1.37,0.00,,,,,,,,,0.5089788678430593,0.49102113215694065,0.0,UGC01281,0.5089788678430593,0.49102113215694065,0.24991937993225688
UGC01281,5.27,4.62,56.40,4.00,19.58,18.33,0.0,1.19,0.00,,,,,,,,,0.46706297898995125,0.5329370210100487,0.0,UGC01281,0.46706297898995125,0.5329370210100487,0.24891515264698358
UGC01281,5.27,4.99,56.90,4.00,20.46,18.23,0.0,0.96,0.00,,,,,,,,,0.4425532113225411,0.5574467886774588,0.0,UGC01281,0.4425532113225411,0.5574467886774588,0.24669986647064734
UGC02023,10.4,0.76,15.10,8.69,0.58,17.55,0.0,6.36,0.00,,,,,,,,,0.9989089926700782,0.001091007329921719,0.0,UGC02023,0.9989089926700782,0.001091007329921719,0.001089817032927776
UGC02023,10.4,1.51,28.00,8.69,10.02,30.38,0.0,5.19,0.00,,,,,,,,,0.9018899592786322,0.09811004072136781,0.0,UGC02023,0.9018899592786322,0.09811004072136781,0.08848446063101936
UGC02023,10.4,2.27,37.60,8.69,14.0,35.0,0.0,0.05,0.00,,,,,,,,,0.8620689655172413,0.13793103448275862,0.0,UGC02023,0.8620689655172413,0.13793103448275862,0.11890606420927466
UGC02023,10.4,3.03,47.90,8.69,14.92,36.8,0.0,2.78,0.00,,,,,,,,,0.8588281014561722,0.14117189854382775,0.0,UGC02023,0.8588281014561722,0.14117189854382775,0.12124239360535895
UGC02023,10.4,3.78,58.80,8.69,19.48,36.55,0.0,6.61,0.00,,,,,,,,,0.7787825609230505,0.22121743907694943,0.0,UGC02023,0.7787825609230505,0.22121743907694943,0.17228028372518558
UGC02259,10.5,1.02,56.10,3.40,4.05,24.58,0.0,4.40,0.00,,,,,,,,,0.973569033687739,0.02643096631226102,0.0,UGC02259,0.973569033687739,0.02643096631226102,0.02573237033206114
UGC02259,10.5,2.04,71.10,3.00,7.98,36.06,0.0,0.79,0.00,,,,,,,,,0.9533136266462562,0.04668637335374383,0.0,UGC02259,0.9533136266462562,0.04668637335374383,0.04450675589681867
UGC02259,10.5,3.05,80.70,1.50,14.47,40.35,0.0,7.94,0.00,,,,,,,,,0.8860514217279816,0.11394857827201843,0.0,UGC02259,0.8860514217279816,0.11394857827201843,0.10096429978180411
UGC02259,10.5,4.07,82.80,1.50,19.07,42.21,0.0,8.16,0.00,,,,,,,,,0.8304868345430044,0.16951316545699555,0.0,UGC02259,0.8304868345430044,0.16951316545699555,0.1407784521937448
UGC02259,10.5,5.09,83.70,1.50,21.9,39.32,0.0,4.45,0.00,,,,,,,,,0.7632341735020924,0.23676582649790753,0.0,UGC02259,0.7632341735020924,0.23676582649790753,0.18070776990067028
UGC02259,10.5,6.11,86.00,1.50,24.6,37.93,0.0,2.49,0.00,,,,,,,,,0.7039109963774648,0.2960890036225352,0.0,UGC02259,0.7039109963774648,0.2960890036225352,0.20842030555634955
UGC02259,10.5,7.13,88.30,2.30,26.68,36.09,0.0,1.32,0.00,,,,,,,,,0.6466173412688858,0.35338265873111413,0.0,UGC02259,0.6466173412688858,0.35338265873111413,0.22850335523924303
UGC02259,10.5,8.14,90.00,3.00,25.72,33.53,0.0,0.00,0.00,,,,,,,,,0.6295631828636383,0.3704368171363617,0.0,UGC02259,0.6295631828636383,0.3704368171363617,0.23321338164624342
UGC02455,6.92,0.50,16.90,3.64,2.1,41.15,0.0,2.13,0.00,,,,,,,,,0.9974024176364651,0.002597582363534891,0.0,UGC02455,0.9974024176364651,0.002597582363534891,0.0025908349293995436
UGC02455,6.92,1.00,23.90,3.64,6.14,64.58,0.0,6.29,0.00,,,,,,,,,0.9910415571602244,0.008958442839775718,0.0,UGC02455,0.9910415571602244,0.008958442839775718,0.00887818914166219
UGC02455,6.92,1.51,28.20,3.64,11.02,77.99,0.0,9.97,0.00,,,,,,,,,0.9804250903930208,0.019574909606979052,0.0,UGC02455,0.9804250903930208,0.019574909606979052,0.019191732520857648
UGC02455,6.92,2.01,33.00,3.64,15.45,76.28,0.0,9.15,0.00,,,,,,,,,0.9605928568425132,0.03940714315748681,0.0,UGC02455,0.9605928568425132,0.03940714315748681,0.037854220225652144
UGC02455,6.92,2.52,39.10,3.64,19.59,75.05,0.0,3.54,0.00,,,,,,,,,0.9362116291777168,0.06378837082228317,0.0,UGC02455,0.9362116291777168,0.06378837082228317,0.05971941457012206
UGC02455,6.92,3.02,43.80,3.64,23.74,73.51,0.0,3.55,0.00,,,,,,,,,0.905554124517494,0.0944458754825061,0.0,UGC02455,0.905554124517494,0.0944458754825061,0.08552585208684906
UGC02455,6.92,3.52,53.10,3.64,27.22,69.5,0.0,2.11,0.00,,,,,,,,,0.8670068795499352,0.13299312045006492,0.0,UGC02455,0.8670068795499352,0.13299312045006492,0.11530595036301945
UGC02455,6.92,4.03,61.00,3.64,29.76,65.25,0.0,7.01,0.00,,,,,,,,,0.8278009529477457,0.1721990470522543,0.0,UGC02455,0.8278009529477457,0.1721990470522543,0.1425465352465498
UGC02487,69.1,9.93,377.00,10.30,-13.26,55.96,7.88,6.20,20.38,,,,,,,,,0.9293883417428326,0.05218297762870997,0.01842868062845747,UGC02487,0.9293883417428326,0.05218297762870997,0.04849825104555009
UGC02487,69.1,10.05,377.00,19.70,-13.37,57.66,6.72,1.07,19.35,,,,,,,,,0.9369002214371909,0.05037405128892147,0.012725727273887785,UGC02487,0.9369002214371909,0.05037405128892147,0.04719545980727894
UGC02487,69.1,10.35,378.00,10.80,-13.47,61.62,4.38,6.87,17.03,,,,,,,,,0.9498141870709682,0.04538689320377422,0.004798919725257568,UGC02487,0.9498141870709682,0.04538689320377422,0.04310911507201966
UGC02487,69.1,15.07,367.00,10.70,-11.85,72.35,2.87,6.01,2.35,,,,,,,,,0.9723844739483911,0.026085408705955118,0.0015301173456538785,UGC02487,0.9723844739483911,0.026085408705955118,0.025365046422268948
UGC02487,69.1,20.09,364.00,6.67,13.97,69.96,1.39,5.01,0.29,,,,,,,,,0.9612897556642798,0.03833076833666878,0.00037947599905143766,UGC02487,0.9612897556642798,0.03833076833666878,0.03684697492878044
UGC02487,69.1,25.12,375.00,6.19,27.34,62.34,4.72,4.66,0.03,,,,,,,,,0.834675879208328,0.16053927148573108,0.004784849305940838,UGC02487,0.834675879208328,0.16053927148573108,0.13399825757481704
UGC02487,69.1,30.14,383.00,3.82,34.12,53.37,3.32,2.26,0.00,,,,,,,,,0.7079206871278989,0.289339844028924,0.002739468843177115,UGC02487,0.7079206871278989,0.289339844028924,0.20482966119843496
UGC02487,69.1,35.17,378.00,2.21,36.15,35.34,4.11,0.73,0.00,,,,,,,,,0.4854625433534909,0.5079713749764734,0.006566081670035592,UGC02487,0.4854625433534909,0.5079713749764734,0.2466010756468486
UGC02487,69.1,40.19,364.00,4.00,36.15,19.18,6.71,6.11,0.00,,,,,,,,,0.2139142499443223,0.7599046704723271,0.026181079583350534,UGC02487,0.2139142499443223,0.7599046704723271,0.16255443761327526
UGC02487,69.1,45.21,349.00,3.00,35.84,6.41,0.63,3.48,0.00,,,,,,,,,0.030986720418681703,0.9687139561924497,0.0002993233888686692,UGC02487,0.030986720418681703,0.9687139561924497,0.030017268526210512
UGC02487,69.1,50.24,338.00,3.08,37.87,94.11,5.47,1.63,0.00,,,,,,,,,0.858144242018693,0.13895665662821652,0.0028991013530906317,UGC02487,0.858144242018693,0.13895665662821652,0.11924485477567266
UGC02487,69.1,55.26,332.00,2.19,41.62,83.23,1.03,1.27,0.00,,,,,,,,,0.7998635578180531,0.2000139437383781,0.00012249844356888482,UGC02487,0.7998635578180531,0.2000139437383781,0.159983864651799
UGC02487,69.1,60.28,330.00,1.61,44.55,74.98,7.16,0.47,0.00,,,,,,,,,0.7341373106980005,0.2591682768086601,0.006694412493339454,UGC02487,0.7341373106980005,0.2591682768086601,0.1902651017545447
UGC02487,69.1,65.31,329.00,2.20,46.17,66.27,3.74,0.25,0.00,,,,,,,,,0.6717859480297992,0.3260744145802745,0.002139637389926291,UGC02487,0.6717859480297992,0.3260744145802745,0.21905220972707146
UGC02487,69.1,70.33,330.00,3.53,46.48,59.17,0.69,0.13,0.00,,,,,,,,,0.6183533165944756,0.3815625958480704,8.408755745409085e-05,UGC02487,0.6183533165944756,0.3815625958480704,0.2359404966310518
UGC02487,69.1,75.35,332.00,13.40,44.86,52.96,7.96,0.07,0.00,,,,,,,,,0.5746823078777221,0.4123352017320696,0.012982490390208237,UGC02487,0.5746823078777221,0.4123352017320696,0.23696174535061187
UGC02487,69.1,80.38,333.00,15.30,42.32,47.51,5.48,0.00,0.00,,,,,,,,,0.553477750021339,0.4391586324490318,0.007363617529629217,UGC02487,0.553477750021339,0.4391586324490318,0.24306453179033832
UGC02885,80.6,1.70,305.00,10.00,0.0,92.31,5.84,9.93,73.44,,,,,,,,,0.9960134849258554,0.0,0.003986515074144544,UGC02885,0.9960134849258554,0.0,0.0
UGC02885,80.6,3.41,257.00,10.00,0.0,52.76,6.42,7.78,59.82,,,,,,,,,0.9854092665268119,0.0,0.014590733473188162,UGC02885,0.9854092665268119,0.0,0.0
UGC02885,80.6,6.82,256.00,10.00,0.0,20.93,5.44,3.12,0.01,,,,,,,,,0.9367196362302834,0.0,0.0632803637697166,UGC02885,0.9367196362302834,0.0,0.0
UGC02885,80.6,13.67,271.00,10.00,0.0,44.9,3.9,5.25,0.00,,,,,,,,,0.9925118894063666,0.0,0.007488110593633383,UGC02885,0.9925118894063666,0.0,0.0
UGC02885,80.6,19.49,282.00,10.00,0.0,40.52,3.77,1.48,0.00,,,,,,,,,0.9914177626209986,0.0,0.008582237379001404,UGC02885,0.9914177626209986,0.0,0.0
UGC02885,80.6,23.36,287.00,10.00,28.79,38.85,4.78,7.36,0.00,,,,,,,,,0.6392630774215546,0.3510596412166698,0.009677281361775663,UGC02885,0.6392630774215546,0.3510596412166698,0.2244194666026752
UGC02885,80.6,27.24,283.00,10.00,40.2,32.97,7.77,0.75,0.00,,,,,,,,,0.3933587625656167,0.5847941788943886,0.021847058539994694,UGC02885,0.3933587625656167,0.5847941788943886,0.23003391456547256
UGC02885,80.6,31.22,280.00,10.00,45.05,23.71,1.99,8.49,0.00,,,,,,,,,0.2165812595470682,0.7818930588131182,0.0015256816398136143,UGC02885,0.2165812595470682,0.7818930588131182,0.169343383508855
UGC02885,80.6,35.10,280.00,10.00,50.3,14.74,7.32,3.99,0.00,,,,,,,,,0.07756953022913737,0.9033003206066536,0.019130149164209163,UGC02885,0.07756953022913737,0.9033003206066536,0.07006858152528729
UGC02885,80.6,38.97,281.00,10.00,59.7,6.96,3.38,9.86,0.00,,,,,,,,,0.013367049710316572,0.9834804837586328,0.003152466531050597,UGC02885,0.013367049710316572,0.9834804837586328,0.013146232515527835
UGC02885,80.6,42.85,282.00,10.00,67.17,98.69,9.98,6.64,0.00,,,,,,,,,0.6786726356666077,0.3143871141980266,0.006940250135365692,UGC02885,0.6786726356666077,0.3143871141980266,0.21336593141239352
UGC02885,80.6,46.73,287.00,10.00,65.05,89.07,7.02,5.23,0.00,,,,,,,,,0.6495254582930601,0.3464398765513829,0.0040346651555571034,UGC02885,0.6495254582930601,0.3464398765513829,0.22502151958802816
UGC02885,80.6,50.71,292.00,10.00,71.21,84.25,4.33,4.79,0.00,,,,,,,,,0.5823967416920479,0.4160649091781283,0.0015383491298238126,UGC02885,0.5823967416920479,0.4160649091781283,0.24231484743773976
UGC02885,80.6,54.58,298.00,10.00,79.19,80.41,2.01,3.46,0.00,,,,,,,,,0.507482690950566,0.4922002112525443,0.00031709779688965053,UGC02885,0.507482690950566,0.4922002112525443,0.24978308769287824
UGC02885,80.6,58.46,298.00,10.00,83.33,74.83,9.92,1.94,0.00,,,,,,,,,0.44293677964608935,0.5492790273099986,0.007784193043912129,UGC02885,0.44293677964608935,0.5492790273099986,0.24329588348382714
UGC02885,80.6,62.34,298.00,10.00,83.33,68.07,8.02,1.38,0.00,,,,,,,,,0.3980098514875902,0.5964651640990052,0.005524984413404662,UGC02885,0.3980098514875902,0.5964651640990052,0.23739901138056618
UGC02885,80.6,66.21,298.00,10.00,82.83,62.78,6.3,1.00,0.00,,,,,,,,,0.3635299005362316,0.6328092774545486,0.0036608220092197922,UGC02885,0.3635299005362316,0.6328092774545486,0.23004509369145662
UGC02885,80.6,70.19,298.00,10.00,85.86,58.17,4.68,0.71,0.00,,,,,,,,,0.3139615273391013,0.6840062559806384,0.0020322166802601493,UGC02885,0.3139615273391013,0.6840062559806384,0.21475164883718154
UGC02885,80.6,74.07,298.00,10.00,86.26,52.97,3.23,0.00,0.00,,,,,,,,,0.27355070439707885,0.7254321504444742,0.0010171451584469573,UGC02885,0.27355070439707885,0.7254321504444742,0.19844247574637358
UGC02916,65.4,0.37,183.00,47.60,-2.62,11.2,3.59,3.07,48.49,,,,,,,,,0.8639564715808322,0.04727792413519983,0.08876560428396783,UGC02916,0.8639564715808322,0.04727792413519983,0.040846068519513515
UGC02916,65.4,0.74,196.00,40.70,-3.79,21.14,1.42,0.63,87.42,,,,,,,,,0.9646423405624374,0.03100521693031926,0.004352442507243458,UGC02916,0.9646423405624374,0.03100521693031926,0.02990894502930928
UGC02916,65.4,1.11,205.00,14.10,-4.87,30.05,8.87,8.92,07.55,,,,,,,,,0.8981557819538424,0.023589603423048205,0.0782546146231093,UGC02916,0.8981557819538424,0.023589603423048205,0.0211871387084089
UGC02916,65.4,1.48,211.00,7.89,-5.72,38.06,0.05,7.89,61.06,,,,,,,,,0.9779104554189286,0.0220878568566673,1.6877244040560744e-06,UGC02916,0.9779104554189286,0.0220878568566673,0.021599946157931624
UGC02916,65.4,1.84,214.00,1.48,-6.31,45.23,8.74,7.77,39.16,,,,,,,,,0.9462506786676477,0.018416697171441832,0.03533262416091055,UGC02916,0.9462506786676477,0.018416697171441832,0.01742681219729338
UGC02916,65.4,2.21,214.00,1.50,-6.65,51.92,3.65,7.98,47.96,,,,,,,,,0.9790991051460476,0.016062035323293204,0.004838859530659137,UGC02916,0.9790991051460476,0.016062035323293204,0.015726324411860584
UGC02916,65.4,2.60,213.00,2.64,-6.69,58.41,0.2,8.27,08.78,,,,,,,,,0.9870401312393531,0.01294829644184178,1.1572318805116426e-05,UGC02916,0.9870401312393531,0.01294829644184178,0.01278048821928156
UGC02916,65.4,2.96,211.00,4.50,-6.41,63.99,5.3,9.85,73.60,,,,,,,,,0.9833862172711139,0.009867700415922753,0.006746082312963366,UGC02916,0.9833862172711139,0.009867700415922753,0.009703760585178873
UGC02916,65.4,3.17,210.00,8.68,-6.08,66.97,4.94,5.15,62.34,,,,,,,,,0.9865012619241511,0.008131004582158409,0.0053677334936905125,UGC02916,0.9865012619241511,0.008131004582158409,0.008021246281010325
UGC02916,65.4,3.33,209.00,3.00,-5.72,69.15,3.2,1.68,90.24,,,,,,,,,0.9910961158073688,0.006781464034232812,0.0021224201583984552,UGC02916,0.9910961158073688,0.006781464034232812,0.006721082663815509
UGC02916,65.4,3.70,207.00,1.60,-4.34,74.09,8.56,3.99,54.51,,,,,,,,,0.9834972257056438,0.0033746863016807507,0.01312808799267529,UGC02916,0.9834972257056438,0.0033746863016807507,0.0033189946153298574
UGC02916,65.4,4.07,206.00,1.73,0.84,78.64,2.81,6.75,50.84,,,,,,,,,0.9986110275245911,0.00011393782376140694,0.001275034651647457,UGC02916,0.9986110275245911,0.00011393782376140694,0.00011377956726029436
UGC02916,65.4,4.44,205.00,3.45,5.14,83.02,5.92,9.94,84.07,,,,,,,,,0.991160786877204,0.0037993114082422773,0.005039901714553671,UGC02916,0.991160786877204,0.0037993114082422773,0.0037657284849849535
UGC02916,65.4,4.81,205.00,2.77,7.67,87.31,8.41,3.48,50.43,,,,,,,,,0.9832885592821838,0.007588286814640122,0.009123153903175956,UGC02916,0.9832885592821838,0.007588286814640122,0.0074614756093874775
UGC02916,65.4,5.18,206.00,7.48,9.9,90.63,1.01,9.73,30.04,,,,,,,,,0.988087073146115,0.011790212884257066,0.00012271396962790156,UGC02916,0.988087073146115,0.011790212884257066,0.01164975694057518
UGC02916,65.4,5.55,207.00,5.02,12.08,91.17,3.88,9.83,17.93,,,,,,,,,0.9810006189461975,0.017222620830618172,0.0017767602231841407,UGC02916,0.9810006189461975,0.017222620830618172,0.0168954016947121
UGC02916,65.4,5.92,208.00,7.70,14.21,91.98,7.13,8.76,10.75,,,,,,,,,0.9709906302493627,0.02317482079302048,0.005834548957616762,UGC02916,0.9709906302493627,0.02317482079302048,0.022502533847730995
UGC02916,65.4,6.28,210.00,1.95,16.44,93.75,0.9,7.91,6.52,,,,,,,,,0.9700795553396209,0.029831042128559058,8.940253182009947e-05,UGC02916,0.9700795553396209,0.029831042128559058,0.02893848408339007
UGC02916,65.4,6.34,210.00,4.78,16.75,94.14,9.93,7.94,6.01,,,,,,,,,0.9589712586918995,0.030358955525327202,0.010669785782773307,UGC02916,0.9589712586918995,0.030358955525327202,0.029113365792694423
UGC02916,65.4,6.65,212.00,1.96,18.67,96.53,4.9,5.88,3.89,,,,,,,,,0.9615526243223369,0.035969721977948205,0.0024776536997148527,UGC02916,0.9615526243223369,0.035969721977948205,0.034586780564040936
UGC02916,65.4,7.03,214.00,0.76,20.8,99.17,9.22,0.88,2.31,,,,,,,,,0.9499969538280018,0.041791528566210843,0.008211517605787439,UGC02916,0.9499969538280018,0.041791528566210843,0.03970182483371622
UGC02916,65.4,7.39,215.00,2.22,22.73,1.39,4.19,7.18,1.39,,,,,,,,,0.0036037155144419994,0.9636509866525809,0.03274529783297718,UGC02916,0.0036037155144419994,0.9636509866525809,0.0034727240111072457
UGC02916,65.4,7.77,216.00,1.76,24.56,3.08,9.24,3.61,0.82,,,,,,,,,0.013589709502482316,0.8641029049751768,0.12230738552234086,UGC02916,0.013589709502482316,0.8641029049751768,0.011742907458863734
UGC02916,65.4,8.14,217.00,1.53,26.28,5.18,4.76,0.05,0.49,,,,,,,,,0.03625370949148823,0.9331332239108782,0.030613066597633597,UGC02916,0.03625370949148823,0.9331332239108782,0.033829540816520814
UGC02916,65.4,8.51,218.00,7.70,27.91,6.86,0.42,6.59,0.29,,,,,,,,,0.05695880715188898,0.9428276862823605,0.00021350656575052092,UGC02916,0.05695880715188898,0.9428276862823605,0.053702340360418654
UGC02916,65.4,8.88,218.00,6.86,29.33,8.2,6.31,3.33,0.18,,,,,,,,,0.06951271832565736,0.8893253937486109,0.0411618879257318,UGC02916,0.06951271832565736,0.8893253937486109,0.06181942559550151
UGC02916,65.4,9.25,218.00,8.37,30.55,9.65,2.7,0.25,0.11,,,,,,,,,0.0900852749548957,0.9028624911121538,0.007052233932950573,UGC02916,0.0900852749548957,0.9028624911121538,0.08133461575830045
UGC02916,65.4,9.52,218.00,3.93,31.16,10.49,0.08,8.10,0.07,,,,,,,,,0.10179547103073187,0.8981986084819676,5.920487300508487e-06,UGC02916,0.10179547103073187,0.8981986084819676,0.09143255042956981
UGC02916,65.4,9.62,218.00,4.05,31.36,10.78,9.14,7.33,0.06,,,,,,,,,0.09821554742842614,0.8311795088157717,0.07060494375580208,UGC02916,0.09821554742842614,0.8311795088157717,0.08163475046963137
UGC02916,65.4,9.99,217.00,20.20,32.17,11.77,5.79,4.58,0.04,,,,,,,,,0.114777807724311,0.8574466768282352,0.02777551544745381,UGC02916,0.114777807724311,0.8574466768282352,0.09841584980684061
UGC02916,65.4,10.40,217.00,4.20,33.08,12.69,2.23,1.71,0.02,,,,,,,,,0.12777647208741694,0.8682777069566389,0.003945820955944138,UGC02916,0.12777647208741694,0.8682777069566389,0.11094546218707135
UGC02916,65.4,10.71,216.00,3.16,34.0,13.45,9.76,9.66,0.01,,,,,,,,,0.12631443928650155,0.8071723266134841,0.06651323410001438,UGC02916,0.12631443928650155,0.8071723266134841,0.10195751984376314
UGC02916,65.4,11.12,215.00,6.72,35.01,14.16,6.6,7.11,0.01,,,,,,,,,0.1364201110421886,0.8339425120616164,0.02963737689619509,UGC02916,0.1364201110421886,0.8339425120616164,0.11376653009824741
UGC02916,65.4,12.67,212.00,1.82,39.99,15.88,6.1,8.84,0.00,,,,,,,,,0.1335256113771981,0.8467718018441853,0.019702586778616464,UGC02916,0.1335256113771981,0.8467718018441853,0.11306572253821648
UGC02916,65.4,12.98,211.00,16.60,41.0,16.15,4.24,7.43,0.00,,,,,,,,,0.13308627752391683,0.8577405420073201,0.009173180468763116,UGC02916,0.13308627752391683,0.8577405420073201,0.11415349581710105
UGC02916,65.4,15.86,209.00,8.38,52.47,15.82,9.51,7.17,0.00,,,,,,,,,0.08089447152824408,0.8898729638962712,0.029232564575484746,UGC02916,0.08089447152824408,0.8898729638962712,0.07198580314166109
UGC02916,65.4,19.05,215.00,13.20,66.17,12.66,7.33,0.22,0.00,,,,,,,,,0.03489962511268982,0.9534010365743218,0.011699338312988378,UGC02916,0.03489962511268982,0.9534010365743218,0.033273338758493705
UGC02916,65.4,22.14,215.00,13.90,76.32,8.18,8.11,6.19,0.00,,,,,,,,,0.01123176181985548,0.977727884499934,0.011040353680210495,UGC02916,0.01123176181985548,0.977727884499934,0.010981606723334427
UGC02916,65.4,25.34,210.00,10.60,79.67,2.95,0.4,3.68,0.00,,,,,,,,,0.0013691418075982029,0.998605685806396,2.5172386005827348e-05,UGC02916,0.0013691418075982029,0.998605685806396,0.001367232793742812
UGC02916,65.4,28.53,196.00,12.80,78.35,97.69,4.04,2.19,0.00,,,,,,,,,0.6079185227021066,0.3910417776733423,0.0010396996245510732,UGC02916,0.6079185227021066,0.3910417776733423,0.23772153979798386
UGC02916,65.4,31.72,185.00,11.50,74.49,92.71,8.67,1.30,0.00,,,,,,,,,0.6044799150796967,0.3902336010917617,0.005286483828541538,UGC02916,0.6044799150796967,0.3902336010917617,0.23588837404919233
UGC02916,65.4,34.91,182.00,10.80,72.76,88.3,4.06,0.78,0.00,,,,,,,,,0.5948468219976527,0.4038955974702274,0.0012575805321199229,UGC02916,0.5948468219976527,0.4038955974702274,0.24025601257400794
UGC02916,65.4,38.00,181.00,10.30,70.63,85.07,0.15,0.00,0.00,,,,,,,,,0.591950473649625,0.4080476859385082,1.8404118668350284e-06,UGC02916,0.591950473649625,0.4080476859385082,0.24154402096293337
UGC02953,16.5,0.09,231.00,52.90,-0.75,12.18,,3.21 2,42.18,,,,,,,,,0.0,0.0,0.0,UGC02953,0.0,0.0,0.0
UGC02953,16.5,0.17,231.00,27.90,-0.9,23.29,,9.34 2,93.66,,,,,,,,,0.0,0.0,0.0,UGC02953,0.0,0.0,0.0
UGC02953,16.5,0.26,231.00,16.40,-0.97,35.2,,9.19 1,56.33,,,,,,,,,0.0,0.0,0.0,UGC02953,0.0,0.0,0.0
UGC02953,16.5,0.34,231.00,11.90,-1.0,45.31,,8.31 1,45.04,,,,,,,,,0.0,0.0,0.0,UGC02953,0.0,0.0,0.0
UGC02953,16.5,0.43,232.00,8.04,-1.04,56.16,,1.44,39.84,,,,,,,,,0.0,0.0,0.0,UGC02953,0.0,0.0,0.0
UGC02953,16.5,0.51,232.00,6.53,-1.11,65.37,,3.41,49.05,,,,,,,,,0.0,0.0,0.0,UGC02953,0.0,0.0,0.0
UGC02953,16.5,0.60,232.00,4.75,-1.21,75.35,,9.67,92.32,,,,,,,,,0.0,0.0,0.0,UGC02953,0.0,0.0,0.0
UGC02953,16.5,0.69,232.00,4.00,-1.34,84.97,,7.53,72.83,,,,,,,,,0.0,0.0,0.0,UGC02953,0.0,0.0,0.0
UGC02953,16.5,0.77,233.00,5.69,-1.48,93.17,,3.60,49.38,,,,,,,,,0.0,0.0,0.0,UGC02953,0.0,0.0,0.0
UGC02953,16.5,0.86,233.00,4.83,-1.64,2.03,,4.36,21.94,,,,,,,,,0.0,0.0,0.0,UGC02953,0.0,0.0,0.0
UGC02953,16.5,0.95,234.00,10.80,-1.82,10.51,,6.61,65.52,,,,,,,,,0.0,0.0,0.0,UGC02953,0.0,0.0,0.0
UGC02953,16.5,1.03,235.00,10.30,-2.0,17.74,,6.50,16.65,,,,,,,,,0.0,0.0,0.0,UGC02953,0.0,0.0,0.0
UGC02953,16.5,1.11,235.00,10.60,-2.17,24.74,,7.50,96.14,,,,,,,,,0.0,0.0,0.0,UGC02953,0.0,0.0,0.0
UGC02953,16.5,1.20,236.00,10.20,-2.35,32.45,,3.68,52.88,,,,,,,,,0.0,0.0,0.0,UGC02953,0.0,0.0,0.0
UGC02953,16.5,1.29,237.00,10.60,-2.54,39.94,,1.21,44.87,,,,,,,,,0.0,0.0,0.0,UGC02953,0.0,0.0,0.0
UGC02953,16.5,1.38,238.00,14.20,-2.73,47.1,,0.06,74.70,,,,,,,,,0.0,0.0,0.0,UGC02953,0.0,0.0,0.0
UGC02953,16.5,1.46,238.00,14.10,-2.94,53.23,,5.67,69.16,,,,,,,,,0.0,0.0,0.0,UGC02953,0.0,0.0,0.0
UGC02953,16.5,1.55,239.00,19.60,-3.15,59.87,,6.90,70.65,,,,,,,,,0.0,0.0,0.0,UGC02953,0.0,0.0,0.0
UGC02953,16.5,1.63,240.00,17.80,-3.37,65.58,,4.59,29.73,,,,,,,,,0.0,0.0,0.0,UGC02953,0.0,0.0,0.0
UGC02953,16.5,1.72,241.00,7.14,-3.59,71.83,,8.11,95.74,,,,,,,,,0.0,0.0,0.0,UGC02953,0.0,0.0,0.0
UGC02953,16.5,1.80,242.00,11.90,-3.81,77.21,,7.23,02.06,,,,,,,,,0.0,0.0,0.0,UGC02953,0.0,0.0,0.0
UGC02953,16.5,1.89,243.00,10.90,-4.02,83.03,,9.56,16.59,,,,,,,,,0.0,0.0,0.0,UGC02953,0.0,0.0,0.0
UGC02953,16.5,1.98,244.00,17.60,-4.24,88.55,,2.10,50.14,,,,,,,,,0.0,0.0,0.0,UGC02953,0.0,0.0,0.0
UGC02953,16.5,2.07,246.00,11.40,-4.48,93.82,,8.43,96.88,,,,,,,,,0.0,0.0,0.0,UGC02953,0.0,0.0,0.0
UGC02953,16.5,2.15,247.00,12.90,-4.72,98.33,,1.58,60.14,,,,,,,,,0.0,0.0,0.0,UGC02953,0.0,0.0,0.0
UGC02953,16.5,2.23,248.00,15.40,-4.99,2.68,,6.82,29.09,,,,,,,,,0.0,0.0,0.0,UGC02953,0.0,0.0,0.0
UGC02953,16.5,2.32,249.00,17.60,-5.25,7.44,,0.10,01.99,,,,,,,,,0.0,0.0,0.0,UGC02953,0.0,0.0,0.0
UGC02953,16.5,2.40,251.00,24.00,-5.52,11.55,,0.64,82.62,,,,,,,,,0.0,0.0,0.0,UGC02953,0.0,0.0,0.0
UGC02953,16.5,2.49,252.00,10.10,-5.8,16.16,,2.65,65.01,,,,,,,,,0.0,0.0,0.0,UGC02953,0.0,0.0,0.0
UGC02953,16.5,2.58,253.00,12.00,-6.06,20.83,,9.08,51.48,,,,,,,,,0.0,0.0,0.0,UGC02953,0.0,0.0,0.0
UGC02953,16.5,2.67,254.00,6.34,-6.31,25.64,,5.29,40.48,,,,,,,,,0.0,0.0,0.0,UGC02953,0.0,0.0,0.0
UGC02953,16.5,2.75,256.00,6.22,-6.56,30.0,,4.11,32.75,,,,,,,,,0.0,0.0,0.0,UGC02953,0.0,0.0,0.0
UGC02953,16.5,2.83,257.00,5.60,-6.82,34.46,,3.66,26.62,,,,,,,,,0.0,0.0,0.0,UGC02953,0.0,0.0,0.0
UGC02953,16.5,2.92,259.00,8.73,-7.07,39.57,,4.19,20.95,,,,,,,,,0.0,0.0,0.0,UGC02953,0.0,0.0,0.0
UGC02953,16.5,3.00,260.00,5.19,-7.31,43.97,,1.28,16.93,,,,,,,,,0.0,0.0,0.0,UGC02953,0.0,0.0,0.0
UGC02953,16.5,3.09,262.00,11.00,-7.55,48.68,,9.31,13.39,,,,,,,,,0.0,0.0,0.0,UGC02953,0.0,0.0,0.0
UGC02953,16.5,3.18,263.00,16.00,-7.78,52.98,,4.91,10.58,,,,,,,,,0.0,0.0,0.0,UGC02953,0.0,0.0,0.0
UGC02953,16.5,3.27,264.00,13.10,-8.0,56.93,,2.82,8.31,,,,,,,,,0.0,0.0,0.0,UGC02953,0.0,0.0,0.0
UGC02953,16.5,3.35,266.00,11.80,-8.21,60.17,,4.53,6.73,,,,,,,,,0.0,0.0,0.0,UGC02953,0.0,0.0,0.0
UGC02953,16.5,3.43,267.00,12.70,-8.4,63.1,,5.43,5.47,,,,,,,,,0.0,0.0,0.0,UGC02953,0.0,0.0,0.0
UGC02953,16.5,4.21,280.00,5.52,-9.93,82.25,5.61,8.68,0.70,,,,,,,,,0.9811349719610458,0.014300638877574557,0.004564389161379549,UGC02953,0.9811349719610458,0.014300638877574557,0.014030856924174155
UGC02953,16.5,4.29,282.00,2.35,-10.07,83.7,3.97,7.02,0.56,,,,,,,,,0.983550726942977,0.014236551019325703,0.0022127220376972952,UGC02953,0.983550726942977,0.014236551019325703,0.014002370104218575
UGC02953,16.5,4.38,283.00,5.10,-10.2,85.12,2.2,3.56,0.44,,,,,,,,,0.9851950446802891,0.014146836438856728,0.0006581188808541578,UGC02953,0.9851950446802891,0.014146836438856728,0.013937393157464196
UGC02953,16.5,4.47,285.00,4.61,-10.32,86.54,0.45,1.06,0.35,,,,,,,,,0.9859522597556714,0.014021081043115956,2.665920121265794e-05,UGC02953,0.9859522597556714,0.014021081043115956,0.013824116538677583
UGC02953,16.5,4.80,290.00,10.80,-10.66,90.98,4.51,8.48,0.15,,,,,,,,,0.9840720072997678,0.013509815640347552,0.0024181770598846954,UGC02953,0.9840720072997678,0.013509815640347552,0.013294631395446614
UGC02953,16.5,5.25,296.00,2.85,-10.87,96.92,7.31,8.22,0.04,,,,,,,,,0.982060473016042,0.012352945026258744,0.005586581957699169,UGC02953,0.982060473016042,0.012352945026258744,0.012131339035628826
UGC02953,16.5,5.32,298.00,1.92,-10.98,97.8,6.27,5.44,0.04,,,,,,,,,0.9835601014582095,0.012397321780170115,0.004042576761620313,UGC02953,0.9835601014582095,0.012397321780170115,0.012193511067914189
UGC02953,16.5,5.41,299.00,4.29,-10.98,98.79,4.97,9.09,0.03,,,,,,,,,0.9853341416209277,0.012172008322411443,0.0024938500566608333,UGC02953,0.9853341416209277,0.012172008322411443,0.011993495372166067
UGC02953,16.5,5.50,300.00,4.92,-10.87,99.65,3.7,2.85,0.02,,,,,,,,,0.9868965115318279,0.011742919830386282,0.00136056863778576,UGC02953,0.9868965115318279,0.011742919830386282,0.011589046615806146
UGC02953,16.5,5.58,301.00,2.24,-10.87,0.25,2.59,8.57,0.02,,,,,,,,,0.0005002901682976127,0.9458037661843869,0.05369594364731545,UGC02953,0.0005002901682976127,0.9458037661843869,0.0004731763253609029
UGC02953,16.5,5.67,302.00,4.59,-10.87,0.59,1.39,3.65,0.01,,,,,,,,,0.0028903053959286632,0.9810672957087143,0.016042398895356996,UGC02953,0.0028903053959286632,0.9810672957087143,0.0028355840985560383
UGC02953,16.5,5.76,303.00,5.07,-10.77,1.15,0.21,9.17,0.01,,,,,,,,,0.011268793749121288,0.9883554377787908,0.0003757684720879008,UGC02953,0.011268793749121288,0.9883554377787908,0.011137573579151672
UGC02953,16.5,6.00,306.00,7.89,-10.56,2.48,7.17,2.68,0.01,,,,,,,,,0.03637720770152993,0.6595592788672816,0.30406351343118854,UGC02953,0.03637720770152993,0.6595592788672816,0.023992924878826406
UGC02953,16.5,6.18,307.00,4.41,-10.25,3.22,5.01,8.31,0.00,,,,,,,,,0.07378016238410032,0.7476108474286812,0.17860899018721846,UGC02953,0.07378016238410032,0.7476108474286812,0.055158849723402945
UGC02953,16.5,6.27,308.00,3.20,-10.11,3.58,3.96,8.48,0.00,,,,,,,,,0.09805210155909912,0.7819755321126677,0.11997236632823326,UGC02953,0.09805210155909912,0.7819755321126677,0.07667434429144186
UGC02953,16.5,6.36,309.00,6.66,-9.94,3.97,2.94,9.61,0.00,,,,,,,,,0.1279209727282541,0.8019245487918407,0.07015447847990514,UGC02953,0.1279209727282541,0.8019245487918407,0.10258296833611852
UGC02953,16.5,6.45,310.00,5.83,-9.76,4.41,1.93,1.70,0.00,,,,,,,,,0.16421516060882915,0.8043326640243316,0.031452175366839315,UGC02953,0.16421516060882915,0.8043326640243316,0.13208361760568302
UGC02953,16.5,6.53,310.00,3.83,-9.58,4.83,1.06,5.47,0.00,,,,,,,,,0.20071514055454368,0.7896177284651236,0.009667130980332776,UGC02953,0.20071514055454368,0.7896177284651236,0.15848823335323678
UGC02953,16.5,6.61,311.00,2.41,-9.37,5.34,0.2,0.01,0.00,,,,,,,,,0.24507939236372234,0.7545768247351797,0.00034378290109795677,UGC02953,0.24507939236372234,0.7545768247351797,0.18493122969784487
UGC02953,16.5,6.70,312.00,1.25,-9.15,6.03,9.26,4.77,0.00,,,,,,,,,0.17665414830613463,0.40675359882622153,0.4165922528676438,UGC02953,0.17665414830613463,0.40675359882622153,0.07185471057110132
UGC02953,16.5,6.79,312.00,3.61,-8.91,6.85,8.35,7.48,0.00,,,,,,,,,0.2393600876586658,0.4049729356930029,0.3556669766483313,UGC02953,0.2393600876586658,0.4049729356930029,0.0969343573868644
UGC02953,16.5,6.87,313.00,13.80,-8.64,7.19,7.53,8.19,0.00,,,,,,,,,0.2824204328296729,0.40781746287557374,0.30976210429475337,UGC02953,0.2824204328296729,0.40781746287557374,0.1151759843808186
UGC02953,16.5,6.96,313.00,4.58,-8.36,7.95,6.63,7.12,0.00,,,,,,,,,0.35697744692147376,0.3947472168721653,0.24827533620636097,UGC02953,0.35697744692147376,0.3947472168721653,0.14091585365838288
UGC02953,16.5,7.05,314.00,3.05,-8.05,8.63,5.75,5.39,0.00,,,,,,,,,0.43214621632928507,0.37601128918736537,0.19184249448334967,UGC02953,0.43214621632928507,0.37601128918736537,0.16249185591941656
UGC02953,16.5,7.20,315.00,1.38,-7.43,9.44,4.31,4.37,0.00,,,,,,,,,0.5470629474519106,0.33889950925322265,0.11403754329486675,UGC02953,0.5470629474519106,0.33889950925322265,0.18539936442207405
UGC02953,16.5,7.39,316.00,0.75,-6.59,9.73,2.58,5.10,0.00,,,,,,,,,0.6540107794143859,0.3000060791365416,0.04598314144907273,UGC02953,0.6540107794143859,0.3000060791365416,0.19620720964514352
UGC02953,16.5,7.47,316.00,8.57,-6.16,9.53,1.86,5.32,0.00,,,,,,,,,0.6868606122391873,0.286975113082818,0.02616427467799474,UGC02953,0.6868606122391873,0.286975113082818,0.19711190186947436
UGC02953,16.5,7.99,318.00,1.36,-2.38,7.52,7.53,8.76,0.00,,,,,,,,,0.4755503268281648,0.04763374390429522,0.47681592926753996,UGC02953,0.4755503268281648,0.04763374390429522,0.022652242481736695
UGC02953,16.5,8.08,318.00,16.00,-0.67,7.34,6.82,5.24,0.00,,,,,,,,,0.5342845724134716,0.004451743359821653,0.4612636842267067,UGC02953,0.5342845724134716,0.004451743359821653,0.002378497797496823
UGC02953,16.5,8.16,318.00,5.50,2.0,7.11,6.2,2.80,0.00,,,,,,,,,0.5436171459726149,0.04301440660013055,0.4133684474272546,UGC02953,0.5436171459726149,0.04301440660013055,0.02338336895166858
UGC02953,16.5,8.25,319.00,2.94,2.92,7.22,5.51,6.89,0.00,,,,,,,,,0.5727457811852784,0.09368136426013762,0.3335728545545839,UGC02953,0.5727457811852784,0.09368136426013762,0.05365560615567515
UGC02953,16.5,8.34,319.00,1.74,3.49,7.32,4.83,0.93,0.00,,,,,,,,,0.6014317880289232,0.13671465483761622,0.2618535571334607,UGC02953,0.6014317880289232,0.13671465483761622,0.0822245393087446
UGC02953,16.5,8.40,319.00,2.20,3.85,7.36,4.38,6.95,0.00,,,,,,,,,0.6143314828780911,0.16810034419601597,0.21756817292589295,UGC02953,0.6143314828780911,0.16810034419601597,0.10326933372225601
UGC02953,16.5,9.59,319.00,3.23,7.94,4.71,6.41,5.24,0.00,,,,,,,,,0.17562411036465747,0.4990951250754063,0.3252807645599363,UGC02953,0.17562411036465747,0.4990951250754063,0.08765313732870568
UGC02953,16.5,10.80,317.00,4.08,12.02,99.89,9.7,5.37,0.00,,,,,,,,,0.9766487081174159,0.01414175434887351,0.009209537533710514,UGC02953,0.9766487081174159,0.01414175434887351,0.013811526115341161
UGC02953,16.5,12.02,312.00,2.62,17.77,98.77,3.98,8.88,0.00,,,,,,,,,0.9671250965413718,0.03130454539172912,0.0015703580668991733,UGC02953,0.9671250965413718,0.03130454539172912,0.030275411484159777
UGC02953,16.5,13.22,308.00,0.76,22.79,95.36,9.15,2.40,0.00,,,,,,,,,0.9378024927861067,0.05356332745576245,0.008634179758130972,UGC02953,0.9378024927861067,0.05356332745576245,0.050231822009932536
UGC02953,16.5,14.42,303.00,1.86,24.88,87.38,4.93,0.37,0.00,,,,,,,,,0.9222911402103722,0.07477298320967632,0.002935876579951714,UGC02953,0.9222911402103722,0.07477298320967632,0.06896245994138339
UGC02953,16.5,15.63,298.00,1.34,24.46,74.79,1.19,0.81,0.00,,,,,,,,,0.9031675573081009,0.09660379059672657,0.00022865209517236156,UGC02953,0.9031675573081009,0.09660379059672657,0.08724940957994883
UGC02953,16.5,16.83,296.00,1.41,24.25,62.23,7.87,2.51,0.00,,,,,,,,,0.8562766149697597,0.13002832480975487,0.013695060220485588,UGC02953,0.8562766149697597,0.13002832480975487,0.11134021381828534
UGC02953,16.5,18.03,294.00,1.15,25.92,53.58,4.9,8.71,0.00,,,,,,,,,0.8049004102647149,0.18836782561046814,0.006731764124816833,UGC02953,0.8049004102647149,0.18836782561046814,0.1516173401145381
UGC02953,16.5,19.23,294.00,0.59,28.33,45.5,2.21,2.92,0.00,,,,,,,,,0.7194055855966679,0.2788972044911897,0.001697209912142343,UGC02953,0.7194055855966679,0.2788972044911897,0.20064020671825797
UGC02953,16.5,20.43,294.00,0.50,31.05,37.34,9.76,9.23,0.00,,,,,,,,,0.5682488235723013,0.3929281351750792,0.038823041252619525,UGC02953,0.5682488235723013,0.3929281351750792,0.22328095056169694
UGC02953,16.5,21.64,292.00,1.21,33.56,29.62,7.5,6.57,0.00,,,,,,,,,0.42592263193563856,0.5467697930158631,0.027307575048498248,UGC02953,0.42592263193563856,0.5467697930158631,0.23288162930422077
UGC02953,16.5,22.84,290.00,1.21,34.91,22.49,5.43,4.66,0.00,,,,,,,,,0.28837063270089264,0.6948192099501418,0.016810157348965626,UGC02953,0.28837063270089264,0.6948192099501418,0.20036545518605675
UGC02953,16.5,24.04,287.00,0.81,34.6,15.84,3.53,3.32,0.00,,,,,,,,,0.17179119995426304,0.8196770137344307,0.008531786311306229,UGC02953,0.17179119995426304,0.8196770137344307,0.1408132977643648
UGC02953,16.5,25.24,283.00,1.08,32.72,9.67,1.76,2.37,0.00,,,,,,,,,0.08011352591134599,0.9172326127143571,0.0026538613742968353,UGC02953,0.08011352591134599,0.9172326127143571,0.07348273868542322
UGC02953,16.5,26.44,279.00,1.87,31.05,3.93,0.11,1.69,0.00,,,,,,,,,0.015767189231486192,0.9842204582774196,1.2352491094211224e-05,UGC02953,0.015767189231486192,0.9842204582774196,0.015518390211160134
UGC02953,16.5,27.65,276.00,1.55,30.52,98.57,8.56,1.20,0.00,,,,,,,,,0.906280777527482,0.08688450156872317,0.006834720903794683,UGC02953,0.906280777527482,0.08688450156872317,0.07874175363679016
UGC02953,16.5,28.85,273.00,1.90,30.21,93.62,7.12,0.86,0.00,,,,,,,,,0.9009730415559742,0.09381579721446336,0.005211161229562423,UGC02953,0.9009730415559742,0.09381579721446336,0.08452550416231355
UGC02953,16.5,30.05,271.00,1.12,30.0,89.02,5.76,0.61,0.00,,,,,,,,,0.8946483176630422,0.10160607595302548,0.0037456063839323315,UGC02953,0.8946483176630422,0.10160607595302548,0.09090170491571753
UGC02953,16.5,31.25,270.00,1.41,30.73,84.73,4.49,0.43,0.00,,,,,,,,,0.8815652542916821,0.11595918982874776,0.002475555879570158,UGC02953,0.8815652542916821,0.11595918982874776,0.10222559266883745
UGC02953,16.5,32.34,268.00,1.76,31.88,81.07,3.39,0.32,0.00,,,,,,,,,0.8647627210091604,0.13372519467126756,0.0015120843195720562,UGC02953,0.8647627210091604,0.13372519467126756,0.11564056321140502
UGC02953,16.5,33.55,267.00,1.81,33.03,77.28,2.24,0.23,0.00,,,,,,,,,0.8449394498333798,0.15435066615079723,0.0007098840158230455,UGC02953,0.8449394498333798,0.15435066615079723,0.13041696693887028
UGC02953,16.5,34.75,266.00,2.18,33.45,73.75,1.15,0.16,0.00,,,,,,,,,0.8292154445128377,0.17058293297862,0.00020162250854227685,UGC02953,0.8292154445128377,0.17058293297862,0.14145000259617
UGC02953,16.5,35.95,265.00,3.01,33.24,70.44,0.13,0.12,0.00,,,,,,,,,0.817872480134655,0.18212473417008482,2.785695260334019e-06,UGC02953,0.817872480134655,0.18212473417008482,0.14895480802955202
UGC02953,16.5,37.15,264.00,2.04,32.93,67.32,9.15,0.08,0.00,,,,,,,,,0.7950721057061241,0.1902399677984021,0.014687926495473813,UGC02953,0.7950721057061241,0.1902399677984021,0.1512544917869408
UGC02953,16.5,38.35,264.00,1.58,32.82,64.38,8.21,0.06,0.00,,,,,,,,,0.7836107519558817,0.20364586445921837,0.012743383584899967,UGC02953,0.7836107519558817,0.20364586445921837,0.15957908898159368
UGC02953,16.5,39.56,264.00,3.23,33.03,61.57,7.32,0.04,0.00,,,,,,,,,0.7680924017899804,0.2210509110435443,0.010856687166475242,UGC02953,0.7680924017899804,0.2210509110435443,0.16978752518129925
UGC02953,16.5,40.76,264.00,2.94,33.76,58.94,6.47,0.03,0.00,,,,,,,,,0.7461942023645426,0.24481413158794801,0.008991666047509473,UGC02953,0.7461942023645426,0.24481413158794801,0.18267888564783705
UGC02953,16.5,41.96,264.00,1.62,34.29,56.44,5.65,0.02,0.00,,,,,,,,,0.7250918362427463,0.26764182064819175,0.007266343109062047,UGC02953,0.7250918362427463,0.26764182064819175,0.19406489918914913
UGC02953,16.5,43.16,264.00,2.15,34.29,54.06,4.87,0.02,0.00,,,,,,,,,0.7089957153371444,0.2852505550333446,0.005753729629510845,UGC02953,0.7089957153371444,0.2852505550333446,0.20224142131618367
UGC02953,16.5,44.36,262.00,4.45,34.08,51.79,4.13,0.01,0.00,,,,,,,,,0.6947442067223225,0.3008377169427551,0.004418076334922455,UGC02953,0.6947442067223225,0.3008377169427551,0.20900526100954897
UGC02953,16.5,45.57,260.00,7.43,34.39,49.61,3.4,0.01,0.00,,,,,,,,,0.6732950533626533,0.32354248836551847,0.00316245827182817,UGC02953,0.6732950533626533,0.32354248836551847,0.2178395569691474
UGC02953,16.5,46.77,258.00,7.22,34.81,47.54,2.71,0.01,0.00,,,,,,,,,0.649602179486273,0.3482869203173045,0.0021109001964225676,UGC02953,0.649602179486273,0.3482869203173045,0.2262479425246829
UGC02953,16.5,47.97,257.00,5.37,34.81,45.56,2.05,0.00,0.00,,,,,,,,,0.6305993081529088,0.3681239773752525,0.0012767144718387926,UGC02953,0.6305993081529088,0.3681239773752525,0.23213872544733125
UGC02953,16.5,49.17,258.00,5.43,34.6,43.67,1.41,0.00,0.00,,,,,,,,,0.6139522448045324,0.3854077162026993,0.0006400389927683738,UGC02953,0.6139522448045324,0.3854077162026993,0.2366219325276354
UGC02953,16.5,50.37,260.00,6.47,34.6,41.84,0.79,0.00,0.00,,,,,,,,,0.5937469782029032,0.4060413454934095,0.0002116763036874243,UGC02953,0.5937469782029032,0.4060413454934095,0.2410858219121529
UGC02953,16.5,51.58,263.00,5.75,34.6,40.1,0.2,0.00,0.00,,,,,,,,,0.5732226820808425,0.42676305873713555,1.4259182022023309e-05,UGC02953,0.5732226820808425,0.42676305873713555,0.24463026514232494
UGC02953,16.5,52.78,265.00,5.54,34.18,38.41,9.62,0.00,0.00,,,,,,,,,0.539199550433166,0.42697753324394494,0.03382291632288919,UGC02953,0.539199550433166,0.42697753324394494,0.2302260939701973
UGC02953,16.5,53.98,266.00,4.43,33.56,36.79,9.07,0.00,0.00,,,,,,,,,0.5282910206098836,0.4395998723830744,0.03210910700704196,UGC02953,0.5282910206098836,0.4395998723830744,0.232236665241229
UGC02953,16.5,55.18,266.00,4.71,33.14,35.22,8.53,0.00,0.00,,,,,,,,,0.5143953546321912,0.45543179097188446,0.030172854395924407,UGC02953,0.5143953546321912,0.45543179097188446,0.2342719976277565
UGC02953,16.5,57.59,262.00,5.28,32.72,32.24,7.5,0.00,0.00,,,,,,,,,0.4798199297777836,0.49421372998514485,0.02596634023707153,UGC02953,0.4798199297777836,0.49421372998514485,0.2371335972166887
UGC02953,16.5,59.99,263.00,4.70,31.36,29.47,6.54,0.00,0.00,,,,,,,,,0.45837332422864785,0.5190523618462237,0.02257431392512839,UGC02953,0.45837332422864785,0.5190523618462237,0.23791975654818456
UGC02953,16.5,62.39,272.00,5.04,30.52,26.87,5.64,0.00,0.00,,,,,,,,,0.4284144047782297,0.5527105961044145,0.018874999117355726,UGC02953,0.4284144047782297,0.5527105961044145,0.23678918104469326
UGC03205,50.0,0.28,107.00,30.20,-1.6,13.69,1.46,8.49,00.33,,,,,,,,,0.9755782823905549,0.013325858359659715,0.011095859249785405,UGC03205,0.9755782823905549,0.013325858359659715,0.013000418009896642
UGC03205,50.0,0.55,121.00,15.60,-2.32,26.0,3.82,3.26,74.79,,,,,,,,,0.9712995355578967,0.007733613343471632,0.020966851098631733,UGC03205,0.9712995355578967,0.007733613343471632,0.007511655048698348
UGC03205,50.0,0.83,134.00,8.69,-3.04,37.95,1.88,7.86,70.98,,,,,,,,,0.9912070274955892,0.006360451995676465,0.002432520508734299,UGC03205,0.9912070274955892,0.006360451995676465,0.006304524716162857
UGC03205,50.0,1.39,157.00,12.50,-4.39,60.02,1.18,8.23,49.89,,,,,,,,,0.9942964035780866,0.005319280921520339,0.0003843155003930511,UGC03205,0.9942964035780866,0.005319280921520339,0.005288941889889203
UGC03205,50.0,1.65,168.00,11.70,-4.98,69.62,3.79,4.98,99.88,,,,,,,,,0.9919845216712219,0.00507569530429418,0.002939783024483961,UGC03205,0.9919845216712219,0.00507569530429418,0.005035011178579129
UGC03205,50.0,3.04,207.00,8.04,-7.06,15.86,6.1,0.23,10.13,,,,,,,,,0.7428961951982497,0.1472079179381039,0.1098958868636464,UGC03205,0.7428961951982497,0.1472079179381039,0.10936020213927355
UGC03205,50.0,3.32,213.00,6.53,-7.33,24.12,9.78,2.95,3.88,,,,,,,,,0.7956958863666734,0.07348529723722179,0.13081881639610493,UGC03205,0.7956958863666734,0.07348529723722179,0.05847194872008965
UGC03205,50.0,3.59,218.00,11.20,-7.54,32.68,4.22,5.55,1.53,,,,,,,,,0.9346602226558371,0.04975449887033775,0.015585278473825235,UGC03205,0.9346602226558371,0.04975449887033775,0.04650355099227948
UGC03205,50.0,3.87,222.00,6.05,-7.69,42.15,8.97,0.84,0.59,,,,,,,,,0.9271497863371081,0.030860817354170546,0.04198939630872142,UGC03205,0.9271497863371081,0.030860817354170546,0.028612600216107738
UGC03205,50.0,4.15,226.00,5.41,-7.79,53.48,4.27,5.20,0.23,,,,,,,,,0.9731486001117241,0.020647680930092727,0.0062037189581832415,UGC03205,0.9731486001117241,0.020647680930092727,0.02009326179267328
UGC03205,50.0,4.43,229.00,5.96,-7.83,64.2,9.95,7.46,0.09,,,,,,,,,0.9625611350936866,0.0143179812830197,0.023120883623293807,UGC03205,0.9625611350936866,0.0143179812830197,0.0137819323160336
UGC03205,50.0,4.70,232.00,7.41,-7.81,72.5,6.18,7.64,0.03,,,,,,,,,0.981478920913759,0.011389562217921088,0.0071315168683199325,UGC03205,0.981478920913759,0.011389562217921088,0.011178615235325309
UGC03205,50.0,4.97,234.00,6.10,-7.72,78.86,2.67,7.56,0.01,,,,,,,,,0.9893841455973151,0.009481695453479749,0.0011341589492052098,UGC03205,0.9893841455973151,0.009481695453479749,0.009381039155055008
UGC03205,50.0,5.25,235.00,3.89,-7.58,84.4,9.35,9.44,0.01,,,,,,,,,0.9800668494812409,0.007905133663121613,0.012028016855637477,UGC03205,0.9800668494812409,0.007905133663121613,0.007747559443943701
UGC03205,50.0,5.52,236.00,9.03,-7.35,90.48,6.43,4.46,0.00,,,,,,,,,0.9884849764147486,0.006522882679345796,0.004992140905905576,UGC03205,0.9884849764147486,0.006522882679345796,0.006447771531449301
UGC03205,50.0,5.80,237.00,10.00,-7.05,96.76,3.55,3.79,0.00,,,,,,,,,0.9933892514629431,0.005273585252597226,0.0013371632844596658,UGC03205,0.9933892514629431,0.005273585252597226,0.005238722906603574
UGC03205,50.0,6.08,237.00,7.36,-6.7,2.21,0.91,1.08,0.00,,,,,,,,,0.0965195189141974,0.8871155799550217,0.016364901130780877,UGC03205,0.0965195189141974,0.8871155799550217,0.0856239689985479
UGC03205,50.0,6.36,237.00,10.20,-6.27,7.12,8.43,6.11,0.00,,,,,,,,,0.31473090949276167,0.24407005057359368,0.4411990399336447,UGC03205,0.31473090949276167,0.24407005057359368,0.07681638899697148
UGC03205,50.0,6.63,236.00,10.40,-5.76,10.37,6.22,1.86,0.00,,,,,,,,,0.5994156170273724,0.18493346540106095,0.21565091757156654,UGC03205,0.5994156170273724,0.18493346540106095,0.11085200727238718
UGC03205,50.0,6.91,236.00,5.83,-5.16,12.88,4.02,9.52,0.00,,,,,,,,,0.7949687656339551,0.12759032472623208,0.07744090963981282,UGC03205,0.7949687656339551,0.12759032472623208,0.10143032295444822
UGC03205,50.0,7.19,235.00,5.43,-4.56,14.54,1.99,8.62,0.00,,,,,,,,,0.8951848556921783,0.08804680450514957,0.016768339802672113,UGC03205,0.8951848556921783,0.08804680450514957,0.07881816598509975
UGC03205,50.0,7.27,234.00,8.36,-4.39,14.82,1.43,3.32,0.00,,,,,,,,,0.9115291426332666,0.0799840132409543,0.008486844125779103,UGC03205,0.9115291426332666,0.0799840132409543,0.07290775901389492
UGC03205,50.0,7.46,234.00,7.88,-3.95,15.36,0.13,1.57,0.00,,,,,,,,,0.9379071274383918,0.06202568883199695,6.718372961132822e-05,UGC03205,0.9379071274383918,0.06202568883199695,0.0581743356398058
UGC03205,50.0,8.02,231.00,8.17,1.42,16.46,6.57,2.56,0.00,,,,,,,,,0.8570722675347954,0.006378733673950036,0.13654899879125468,UGC03205,0.8570722675347954,0.006378733673950036,0.005467035733932913
UGC03205,50.0,8.29,229.00,5.82,3.82,16.57,4.99,9.68,0.00,,,,,,,,,0.8742506942998318,0.046464117705871597,0.07928518799429658,UGC03205,0.8742506942998318,0.046464117705871597,0.04062128716438735
UGC03205,50.0,8.56,228.00,7.21,5.49,16.49,3.48,7.85,0.00,,,,,,,,,0.8655173335760887,0.09593545672319435,0.03854720970071675,UGC03205,0.8655173335760887,0.09593545672319435,0.08303380069846343
UGC03205,50.0,8.84,226.00,18.20,7.01,15.92,1.98,6.56,0.00,,,,,,,,,0.8268864420344209,0.1603229813097193,0.012790576655859951,UGC03205,0.8268864420344209,0.1603229813097193,0.13256889959154475
UGC03205,50.0,9.12,224.00,9.11,8.51,15.26,0.56,6.24,0.00,,,,,,,,,0.761998067416598,0.23697575893819822,0.0010261736452037346,UGC03205,0.761998067416598,0.23697575893819822,0.18057507033548864
UGC03205,50.0,9.69,221.00,5.56,11.96,13.03,7.86,8.11,0.00,,,,,,,,,0.4532299738842894,0.3818494343731656,0.16492059174254495,UGC03205,0.4532299738842894,0.3818494343731656,0.17306560916868052
UGC03205,50.0,12.11,216.00,3.21,24.01,97.34,8.59,3.45,0.00,,,,,,,,,0.9357781609351378,0.056934372934576316,0.007287466130285867,UGC03205,0.9357781609351378,0.056934372934576316,0.05327794279871311
UGC03205,50.0,14.58,220.00,1.89,33.03,80.81,1.62,6.19,0.00,,,,,,,,,0.8565549342227025,0.14310083076798852,0.00034423500930906223,UGC03205,0.8565549342227025,0.14310083076798852,0.12257372268568849
UGC03205,50.0,14.68,220.00,7.66,33.34,80.14,1.38,5.84,0.00,,,,,,,,,0.8522455162367508,0.1475017727194049,0.00025271104384417176,UGC03205,0.8522455162367508,0.1475017727194049,0.1257077244370851
UGC03205,50.0,15.20,221.00,9.52,34.96,76.93,0.15,4.51,0.00,,,,,,,,,0.8288309180557133,0.17116593088193752,3.1510623491603953e-06,UGC03205,0.8288309180557133,0.17116593088193752,0.14186761563273703
UGC03205,50.0,15.50,221.00,13.60,35.77,75.4,9.47,3.84,0.00,,,,,,,,,0.8059102618591708,0.18137685801031983,0.012712880130509275,UGC03205,0.8059102618591708,0.18137685801031983,0.1461734711342905
UGC03205,50.0,15.71,221.00,8.15,36.68,74.35,9.0,3.25,0.00,,,,,,,,,0.7948875960983759,0.1934650091915919,0.011647394710032288,UGC03205,0.7948875960983759,0.1934650091915919,0.15378293608545468
UGC03205,50.0,16.02,221.00,4.11,37.49,72.9,8.33,2.42,0.00,,,,,,,,,0.7827626975921962,0.2070169689094559,0.010220333498347915,UGC03205,0.7827626975921962,0.2070169689094559,0.1620451610309255
UGC03205,50.0,16.32,221.00,5.37,38.3,71.46,7.7,1.67,0.00,,,,,,,,,0.7699010462025817,0.22115992499960346,0.008939028797814759,UGC03205,0.7699010462025817,0.22115992499960346,0.1702712576352792
UGC03205,50.0,16.53,221.00,5.06,39.11,70.51,7.27,1.18,0.00,,,,,,,,,0.7585566639753764,0.23337924501698937,0.008064091007634281,UGC03205,0.7585566639753764,0.23337924501698937,0.17703138154117942
UGC03205,50.0,16.84,221.00,11.40,39.92,69.21,6.64,0.50,0.00,,,,,,,,,0.7452135478021202,0.24792716160742598,0.006859290590453682,UGC03205,0.7452135478021202,0.24792716160742598,0.18475867969797952
UGC03205,50.0,16.94,221.00,2.56,40.33,68.81,6.45,0.27,0.00,,,,,,,,,0.7394767627776514,0.2540258186587307,0.0064974185636179705,UGC03205,0.7394767627776514,0.2540258186587307,0.1878461900437009
UGC03205,50.0,19.40,218.00,1.70,47.22,57.9,2.09,4.85,0.00,,,,,,,,,0.600090593289384,0.3991275048189777,0.000781901891638361,UGC03205,0.600090593289384,0.3991275048189777,0.23951266116493178
UGC03205,50.0,21.77,216.00,1.13,52.28,48.59,8.61,2.49,0.00,,,,,,,,,0.4568193802913002,0.5288370573749072,0.014343562333792656,UGC03205,0.4568193802913002,0.5288370573749072,0.24158301682507985
UGC03205,50.0,24.23,215.00,1.77,54.82,38.99,5.56,0.86,0.00,,,,,,,,,0.3336474871937969,0.6595678077755868,0.0067847050306163925,UGC03205,0.3336474871937969,0.6595678077755868,0.22006314169824578
UGC03205,50.0,26.69,212.00,2.47,55.53,30.82,2.94,0.40,0.00,,,,,,,,,0.23499496016535376,0.7628666447852845,0.002138395049361632,UGC03205,0.23499496016535376,0.7628666447852845,0.17926981680279502
UGC03205,50.0,29.06,208.00,1.44,54.01,24.32,0.73,0.19,0.00,,,,,,,,,0.16855220608824764,0.8312959305462629,0.0001518633654893822,UGC03205,0.16855220608824764,0.8312959305462629,0.14011676300575532
UGC03205,50.0,31.52,209.00,2.88,51.78,18.54,8.71,0.09,0.00,,,,,,,,,0.11085383760731747,0.8646799026085215,0.02446625978416095,UGC03205,0.11085383760731747,0.8646799026085215,0.09585308550607613
UGC03205,50.0,36.34,220.00,4.09,47.22,9.34,5.37,0.02,0.00,,,,,,,,,0.03718798129883913,0.9505190316876425,0.012292987013518497,UGC03205,0.03718798129883913,0.9505190316876425,0.035347883974590724
UGC03205,50.0,40.04,220.00,6.32,42.76,3.66,3.22,0.00,0.00,,,,,,,,,0.007232336181290216,0.987169724610157,0.005597939208552769,UGC03205,0.007232336181290216,0.987169724610157,0.007139543316372337
UGC03546,28.7,0.63,262.00,73.60,-0.79,82.82,,1.83,38.94,,,,,,,,,0.0,0.0,0.0,UGC03546,0.0,0.0,0.0
UGC03546,28.7,0.79,250.00,55.50,-0.85,98.9,,3.29,44.35,,,,,,,,,0.0,0.0,0.0,UGC03546,0.0,0.0,0.0
UGC03546,28.7,0.95,241.00,42.90,-0.88,13.48,,5.88,14.37,,,,,,,,,0.0,0.0,0.0,UGC03546,0.0,0.0,0.0
UGC03546,28.7,1.11,234.00,31.90,-0.87,26.74,,8.78,45.76,,,,,,,,,0.0,0.0,0.0,UGC03546,0.0,0.0,0.0
UGC03546,28.7,1.27,228.00,28.80,-0.8,38.83,,1.19,56.22,,,,,,,,,0.0,0.0,0.0,UGC03546,0.0,0.0,0.0
UGC03546,28.7,1.43,225.00,24.20,-0.68,49.76,,2.14,9.44,,,,,,,,,0.0,0.0,0.0,UGC03546,0.0,0.0,0.0
UGC03546,28.7,1.59,222.00,12.20,-0.44,59.73,,2.07,1.58,,,,,,,,,0.0,0.0,0.0,UGC03546,0.0,0.0,0.0
UGC03546,28.7,1.90,221.00,6.34,0.78,76.94,,6.65,0.05,,,,,,,,,0.0,0.0,0.0,UGC03546,0.0,0.0,0.0
UGC03546,28.7,2.06,221.00,12.20,1.08,85.04,9.17,7.42,0.01,,,,,,,,,0.9883484164240953,0.00015940835447104422,0.011492175221433632,UGC03546,0.9883484164240953,0.00015940835447104422,0.00015755099470622741
UGC03546,28.7,2.22,222.00,16.90,1.32,92.44,0.43,7.47,0.00,,,,,,,,,0.9997745078088591,0.00020385907427177862,2.163311686917577e-05,UGC03546,0.9997745078088591,0.00020385907427177862,0.00020381310564243714
UGC03546,28.7,2.38,222.00,26.00,1.56,99.32,2.52,8.95,0.00,,,,,,,,,0.9991103230240461,0.00024648427694461274,0.0006431926990093148,UGC03546,0.9991103230240461,0.00024648427694461274,0.0002462649855584805
UGC03546,28.7,2.79,221.00,13.10,2.09,11.11,5.57,8.92,0.00,,,,,,,,,0.7771573888510065,0.02750257988189524,0.19534003126709823,UGC03546,0.7771573888510065,0.02750257988189524,0.021373833167679927
UGC03546,28.7,2.86,221.00,11.80,2.18,12.46,3.04,8.56,0.00,,,,,,,,,0.9173154279934013,0.0280799028157896,0.054604669190809085,UGC03546,0.9173154279934013,0.0280799028157896,0.02575812806947915
UGC03546,28.7,3.02,220.00,22.90,2.37,14.79,7.59,3.59,0.00,,,,,,,,,0.7757733028193515,0.01992026785913776,0.20430642932151077,UGC03546,0.7757733028193515,0.01992026785913776,0.015453611990129472
UGC03546,28.7,4.17,205.00,8.45,2.86,11.54,8.15,0.33,0.00,,,,,,,,,0.6409454132067726,0.03936783144353689,0.3196867553496906,UGC03546,0.6409454132067726,0.03936783144353689,0.025232630991632324
UGC03546,28.7,5.56,190.00,13.30,-1.54,94.36,5.62,8.85,0.00,,,,,,,,,0.996200840174193,0.00026534596073989677,0.003533813865067126,UGC03546,0.996200840174193,0.00026534596073989677,0.0002643378690259136
UGC03546,28.7,6.96,190.00,8.87,-5.89,86.95,0.15,4.62,0.00,,,,,,,,,0.9954292927135081,0.00456774481784906,2.9624686427631606e-06,UGC03546,0.9954292927135081,0.00456774481784906,0.004546866993327282
UGC03546,28.7,8.35,198.00,3.19,-6.18,82.36,8.83,3.26,0.00,,,,,,,,,0.9831633963229681,0.005535667234050189,0.011300936442981739,UGC03546,0.9831633963229681,0.005535667234050189,0.005442465398742555
UGC03546,28.7,9.73,204.00,2.56,5.96,81.71,0.08,9.74,0.00,,,,,,,,,0.9947068348888412,0.005292211602469535,9.535086892427432e-07,UGC03546,0.9947068348888412,0.005292211602469535,0.0052641990526544735
UGC03546,28.7,11.14,204.00,1.09,14.87,74.04,2.88,8.48,0.00,,,,,,,,,0.959832266124778,0.03871546342535907,0.0014522704498629382,UGC03546,0.959832266124778,0.03871546342535907,0.03716035099363336
UGC03546,28.7,12.51,201.00,0.57,22.04,66.83,7.08,2.20,0.00,,,,,,,,,0.8928681859946695,0.09711081677912495,0.010020997226205466,UGC03546,0.8928681859946695,0.09711081677912495,0.086707158818038
UGC03546,28.7,13.88,203.00,0.75,28.09,61.75,2.17,6.63,0.00,,,,,,,,,0.8276995658284421,0.1712782756085842,0.0010221585629738696,UGC03546,0.8276995658284421,0.1712782756085842,0.14176695435706937
UGC03546,28.7,15.35,202.00,0.89,32.2,57.11,7.64,0.43,0.00,,,,,,,,,0.7486184291419932,0.23798409722523958,0.0133974736327672,UGC03546,0.7486184291419932,0.23798409722523958,0.17815928102553424
UGC03546,28.7,16.72,198.00,1.58,34.45,51.02,3.97,5.62,0.00,,,,,,,,,0.6840019447111125,0.311856557427234,0.004141497861653386,UGC03546,0.6840019447111125,0.311856557427234,0.2133104917511408
UGC03546,28.7,18.08,195.00,1.50,34.96,44.44,0.75,2.73,0.00,,,,,,,,,0.6176087102211707,0.3822153808684346,0.0001759089103945654,UGC03546,0.6176087102211707,0.3822153808684346,0.2360595484048474
UGC03546,28.7,19.45,194.00,2.16,34.55,37.88,7.86,1.14,0.00,,,,,,,,,0.5333433443237406,0.44369347561577344,0.02296318006048596,UGC03546,0.5333433443237406,0.44369347561577344,0.23664096213954067
UGC03546,28.7,20.92,192.00,6.21,33.63,31.28,5.07,0.00,0.00,,,,,,,,,0.4582591649875262,0.5297017470023467,0.012039088010127017,UGC03546,0.4582591649875262,0.5297017470023467,0.24274068027372928
UGC03546,28.7,22.92,190.00,3.14,31.78,23.21,1.72,0.00,0.00,,,,,,,,,0.3471857256774146,0.6509076353145584,0.001906639008026973,UGC03546,0.3471857256774146,0.6509076353145584,0.22598583971565492
UGC03546,28.7,25.02,191.00,14.60,29.63,16.76,8.65,0.00,0.00,,,,,,,,,0.2276950562433481,0.7116539686476873,0.06065097510896465,UGC03546,0.2276950562433481,0.7116539686476873,0.16204009041703704
UGC03546,28.7,29.23,193.00,18.60,26.35,6.8,3.51,0.00,0.00,,,,,,,,,0.061417278072305015,0.9222188160544552,0.01636390587323973,UGC03546,0.061417278072305015,0.9222188160544552,0.056640169469128386
UGC03580,20.7,0.11,56.20,28.50,-1.03,10.27,4.15,5.22,52.47,,,,,,,,,0.852262874698096,0.008572492875110195,0.13916463242679364,UGC03580,0.852262874698096,0.008572492875110195,0.0073060174210703615
UGC03580,20.7,0.23,64.60,22.70,-1.23,20.21,5.69,9.52,73.90,,,,,,,,,0.9233857922909228,0.0034202730928343363,0.07319393461624282,UGC03580,0.9233857922909228,0.0034202730928343363,0.0031582315796781584
UGC03580,20.7,0.34,70.20,17.20,-1.32,28.3,0.09,2.64,31.65,,,,,,,,,0.9978190734207906,0.0021708348880974736,1.0091691112023378e-05,UGC03580,0.9978190734207906,0.0021708348880974736,0.0021661004565909467
UGC03580,20.7,0.46,71.60,11.70,-1.38,36.17,7.29,5.66,79.38,,,,,,,,,0.9596216552359709,0.0013968867411213264,0.03898145802290795,UGC03580,0.9596216552359709,0.0013968867411213264,0.0013404827666920283
UGC03580,20.7,0.57,71.00,11.30,-1.41,42.64,8.4,6.11,77.25,,,,,,,,,0.9616293326074009,0.0010515054680029705,0.037319161924596146,UGC03580,0.9616293326074009,0.0010515054680029705,0.0010111585014287293
UGC03580,20.7,0.69,69.00,9.37,-1.36,48.95,9.3,6.49,01.37,,,,,,,,,0.9644428823678363,0.0007444729744355887,0.03481264465772819,UGC03580,0.9644428823678363,0.0007444729744355887,0.0007180016613096156
UGC03580,20.7,0.80,67.70,6.23,-1.23,54.16,0.36,3.14,59.37,,,,,,,,,0.9994403648909498,0.0005154775990757724,4.4157509974367176e-05,UGC03580,0.9994403648909498,0.0005154775990757724,0.0005151891197134006
UGC03580,20.7,0.92,66.90,4.00,-0.91,59.24,0.84,9.72,48.84,,,,,,,,,0.9995631618491757,0.00023586468846421727,0.00020097346236004306,UGC03580,0.9995631618491757,0.00023586468846421727,0.00023576165376986382
UGC03580,20.7,1.03,66.60,3.10,0.49,63.4,1.52,1.59,33.68,,,,,,,,,0.9993658801765889,5.969502826936256e-05,0.0005744247951417546,UGC03580,0.9993658801765889,5.969502826936256e-05,5.965717446857787e-05
UGC03580,20.7,1.14,66.80,3.02,1.27,67.15,0.91,5.66,59.27,,,,,,,,,0.9994589458842816,0.0003575035572479474,0.0001835505584704726,UGC03580,0.9994589458842816,0.0003575035572479474,0.00035731012847691444
UGC03580,20.7,1.26,67.40,3.09,1.89,70.78,9.65,9.67,96.37,,,,,,,,,0.9810644192317128,0.0006995198083698373,0.018236060959917186,UGC03580,0.9810644192317128,0.0006995198083698373,0.0006862739945394335
UGC03580,20.7,1.37,68.30,2.71,2.47,73.73,7.83,7.80,50.26,,,,,,,,,0.9877515177687919,0.0011085445327589907,0.011139937698449029,UGC03580,0.9877515177687919,0.0011085445327589907,0.0010949665447469892
UGC03580,20.7,1.49,69.60,2.75,2.98,76.63,5.14,9.14,24.69,,,,,,,,,0.9940245014737221,0.001503252609426571,0.004472245916851293,UGC03580,0.9940245014737221,0.001503252609426571,0.001494269925674319
UGC03580,20.7,1.61,71.20,2.61,3.52,79.45,2.26,1.75,12.13,,,,,,,,,0.9972356158776251,0.001957470855519064,0.0008069132668557244,UGC03580,0.9972356158776251,0.001957470855519064,0.0019520596541660552
UGC03580,20.7,1.71,72.90,4.09,4.06,81.6,9.85,5.51,6.74,,,,,,,,,0.9832390738182547,0.0024340577538072166,0.014326868427938115,UGC03580,0.9832390738182547,0.0024340577538072166,0.002393260691473549
UGC03580,20.7,1.83,74.90,6.17,4.62,83.69,7.09,3.40,3.33,,,,,,,,,0.9898789911047621,0.0030166083053030793,0.007104400589934864,UGC03580,0.9898789911047621,0.0030166083053030793,0.0029860771858116583
UGC03580,20.7,1.94,77.00,7.74,5.19,85.04,4.69,7.21,1.73,,,,,,,,,0.9932792213883715,0.003699640824665228,0.0030211377869631766,UGC03580,0.9932792213883715,0.003699640824665228,0.003674776357740111
UGC03580,20.7,2.06,79.20,5.36,5.77,86.25,2.25,4.41,0.85,,,,,,,,,0.9948705020218276,0.004452459451276623,0.0006770385268957616,UGC03580,0.9948705020218276,0.004452459451276623,0.0044296205695234046
UGC03580,20.7,2.18,81.40,6.34,6.34,87.49,9.96,6.81,0.42,,,,,,,,,0.9821145705884525,0.005157317122975177,0.012728112288572242,UGC03580,0.9821145705884525,0.005157317122975177,0.005065076291619239
UGC03580,20.7,2.29,83.60,2.03,6.95,88.91,8.04,0.69,0.22,,,,,,,,,0.9859135626015895,0.006024308861080168,0.008062128537330359,UGC03580,0.9859135626015895,0.006024308861080168,0.005939447811439872
UGC03580,20.7,2.40,85.70,1.94,7.56,90.4,6.26,1.91,0.11,,,,,,,,,0.9883484082943593,0.006912207982747828,0.0047393837228928495,UGC03580,0.9883484082943593,0.006912207982747828,0.00683166975754838
UGC03580,20.7,2.52,87.80,1.70,8.2,91.9,4.41,0.79,0.06,,,,,,,,,0.9898400057072549,0.007880643551354587,0.0022793507413905287,UGC03580,0.9898400057072549,0.007880643551354587,0.007800576257849666
UGC03580,20.7,2.63,89.70,2.16,8.89,92.95,2.86,8.91,0.03,,,,,,,,,0.9900065821662369,0.009056133495617501,0.0009372843381455496,UGC03580,0.9900065821662369,0.009056133495617501,0.008965631769637458
UGC03580,20.7,2.75,91.40,1.88,9.58,93.65,1.23,6.05,0.01,,,,,,,,,0.9894750241656567,0.010354289207476346,0.00017068662686693924,UGC03580,0.9894750241656567,0.010354289207476346,0.010245310563785855
UGC03580,20.7,2.86,92.80,3.36,10.31,93.97,9.85,6.65,0.01,,,,,,,,,0.9774932683852688,0.011766645030964407,0.010740086583766892,UGC03580,0.9774932683852688,0.011766645030964407,0.011501816309246682
UGC03580,20.7,2.98,94.10,1.40,11.11,94.1,8.43,7.70,0.00,,,,,,,,,0.9785069729648912,0.01363995055090959,0.007853076484199287,UGC03580,0.9785069729648912,0.01363995055090959,0.013346786724961344
UGC03580,20.7,3.09,95.20,5.51,11.94,93.98,7.21,0.44,0.00,,,,,,,,,0.9784477382381448,0.015793391671617946,0.005758870090237301,UGC03580,0.9784477382381448,0.015793391671617946,0.015453008360203732
UGC03580,20.7,3.20,96.10,6.23,12.77,93.74,6.06,4.18,0.00,,,,,,,,,0.9777682370663148,0.018145453267242345,0.0040863096664430516,UGC03580,0.9777682370663148,0.018145453267242345,0.01774204785188075
UGC03580,20.7,4.52,97.40,2.30,19.31,88.08,5.57,8.91,0.00,,,,,,,,,0.9505143808479783,0.045684473857433294,0.0038011452945884237,UGC03580,0.9505143808479783,0.045684473857433294,0.04342374938296386
UGC03580,20.7,4.69,96.90,11.70,19.73,87.36,4.55,6.51,0.00,,,,,,,,,0.949019099710324,0.04840652122145132,0.00257437906822462,UGC03580,0.949019099710324,0.04840652122145132,0.04593871318969042
UGC03580,20.7,6.03,96.80,2.30,22.95,81.5,8.11,4.16,0.00,,,,,,,,,0.9181068205415863,0.07280201101227819,0.00909116844613546,UGC03580,0.9181068205415863,0.07280201101227819,0.06684002285951629
UGC03580,20.7,7.53,105.00,1.02,26.37,76.78,3.05,8.19,0.00,,,,,,,,,0.8932279317107888,0.10536256608826647,0.0014095022009446942,UGC03580,0.8932279317107888,0.10536256608826647,0.09411278698676356
UGC03580,20.7,8.58,110.00,7.12,28.87,73.0,0.33,5.41,0.00,,,,,,,,,0.8647344106754669,0.13524791817097298,1.767115356024739e-05,UGC03580,0.8647344106754669,0.13524791817097298,0.11695352881466009
UGC03580,20.7,8.70,110.00,5.26,29.07,72.69,0.05,5.18,0.00,,,,,,,,,0.8621176854881138,0.13788190660858016,4.079033060318213e-07,UGC03580,0.8621176854881138,0.13788190660858016,0.11887043019607739
UGC03580,20.7,8.82,110.00,5.16,29.38,72.31,9.78,4.95,0.00,,,,,,,,,0.8450388487795263,0.1395029960797689,0.015458155140704774,UGC03580,0.8450388487795263,0.1395029960797689,0.11788545120854269
UGC03580,20.7,9.03,111.00,0.82,29.9,71.64,9.31,4.58,0.00,,,,,,,,,0.8395730413258473,0.1462479230859694,0.014179035588183347,UGC03580,0.8395730413258473,0.1462479230859694,0.12278581357287592
UGC03580,20.7,9.05,111.00,7.81,29.9,71.58,9.27,4.54,0.00,,,,,,,,,0.8394494084865074,0.14647163045824152,0.014078961055251084,UGC03580,0.8394494084865074,0.14647163045824152,0.12295552354822514
UGC03580,20.7,10.53,112.00,1.43,33.33,67.3,6.41,2.67,0.00,,,,,,,,,0.7972323779185171,0.19553541489952855,0.007232207181954308,UGC03580,0.7972323779185171,0.19553541489952855,0.15588716378763498
UGC03580,20.7,12.07,112.00,1.21,36.03,63.57,4.0,1.50,0.00,,,,,,,,,0.7546058154139396,0.2424064933882954,0.0029876911977650277,UGC03580,0.7546058154139396,0.2424064933882954,0.18292134960490838
UGC03580,20.7,13.58,114.00,1.35,37.9,59.74,2.06,0.69,0.00,,,,,,,,,0.7124169072285792,0.286735985866274,0.0008471069051469431,UGC03580,0.7124169072285792,0.286735985866274,0.20427556424198853
UGC03580,20.7,15.09,118.00,1.36,39.04,56.25,0.41,0.37,0.00,,,,,,,,,0.6748773055061861,0.32508683967898144,3.585481483238396e-05,UGC03580,0.6748773055061861,0.32508683967898144,0.2193937304180725
UGC03580,20.7,16.60,122.00,1.44,39.66,53.26,9.0,0.20,0.00,,,,,,,,,0.6316891907420019,0.35027290239630693,0.01803790686169103,UGC03580,0.6316891907420019,0.35027290239630693,0.22126360625357536
UGC03580,20.7,18.11,125.00,1.64,40.08,50.67,7.76,0.11,0.00,,,,,,,,,0.6063780574018932,0.37939979729682966,0.014222145301277168,UGC03580,0.6063780574018932,0.37939979729682966,0.23005971206352363
UGC03580,20.7,19.62,128.00,1.97,40.18,48.42,6.67,0.06,0.00,,,,,,,,,0.5856237284458228,0.40326354154851246,0.01111273000566491,UGC03580,0.5856237284458228,0.40326354154851246,0.23616069874790682
UGC03580,20.7,21.02,131.00,1.81,39.87,46.57,5.77,0.03,0.00,,,,,,,,,0.5719807398034437,0.4192387337447487,0.008780526451807692,UGC03580,0.5719807398034437,0.4192387337447487,0.2397964810815803
UGC03580,20.7,24.04,127.00,1.93,37.17,43.23,4.09,0.01,0.00,,,,,,,,,0.572003586345479,0.4228763554659341,0.005120058188587009,UGC03580,0.572003586345479,0.4228763554659341,0.2418867919072199
UGC03580,20.7,27.06,124.00,1.92,34.89,40.56,2.71,0.00,0.00,,,,,,,,,0.5732562939368866,0.4241845809374676,0.0025591251256459665,UGC03580,0.5732562939368866,0.4241845809374676,0.243166480813384
UGC04278,9.51,0.14,5.23,5.31,-0.97,4.32,0.0,9.35,0.00,,,,,,,,,0.9520029790902552,0.04799702090974478,0.0,UGC04278,0.9520029790902552,0.04799702090974478,0.045693306893534305
UGC04278,9.51,0.42,15.40,7.78,0.23,11.34,0.0,6.89,0.00,,,,,,,,,0.9995888020458847,0.00041119795411528317,0.0,UGC04278,0.9995888020458847,0.00041119795411528317,0.0004110288703578146
UGC04278,9.51,0.69,24.40,4.00,3.77,17.59,0.0,3.43,0.00,,,,,,,,,0.9560816510671434,0.04391834893285664,0.0,UGC04278,0.9560816510671434,0.04391834893285664,0.04198952755986849
UGC04278,9.51,0.97,32.10,4.00,5.25,23.49,0.0,2.56,0.00,,,,,,,,,0.9524245239345424,0.047575476065457645,0.0,UGC04278,0.9524245239345424,0.047575476065457645,0.045312050142602714
UGC04278,9.51,1.25,34.60,4.00,5.18,27.96,0.0,0.76,0.00,,,,,,,,,0.9668159793419194,0.033184020658080564,0.0,UGC04278,0.9668159793419194,0.033184020658080564,0.032082841431044645
UGC04278,9.51,1.52,37.90,4.00,-5.25,30.3,0.0,6.46,0.00,,,,,,,,,0.9708534583263937,0.029146541673606318,0.0,UGC04278,0.9708534583263937,0.029146541673606318,0.02829702078207505
UGC04278,9.51,1.80,40.50,4.00,-9.36,30.65,0.0,1.33,0.00,,,,,,,,,0.9146963371446715,0.08530366285532846,0.0,UGC04278,0.9146963371446715,0.08530366285532846,0.0780269479587929
UGC04278,9.51,2.07,43.00,4.00,-9.36,30.82,0.0,7.73,0.00,,,,,,,,,0.9155555469878032,0.08444445301219683,0.0,UGC04278,0.9155555469878032,0.08444445301219683,0.0773135873676677
UGC04278,9.51,2.35,45.10,4.00,-7.81,31.07,0.0,5.71,0.00,,,,,,,,,0.9405693624243794,0.05943063757562056,0.0,UGC04278,0.9405693624243794,0.05943063757562056,0.05589863689297579
UGC04278,9.51,2.63,45.60,4.00,-5.6,31.29,0.0,4.32,0.00,,,,,,,,,0.9689635272951229,0.03103647270487709,0.0,UGC04278,0.9689635272951229,0.03103647270487709,0.03007321006691651
UGC04278,9.51,2.91,49.20,13.00,-4.88,31.96,0.0,3.15,0.00,,,,,,,,,0.9772166818463611,0.022783318153638914,0.0,UGC04278,0.9772166818463611,0.022783318153638914,0.022264238567548982
UGC04278,9.51,3.19,50.30,4.00,-6.06,32.66,0.0,1.82,0.00,,,,,,,,,0.9667177572722546,0.03328224272774532,0.0,UGC04278,0.9667177572722546,0.03328224272774532,0.03217453504675676
UGC04278,9.51,3.46,53.70,4.19,-7.65,33.34,0.0,0.46,0.00,,,,,,,,,0.9499841078984386,0.050015892101561425,0.0,UGC04278,0.9499841078984386,0.050015892101561425,0.047514302638846394
UGC04278,9.51,3.74,58.00,7.53,-8.9,33.79,0.0,9.02,0.00,,,,,,,,,0.9351255690026512,0.06487443099734877,0.0,UGC04278,0.9351255690026512,0.06487443099734877,0.060665739200119
UGC04278,9.51,4.01,64.40,4.00,-9.52,33.93,0.0,7.85,0.00,,,,,,,,,0.9270213362001805,0.07297866379981952,0.0,UGC04278,0.9270213362001805,0.07297866379981952,0.06765277842981243
UGC04278,9.51,4.29,67.50,4.00,-10.37,34.12,0.0,7.26,0.00,,,,,,,,,0.915439219577588,0.0845607804224119,0.0,UGC04278,0.915439219577588,0.0845607804224119,0.07741025483676453
UGC04278,9.51,4.57,71.30,4.00,-8.76,34.51,0.0,6.60,0.00,,,,,,,,,0.9394660014923352,0.06053399850766485,0.0,UGC04278,0.9394660014923352,0.06053399850766485,0.056869633532338884
UGC04278,9.51,4.85,75.60,4.00,1.41,34.99,0.0,5.83,0.00,,,,,,,,,0.9983787661008235,0.0016212338991763921,0.0,UGC04278,0.9983787661008235,0.0016212338991763921,0.0016186054998205534
UGC04278,9.51,5.13,80.00,4.00,9.52,35.27,0.0,4.74,0.00,,,,,,,,,0.9320918807858485,0.06790811921415149,0.0,UGC04278,0.9320918807858485,0.06790811921415149,0.06329660655894807
UGC04278,9.51,5.40,82.80,4.00,17.13,35.21,0.0,4.00,0.00,,,,,,,,,0.8086090944252505,0.19139090557474947,0.0,UGC04278,0.8086090944252505,0.19139090557474947,0.1547604268380268
UGC04278,9.51,5.68,84.80,15.70,23.98,35.26,0.0,3.57,0.00,,,,,,,,,0.6837497277688928,0.31625027223110713,0.0,UGC04278,0.6837497277688928,0.31625027223110713,0.21623603754485773
UGC04278,9.51,5.86,86.30,16.80,27.31,35.38,0.0,3.09,0.00,,,,,,,,,0.6266302659642504,0.3733697340357497,0.0,UGC04278,0.6266302659642504,0.3733697340357497,0.23396477574182328
UGC04278,9.51,6.36,90.20,8.07,36.83,34.91,0.0,1.48,0.00,,,,,,,,,0.4732558442067804,0.5267441557932196,0.0,UGC04278,0.4732558442067804,0.5267441557932196,0.24928475013090803
UGC04278,9.51,6.51,91.30,4.00,39.02,34.54,0.0,1.14,0.00,,,,,,,,,0.43932239690201547,0.5606776030979846,0.0,UGC04278,0.43932239690201547,0.5606776030979846,0.24631822848228352
UGC04278,9.51,6.69,92.80,8.75,38.64,34.02,0.0,0.79,0.00,,,,,,,,,0.43667221297836945,0.5633277870216306,0.0,UGC04278,0.43667221297836945,0.5633277870216306,0.245989591390943
UGC04305,3.45,0.25,3.17,3.22,-1.04,6.45,0.0,3.77,0.00,,,,,,,,,0.9746603536211376,0.02533964637886239,0.0,UGC04305,0.9746603536211376,0.02533964637886239,0.024697548700256595
UGC04305,3.45,0.50,10.50,3.32,-3.35,13.17,0.0,8.74,0.00,,,,,,,,,0.93922989699542,0.06077010300458002,0.0,UGC04305,0.93922989699542,0.06077010300458002,0.05707709758539276
UGC04305,3.45,0.75,17.50,4.47,4.05,18.27,0.0,3.03,0.00,,,,,,,,,0.9531618633482908,0.04683813665170931,0.0,UGC04305,0.9531618633482908,0.04683813665170931,0.044644325606705115
UGC04305,3.45,1.00,22.70,4.96,4.85,24.79,0.0,3.05,0.00,,,,,,,,,0.9631347260615114,0.03686527393848855,0.0,UGC04305,0.9631347260615114,0.03686527393848855,0.03550622551592874
UGC04305,3.45,1.26,29.70,5.29,6.16,29.98,0.0,3.12,0.00,,,,,,,,,0.9594921141910401,0.04050788580895995,0.0,UGC04305,0.9594921141910401,0.04050788580895995,0.03886699699624821
UGC04305,3.45,1.50,34.50,4.70,7.83,30.56,0.0,3.92,0.00,,,,,,,,,0.9383967906674135,0.06160320933258644,0.0,UGC04305,0.9383967906674135,0.06160320933258644,0.057808253932511974
UGC04305,3.45,1.76,36.00,3.51,8.37,30.97,0.0,7.24,0.00,,,,,,,,,0.9319305773875537,0.0680694226124463,0.0,UGC04305,0.9319305773875537,0.0680694226124463,0.06343597631765449
UGC04305,3.45,2.01,37.30,3.45,8.4,29.96,0.0,3.58,0.00,,,,,,,,,0.9271196048263016,0.07288039517369826,0.0,UGC04305,0.9271196048263016,0.07288039517369826,0.06756884317302383
UGC04305,3.45,2.26,35.60,3.57,10.27,30.04,0.0,4.97,0.00,,,,,,,,,0.8953511573117486,0.10464884268825136,0.0,UGC04305,0.8953511573117486,0.10464884268825136,0.09369746241226098
UGC04305,3.45,2.51,34.90,3.88,11.89,31.48,0.0,3.82,0.00,,,,,,,,,0.875152965591849,0.12484703440815112,0.0,UGC04305,0.875152965591849,0.12484703440815112,0.10926025240764106
UGC04305,3.45,2.76,32.70,3.27,15.11,33.07,0.0,1.76,0.00,,,,,,,,,0.8272897271201276,0.1727102728798725,0.0,UGC04305,0.8272897271201276,0.1727102728798725,0.1428814345216325
UGC04305,3.45,3.01,32.80,3.21,17.63,34.11,0.0,8.80,0.00,,,,,,,,,0.7891779131783093,0.21082208682169068,0.0,UGC04305,0.7891779131783093,0.21082208682169068,0.1663761345298382
UGC04305,3.45,3.27,33.20,3.21,19.74,33.92,0.0,5.53,0.00,,,,,,,,,0.7470075326216666,0.25299246737833336,0.0,UGC04305,0.7470075326216666,0.25299246737833336,0.1889872788281563
UGC04305,3.45,3.51,32.10,3.23,22.06,33.27,0.0,4.03,0.00,,,,,,,,,0.6946140863419195,0.30538591365808054,0.0,UGC04305,0.6946140863419195,0.30538591365808054,0.21212535739729993
UGC04305,3.45,3.76,30.10,3.16,23.37,32.39,0.0,2.74,0.00,,,,,,,,,0.6576396206533193,0.34236037934668073,0.0,UGC04305,0.6576396206533193,0.34236037934668073,0.2251497500002776
UGC04305,3.45,4.02,32.30,3.16,24.68,31.18,0.0,1.92,0.00,,,,,,,,,0.6148078144568615,0.3851921855431384,0.0,UGC04305,0.6148078144568615,0.3851921855431384,0.2368191657396388
UGC04305,3.45,4.26,33.60,3.12,25.38,30.16,0.0,1.67,0.00,,,,,,,,,0.5854313057917194,0.41456869420828046,0.0,UGC04305,0.5854313057917194,0.41456869420828046,0.24270149199072166
UGC04305,3.45,4.52,35.10,3.12,25.99,29.51,0.0,1.74,0.00,,,,,,,,,0.5631693228866829,0.436830677113317,0.0,UGC04305,0.5631693228866829,0.436830677113317,0.24600963664603795
UGC04305,3.45,4.77,35.30,3.12,26.59,29.25,0.0,1.45,0.00,,,,,,,,,0.547528252121829,0.452471747878171,0.0,UGC04305,0.547528252121829,0.452471747878171,0.24774106525024386
UGC04305,3.45,5.02,35.20,3.13,26.9,29.1,0.0,1.14,0.00,,,,,,,,,0.5392251754307765,0.4607748245692234,0.0,UGC04305,0.5392251754307765,0.4607748245692234,0.24846138561242478
UGC04305,3.45,5.27,34.60,3.11,27.2,28.04,0.0,0.00,0.00,,,,,,,,,0.5152028567803976,0.4847971432196024,0.0,UGC04305,0.5152028567803976,0.4847971432196024,0.2497688731457147
UGC04305,3.45,5.52,33.00,3.11,27.3,26.8,0.0,0.00,0.00,,,,,,,,,0.4907586451934705,0.5092413548065294,0.0,UGC04305,0.4907586451934705,0.5092413548065294,0.2499145973613398
UGC04325,9.6,0.70,41.30,3.05,2.87,20.97,0.0,7.42,0.00,,,,,,,,,0.9816131513659829,0.018386848634017135,0.0,UGC04325,0.9816131513659829,0.018386848634017135,0.018048772431326878
UGC04325,9.6,1.40,68.70,3.07,6.75,32.22,0.0,1.10,0.00,,,,,,,,,0.9579561847386556,0.04204381526134436,0.0,UGC04325,0.9579561847386556,0.04204381526134436,0.04027613285961431
UGC04325,9.6,2.09,83.80,3.05,14.14,40.91,0.0,2.17,0.00,,,,,,,,,0.8932840270463672,0.10671597295363282,0.0,UGC04325,0.8932840270463672,0.10671597295363282,0.09532767407019233
UGC04325,9.6,2.79,88.70,3.05,20.18,46.75,0.0,9.93,0.00,,,,,,,,,0.8429369017965903,0.15706309820340977,0.0,UGC04325,0.8429369017965903,0.15706309820340977,0.13239428138615583
UGC04325,9.6,3.49,90.10,3.05,24.08,50.1,0.0,7.39,0.00,,,,,,,,,0.8123387222784852,0.18766127772151478,0.0,UGC04325,0.8123387222784852,0.18766127772151478,0.15244452256544327
UGC04325,9.6,4.19,91.60,3.05,26.71,49.34,0.0,9.83,0.00,,,,,,,,,0.773362167316415,0.22663783268358498,0.0,UGC04325,0.773362167316415,0.22663783268358498,0.17527312548007232
UGC04325,9.6,4.89,92.70,3.05,28.08,47.94,0.0,4.64,0.00,,,,,,,,,0.7445560836224743,0.2554439163775257,0.0,UGC04325,0.7445560836224743,0.2554439163775257,0.19019232196323738
UGC04325,9.6,5.59,91.50,3.05,29.25,45.47,0.0,1.75,0.00,,,,,,,,,0.7073082143328514,0.2926917856671486,0.0,UGC04325,0.7073082143328514,0.2926917856671486,0.20702330427012455
UGC04483,3.34,0.08,5.11,2.79,1.47,3.91,0.0,1.70,0.00,,,,,,,,,0.876159092211588,0.12384090778841192,0.0,UGC04483,0.876159092211588,0.12384090778841192,0.10850433734655397
UGC04483,3.34,0.24,10.80,1.94,4.46,8.92,0.0,9.51,0.00,,,,,,,,,0.8,0.2,0.0,UGC04483,0.8,0.2,0.16000000000000003
UGC04483,3.34,0.40,17.30,1.56,7.28,9.95,0.0,6.19,0.00,,,,,,,,,0.651328380292485,0.3486716197075149,0.0,UGC04483,0.651328380292485,0.3486716197075149,0.22709972131805298
UGC04483,3.34,0.57,20.80,1.25,9.38,9.7,0.0,2.73,0.00,,,,,,,,,0.5167667722645248,0.4832332277354752,0.0,UGC04483,0.5167667722645248,0.4832332277354752,0.24971887534782958
UGC04483,3.34,0.73,20.80,1.62,10.63,9.13,0.0,1.13,0.00,,,,,,,,,0.4245239969891084,0.5754760030108915,0.0,UGC04483,0.4245239969891084,0.5754760030108915,0.24430337296949986
UGC04483,3.34,0.89,22.90,1.76,11.34,8.44,0.0,0.46,0.00,,,,,,,,,0.3564724274530449,0.6435275725469551,0.0,UGC04483,0.3564724274530449,0.6435275725469551,0.22939983591877858
UGC04483,3.34,1.05,24.30,2.23,11.95,7.79,0.0,0.19,0.00,,,,,,,,,0.29822160279841525,0.7017783972015847,0.0,UGC04483,0.29822160279841525,0.7017783972015847,0.2092854784227595
UGC04483,3.34,1.21,24.20,1.23,12.36,7.22,0.0,0.00,0.00,,,,,,,,,0.25441146326464875,0.7455885367353512,0.0,UGC04483,0.25441146326464875,0.7455885367353512,0.18968627062418902
UGC04499,12.5,0.91,26.00,4.10,-3.26,30.14,0.0,0.69,0.00,,,,,,,,,0.9884362848828656,0.011563715117134351,0.0,UGC04499,0.9884362848828656,0.011563715117134351,0.01142999560982411
UGC04499,12.5,1.82,45.10,3.02,5.75,35.45,0.0,5.56,0.00,,,,,,,,,0.9743654851852857,0.025634514814714307,0.0,UGC04499,0.9743654851852857,0.025634514814714307,0.0249773864649285
UGC04499,12.5,2.73,57.00,2.97,15.79,36.37,0.0,5.15,0.00,,,,,,,,,0.8414070724463631,0.15859292755363683,0.0,UGC04499,0.8414070724463631,0.15859292755363683,0.13344121088360372
UGC04499,12.5,3.63,62.00,2.85,22.36,38.25,0.0,9.97,0.00,,,,,,,,,0.7453074761232891,0.25469252387671093,0.0,UGC04499,0.7453074761232891,0.25469252387671093,0.18982424215802196
UGC04499,12.5,4.55,66.90,2.75,25.59,37.1,0.0,5.38,0.00,,,,,,,,,0.6776145286509874,0.32238547134901274,0.0,UGC04499,0.6776145286509874,0.32238547134901274,0.21845307921208768
UGC04499,12.5,5.45,70.60,2.86,27.95,35.74,0.0,3.28,0.00,,,,,,,,,0.620508385975158,0.37949161402484205,0.0,UGC04499,0.620508385975158,0.37949161402484205,0.23547772890966237
UGC04499,12.5,6.37,72.80,2.66,28.63,34.29,0.0,2.46,0.00,,,,,,,,,0.5892334229190856,0.41076657708091435,0.0,UGC04499,0.5892334229190856,0.41076657708091435,0.2420373962341436
UGC04499,12.5,7.28,73.30,2.66,31.18,33.63,0.0,1.53,0.00,,,,,,,,,0.5377488631086428,0.4622511368913573,0.0,UGC04499,0.5377488631086428,0.4622511368913573,0.24857502333400497
UGC04499,12.5,8.18,74.30,2.67,32.26,33.14,0.0,0.00,0.00,,,,,,,,,0.513453221723082,0.4865467782769179,0.0,UGC04499,0.513453221723082,0.4865467782769179,0.24981901082526956
UGC05005,53.7,0.78,14.50,8.10,3.09,15.78,0.0,3.49,0.00,,,,,,,,,0.9630715143498616,0.03692848565013837,0.0,UGC05005,0.9630715143498616,0.03692848565013837,0.03556477259772589
UGC05005,53.7,2.34,32.60,26.80,8.01,29.57,0.0,7.34,0.00,,,,,,,,,0.9316387599955249,0.06836124000447501,0.0,UGC05005,0.9316387599955249,0.06836124000447501,0.06368798086952557
UGC05005,53.7,3.91,48.60,11.30,11.69,39.92,0.0,1.36,0.00,,,,,,,,,0.9210200186387903,0.07897998136120964,0.0,UGC05005,0.9210200186387903,0.07897998136120964,0.07274214390539262
UGC05005,53.7,5.47,58.10,6.10,14.84,44.43,0.0,1.76,0.00,,,,,,,,,0.8996351601606105,0.10036483983938933,0.0,UGC05005,0.8996351601606105,0.10036483983938933,0.09029173876340305
UGC05005,53.7,7.04,65.90,8.71,17.28,44.27,0.0,7.46,0.00,,,,,,,,,0.8677850417677084,0.1322149582322916,0.0,UGC05005,0.8677850417677084,0.1322149582322916,0.11473416305192499
UGC05005,53.7,8.60,72.50,12.20,20.43,44.23,0.0,4.27,0.00,,,,,,,,,0.8241610971800807,0.1758389028199194,0.0,UGC05005,0.8241610971800807,0.1758389028199194,0.14491958307500635
UGC05005,53.7,10.17,78.60,28.40,23.88,42.94,0.0,2.88,0.00,,,,,,,,,0.7637815863316237,0.23621841366837637,0.0,UGC05005,0.7637815863316237,0.23621841366837637,0.1804192747123722
UGC05005,53.7,17.97,97.10,10.00,35.26,33.89,0.0,0.23,0.00,,,,,,,,,0.4801957705739323,0.5198042294260677,0.0,UGC05005,0.4801957705739323,0.5198042294260677,0.2496077924968397
UGC05005,53.7,21.07,99.40,10.00,36.58,30.93,0.0,0.09,0.00,,,,,,,,,0.4168908112577983,0.5831091887422015,0.0,UGC05005,0.4168908112577983,0.5831091887422015,0.24309286274661301
UGC05005,53.7,22.72,100.00,10.00,37.09,29.59,0.0,0.05,0.00,,,,,,,,,0.38892769226081203,0.611072307739188,0.0,UGC05005,0.38892769226081203,0.611072307739188,0.23766294245349112
UGC05005,53.7,28.61,99.10,10.00,39.02,25.82,0.0,0.00,0.00,,,,,,,,,0.304523301496305,0.6954766985036951,0.0,UGC05005,0.304523301496305,0.6954766985036951,0.21178886034209557
UGC05253,22.9,0.13,232.00,33.40,-2.47,8.23,9.99,9.02 3,97.80,,,,,,,,,0.3900902991869676,0.03513657183303492,0.5747731289799977,UGC05253,0.3900902991869676,0.03513657183303492,0.01370643581875297
UGC05253,22.9,0.25,233.00,16.90,-2.73,15.54,0.78,7.45 2,00.24,,,,,,,,,0.9676970293673206,0.02986501058493009,0.0024379600477493955,UGC05253,0.9676970293673206,0.02986501058493009,0.028900282025060436
UGC05253,22.9,0.38,234.00,14.60,-2.63,23.07,3.99,4.75 1,06.57,,,,,,,,,0.958856841011786,0.012461493033479685,0.02868166595473405,UGC05253,0.958856841011786,0.012461493033479685,0.01194878784437271
UGC05253,22.9,0.51,235.00,10.60,-2.41,30.21,9.15,2.72,57.54,,,,,,,,,0.9106636796957657,0.005795496533688189,0.0835408237705462,UGC05253,0.9106636796957657,0.005795496533688189,0.005277748199032541
UGC05253,22.9,0.63,236.00,9.12,-2.13,36.51,6.27,2.97,95.51,,,,,,,,,0.9681516213440745,0.0032951782932662925,0.028553200362659178,UGC05253,0.9681516213440745,0.0032951782932662925,0.003190232207243561
UGC05253,22.9,0.76,237.00,10.30,-1.79,43.02,8.6,2.17,42.31,,,,,,,,,0.9599747287765424,0.0016619771568265626,0.038363294066631054,UGC05253,0.9599747287765424,0.0016619771568265626,0.0015954560703573886
UGC05253,22.9,0.89,238.00,9.95,-1.58,49.25,9.31,2.00,41.77,,,,,,,,,0.9645400012327342,0.0009927089733113032,0.034467289793954435,UGC05253,0.9645400012327342,0.0009927089733113032,0.0009575075143414307
UGC05253,22.9,1.01,239.00,3.51,-1.03,54.76,0.44,3.90,69.65,,,,,,,,,0.999581821080691,0.00035364369509359954,6.453522421540284e-05,UGC05253,0.999581821080691,0.00035364369509359954,0.0003534958087553649
UGC05253,22.9,1.14,240.00,3.18,0.66,60.48,0.12,4.86,69.16,,,,,,,,,0.9998769913864449,0.00011907233792139063,3.936275633764979e-06,UGC05253,0.9998769913864449,0.00011907233792139063,0.00011905769099819015
UGC05253,22.9,1.27,240.00,5.19,1.42,65.96,7.94,6.37,77.10,,,,,,,,,0.9852664814763483,0.0004566349024145579,0.014276883621237068,UGC05253,0.9852664814763483,0.0004566349024145579,0.0004499070636212871
UGC05253,22.9,1.39,241.00,3.54,1.91,70.82,7.61,9.80,88.11,,,,,,,,,0.987874767634937,0.0007185496504395108,0.011406682714623502,UGC05253,0.987874767634937,0.0007185496504395108,0.0007098370689620969
UGC05253,22.9,1.52,242.00,2.60,2.31,75.88,6.52,2.35,63.10,,,,,,,,,0.9917585903688613,0.0009191264968747788,0.007322283134263899,UGC05253,0.9917585903688613,0.0009191264968747788,0.0009115515989112002
UGC05253,22.9,1.65,242.00,1.75,2.69,80.73,4.47,5.42,47.08,,,,,,,,,0.9958412724456422,0.0011056680918576233,0.00305305946250024,UGC05253,0.9958412724456422,0.0011056680918576233,0.0011010699194980407
UGC05253,22.9,1.77,243.00,1.94,3.02,85.03,2.42,0.24,96.25,,,,,,,,,0.997932831003317,0.0012588408817202886,0.0008083281149627974,UGC05253,0.997932831003317,0.0012588408817202886,0.0012562386448778393
UGC05253,22.9,1.90,244.00,3.09,3.34,89.52,0.29,4.26,64.29,,,,,,,,,0.9985994265645106,0.0013900937762524968,1.0479659236870716e-05,UGC05253,0.9985994265645106,0.0013900937762524968,0.0013881468478366384
UGC05253,22.9,2.03,244.00,1.60,3.66,93.85,8.35,8.76,55.08,,,,,,,,,0.9906513715770411,0.0015066572371431662,0.007841971185815819,UGC05253,0.9906513715770411,0.0015066572371431662,0.0014925720584723528
UGC05253,22.9,2.16,244.00,3.00,3.96,97.99,6.67,3.71,69.65,,,,,,,,,0.9937725948552601,0.00162298263298049,0.00460442251175937,UGC05253,0.9937725948552601,0.00162298263298049,0.0016128756625820439
UGC05253,22.9,2.28,245.00,2.19,4.26,1.66,5.58,0.21,94.58,,,,,,,,,0.05295198272085104,0.3487267388680927,0.5983212784110562,UGC05253,0.05295198272085104,0.3487267388680927,0.018465772250841977
UGC05253,22.9,2.41,245.00,3.01,4.56,5.49,4.78,6.01,11.52,,,,,,,,,0.4085015200163726,0.2818244533565729,0.30967402662705457,UGC05253,0.4085015200163726,0.2818244533565729,0.11512571757394333
UGC05253,22.9,2.54,246.00,2.64,4.87,9.17,4.37,2.22,23.77,,,,,,,,,0.6626249874904158,0.18689042865124225,0.15048458385834187,UGC05253,0.6626249874904158,0.18689042865124225,0.12383826794710784
UGC05253,22.9,2.66,246.00,2.38,5.17,12.45,4.0,9.86,44.22,,,,,,,,,0.7839043267786502,0.13517782203534695,0.08091785118600284,UGC05253,0.7839043267786502,0.13517782203534695,0.10596647957802284
UGC05253,22.9,2.79,246.00,3.72,5.46,15.87,3.68,6.85,60.00,,,,,,,,,0.8531422789605668,0.1009840761299803,0.04587364490945287,UGC05253,0.8531422789605668,0.1009840761299803,0.08615378484825877
UGC05253,22.9,2.92,247.00,3.54,5.76,19.17,3.16,4.23,82.56,,,,,,,,,0.8948910768993998,0.080792476161695,0.024316446938905223,UGC05253,0.8948910768993998,0.080792476161695,0.07230046599770834
UGC05253,22.9,3.04,247.00,3.74,6.05,22.1,2.58,2.90,15.24,,,,,,,,,0.9186356395869687,0.06884453839598291,0.012519822017048581,UGC05253,0.9186356395869687,0.06884453839598291,0.06324304656146339
UGC05253,22.9,3.17,247.00,5.11,6.34,25.13,1.72,0.98,47.13,,,,,,,,,0.9360369626139203,0.059578084663203947,0.004384952722875701,UGC05253,0.9360369626139203,0.059578084663203947,0.055767289406500414
UGC05253,22.9,3.30,247.00,3.63,6.65,28.05,0.64,9.43,90.04,,,,,,,,,0.9463191693008687,0.05318818822310258,0.0004926424760287821,UGC05253,0.9463191693008687,0.05318818822310258,0.05033300209590468
UGC05253,22.9,3.42,247.00,3.84,6.94,30.65,9.42,9.05,46.72,,,,,,,,,0.8728076389743782,0.04474829802405879,0.08244406300156322,UGC05253,0.8728076389743782,0.04474829802405879,0.03905665634650059
UGC05253,22.9,3.55,248.00,5.12,7.23,33.35,7.92,8.13,06.25,,,,,,,,,0.9062929781723239,0.04259450084736109,0.051112520980315046,UGC05253,0.9062929781723239,0.04259450084736109,0.03860309702671846
UGC05253,22.9,3.68,248.00,2.77,7.53,35.94,6.73,7.54,61.67,,,,,,,,,0.9268167798372852,0.04068437932623433,0.03249884083648053,UGC05253,0.9268167798372852,0.04068437932623433,0.03770696543681912
UGC05253,22.9,3.80,248.00,3.24,7.83,38.27,5.39,8.03,21.06,,,,,,,,,0.9418883093575957,0.03942811423541237,0.018683576406991864,UGC05253,0.9418883093575957,0.03942811423541237,0.03713687985835071
UGC05253,22.9,3.93,248.00,6.79,8.14,40.68,3.66,8.04,84.97,,,,,,,,,0.9540764533032123,0.038200592487502,0.007722954209285625,UGC05253,0.9540764533032123,0.038200592487502,0.03644628579455725
UGC05253,22.9,4.06,248.00,8.39,8.44,43.0,1.85,8.34,52.68,,,,,,,,,0.961190516329816,0.037030319504614155,0.0017791641655699273,UGC05253,0.961190516329816,0.037030319504614155,0.035593191924498134
UGC05253,22.9,4.18,248.00,2.73,8.74,45.04,9.97,9.63,27.51,,,,,,,,,0.920255266978381,0.03465248732517897,0.04509224569644003,UGC05253,0.920255266978381,0.03465248732517897,0.03188913397489754
UGC05253,22.9,4.31,248.00,13.70,9.04,47.17,7.82,0.48,05.36,,,,,,,,,0.9396617121564586,0.03451251748977958,0.025825770353762007,UGC05253,0.9396617121564586,0.03451251748977958,0.032430091275276
UGC05253,22.9,4.44,248.00,4.89,9.34,49.24,5.63,1.59,85.30,,,,,,,,,0.9532407990044939,0.034297327932765034,0.01246187306274113,UGC05253,0.9532407990044939,0.034297327932765034,0.032693612282348086
UGC05253,22.9,4.56,248.00,5.71,9.66,51.08,3.5,3.61,69.26,,,,,,,,,0.9611138042355563,0.034373779805888766,0.004512415958555026,UGC05253,0.9611138042355563,0.034373779805888766,0.03303711427519309
UGC05253,22.9,4.69,248.00,15.10,9.96,52.98,1.12,5.22,55.53,,,,,,,,,0.9654474109016075,0.03412112887934125,0.0004314602190513628,UGC05253,0.9654474109016075,0.03412112887934125,0.03294215553360008
UGC05253,22.9,4.82,248.00,10.50,10.27,54.8,8.76,7.10,44.24,,,,,,,,,0.9427955509307666,0.03311290587663357,0.02409154319259977,UGC05253,0.9427955509307666,0.03311290587663357,0.031218700338879364
UGC05253,22.9,4.94,248.00,1.58,10.63,56.43,6.51,9.78,33.76,,,,,,,,,0.9534760663754668,0.03383422434065543,0.012689709283877798,UGC05253,0.9534760663754668,0.03383422434065543,0.03226012313319321
UGC05253,22.9,4.99,248.00,4.77,10.73,57.09,5.57,6.79,30.21,,,,,,,,,0.9570809043297639,0.033808663991191236,0.009110431679044904,UGC05253,0.9570809043297639,0.033808663991191236,0.03235762670687043
UGC05253,22.9,5.07,248.00,4.36,10.94,58.13,4.04,2.09,25.33,,,,,,,,,0.9613083215989657,0.03404839933383442,0.004643279067199783,UGC05253,0.9613083215989657,0.03404839933383442,0.032731009616739706
UGC05253,22.9,5.20,248.00,8.45,11.25,59.77,1.52,4.64,19.11,,,,,,,,,0.9651819626361993,0.03419382860055173,0.0006242087632491039,UGC05253,0.9651819626361993,0.03419382860055173,0.03300326659872632
UGC05253,22.9,5.45,247.00,8.25,11.88,62.71,6.76,8.88,10.99,,,,,,,,,0.9546455590690055,0.03426111055992193,0.011093330371072452,UGC05253,0.9546455590690055,0.03426111055992193,0.03270721704480168
UGC05253,22.9,5.58,247.00,2.34,12.19,64.01,4.24,9.73,8.25,,,,,,,,,0.9609335338842997,0.034850186467462824,0.00421627964823747,UGC05253,0.9609335338842997,0.034850186467462824,0.03348871283870585
UGC05253,22.9,5.70,247.00,2.34,12.5,65.02,2.01,0.92,6.36,,,,,,,,,0.9634698951580491,0.03560936627748573,0.0009207385644650885,UGC05253,0.9634698951580491,0.03560936627748573,0.03430855239401375
UGC05253,22.9,5.83,247.00,6.13,12.81,65.84,9.54,1.41,4.80,,,,,,,,,0.9444211414376512,0.035750680722428416,0.01982817783992042,UGC05253,0.9444211414376512,0.035750680722428416,0.033763698695048874
UGC05253,22.9,6.47,247.00,6.89,14.58,69.31,8.79,0.58,1.17,,,,,,,,,0.9430984244392395,0.04173306383005289,0.015168511730707589,UGC05253,0.9430984244392395,0.04173306383005289,0.039358386745145094
UGC05253,22.9,6.59,246.00,5.95,14.9,70.15,6.9,7.24,0.89,,,,,,,,,0.9480565267209213,0.042771198363208404,0.009172274915870242,UGC05253,0.9480565267209213,0.042771198363208404,0.04054951376391491
UGC05253,22.9,6.66,246.00,2.29,15.11,70.65,5.85,5.39,0.77,,,,,,,,,0.9500310727698937,0.04345526536560414,0.00651366186450209,UGC05253,0.9500310727698937,0.04345526536560414,0.041283852372785305
UGC05253,22.9,6.72,246.00,4.73,15.31,71.08,4.88,3.85,0.67,,,,,,,,,0.9513780696782679,0.044137596425729196,0.0044843338960028995,UGC05253,0.9513780696782679,0.044137596425729196,0.04199154128774866
UGC05253,22.9,6.85,246.00,3.02,15.63,72.07,2.98,0.68,0.51,,,,,,,,,0.9535221014328996,0.044847648420522156,0.0016302501465782207,UGC05253,0.9535221014328996,0.044847648420522156,0.042763223966260144
UGC05253,22.9,6.97,246.00,5.81,16.04,73.03,1.26,7.96,0.39,,,,,,,,,0.953709294940153,0.046006812177445344,0.00028389288240166514,UGC05253,0.953709294940153,0.046006812177445344,0.043877124404195444
UGC05253,22.9,7.10,246.00,6.32,16.36,74.15,9.41,4.62,0.29,,,,,,,,,0.9391574762604161,0.045717524683315344,0.015124999056268629,UGC05253,0.9391574762604161,0.045717524683315344,0.042935955102455715
UGC05253,22.9,7.23,246.00,8.92,16.67,75.27,7.66,0.61,0.22,,,,,,,,,0.9439258921330259,0.04629832366050136,0.00977578420647285,UGC05253,0.9439258921330259,0.04629832366050136,0.04370218646550233
UGC05253,22.9,8.32,246.00,2.13,19.69,82.58,4.24,1.40,0.02,,,,,,,,,0.943852402048788,0.05365939362116123,0.0024882043300507493,UGC05253,0.943852402048788,0.05365939362116123,0.05064654756181444
UGC05253,22.9,10.00,245.00,2.18,23.65,83.56,8.07,9.12,0.00,,,,,,,,,0.917908465421566,0.07353004007903009,0.008561494499403884,UGC05253,0.917908465421566,0.07353004007903009,0.06749384625132876
UGC05253,22.9,11.61,245.00,0.94,26.98,82.9,5.97,6.64,0.00,,,,,,,,,0.9000046922648858,0.09532780721687624,0.004667500518237934,UGC05253,0.9000046922648858,0.09532780721687624,0.08579547379851106
UGC05253,22.9,13.35,246.00,2.02,29.27,73.27,5.45,8.47,0.00,,,,,,,,,0.8582820845444383,0.13696925990342687,0.004748655552134787,UGC05253,0.8582820845444383,0.13696925990342687,0.11755826190842217
UGC05253,22.9,14.98,245.00,1.33,30.52,64.53,7.31,1.41,0.00,,,,,,,,,0.8087198953340198,0.18090220300633864,0.010377901659641585,UGC05253,0.8087198953340198,0.18090220300633864,0.14629921068097979
UGC05253,22.9,16.61,245.00,1.36,32.19,57.52,0.4,7.84,0.00,,,,,,,,,0.7614779282362004,0.23848524703581075,3.682472798896824e-05,UGC05253,0.7614779282362004,0.23848524703581075,0.18160125182772763
UGC05253,22.9,18.34,245.00,1.59,34.17,52.73,4.1,6.28,0.00,,,,,,,,,0.7012753667110584,0.2944848783503081,0.004239754938633519,UGC05253,0.7012753667110584,0.2944848783503081,0.20651499105597373
UGC05253,22.9,19.97,245.00,2.03,36.46,50.07,8.93,2.88,0.00,,,,,,,,,0.6401820197098048,0.33945453738525455,0.02036344290494064,UGC05253,0.6401820197098048,0.33945453738525455,0.2173126913429497
UGC05253,22.9,21.60,245.00,2.36,38.96,46.26,4.35,0.52,0.00,,,,,,,,,0.5820257916704935,0.412827737834591,0.005146470494915443,UGC05253,0.5820257916704935,0.412827737834591,0.24027639093671677
UGC05253,22.9,23.33,244.00,4.61,41.25,43.04,0.03,8.66,0.00,,,,,,,,,0.5212265036205632,0.4787732431440023,2.532354343902161e-07,UGC05253,0.5212265036205632,0.4787732431440023,0.2495493035510261
UGC05253,22.9,26.70,243.00,10.60,44.17,36.92,2.85,5.39,0.00,,,,,,,,,0.4102965813775447,0.5872585009838969,0.0024449176385584266,UGC05253,0.4102965813775447,0.5872585009838969,0.24095015533859437
UGC05253,22.9,29.95,239.00,17.00,44.8,30.32,7.11,3.23,0.00,,,,,,,,,0.3088125561722124,0.6742059552328777,0.016981488594909902,UGC05253,0.3088125561722124,0.6742059552328777,0.2082032644219932
UGC05253,22.9,33.32,231.00,18.30,44.07,23.68,2.07,2.03,0.00,,,,,,,,,0.22365353561645573,0.7746374210959973,0.0017090432875469218,UGC05253,0.22365353561645573,0.7746374210959973,0.17325039804893305
UGC05253,22.9,36.68,219.00,12.10,44.17,17.57,7.75,1.23,0.00,,,,,,,,,0.13307643565834912,0.8410318359734599,0.025891728368191088,UGC05253,0.13307643565834912,0.8410318359734599,0.11192151900654536
UGC05253,22.9,39.94,210.00,7.50,43.75,11.91,4.09,0.83,0.00,,,,,,,,,0.06843841138351803,0.923490669164867,0.008070919451614986,UGC05253,0.06843841138351803,0.923490669164867,0.06320223432514552
UGC05253,22.9,43.30,210.00,3.56,43.34,7.39,0.76,0.78,0.00,,,,,,,,,0.028244541257967933,0.9714567328730286,0.0002987258690034311,UGC05253,0.028244541257967933,0.9714567328730286,0.02743834977196299
UGC05253,22.9,46.67,212.00,2.64,44.9,4.0,7.79,0.53,0.00,,,,,,,,,0.007645646824349532,0.9633562783973062,0.02899807477834434,UGC05253,0.007645646824349532,0.9633562783973062,0.007365481870645548
UGC05253,22.9,49.92,213.00,6.50,46.88,1.06,5.22,0.32,0.00,,,,,,,,,0.0005047377789309622,0.9872548769456843,0.012240385275384858,UGC05253,0.0005047377789309622,0.9872548769456843,0.000498304833828325
UGC05253,22.9,53.29,218.00,6.53,47.82,96.26,2.8,0.00,0.00,,,,,,,,,0.801515806300376,0.19780602703324573,0.0006781666663783305,UGC05253,0.801515806300376,0.19780602703324573,0.15854465724862593
UGC05414,9.4,0.68,20.50,2.47,1.03,19.12,0.0,3.16,0.00,,,,,,,,,0.9971063888283535,0.0028936111716465923,0.0,UGC05414,0.9971063888283535,0.0028936111716465923,0.0028852381860339144
UGC05414,9.4,1.37,34.60,2.45,11.15,29.14,0.0,3.43,0.00,,,,,,,,,0.8722882996677529,0.12771170033224713,0.0,UGC05414,0.8722882996677529,0.12771170033224713,0.11140142193049345
UGC05414,9.4,2.05,46.00,2.45,16.87,32.19,0.0,9.96,0.00,,,,,,,,,0.7845257356754616,0.21547426432453842,0.0,UGC05414,0.7845257356754616,0.21547426432453842,0.16904510573833736
UGC05414,9.4,2.74,51.80,2.46,20.26,33.36,0.0,2.10,0.00,,,,,,,,,0.7305506548300031,0.26944934516999697,0.0,UGC05414,0.7305506548300031,0.26944934516999697,0.19684639555745684
UGC05414,9.4,3.42,56.80,2.44,21.81,33.94,0.0,8.99,0.00,,,,,,,,,0.707743802115471,0.292256197884529,0.0,UGC05414,0.707743802115471,0.292256197884529,0.20684251268260803
UGC05414,9.4,4.11,61.40,2.44,23.37,34.3,0.0,5.91,0.00,,,,,,,,,0.6829548179606627,0.31704518203933735,0.0,UGC05414,0.6829548179606627,0.31704518203933735,0.2165275345849808
UGC05716,21.3,1.03,39.15,4.06,3.65,21.66,0.0,0.68,0.00,,,,,,,,,0.9723873477366123,0.027612652263387705,0.0,UGC05716,0.9723873477366123,0.027612652263387705,0.026850193698368933
UGC05716,21.3,2.07,49.15,1.65,7.45,27.59,0.0,0.30,0.00,,,,,,,,,0.9320414109967471,0.06795858900325281,0.0,UGC05716,0.9320414109967471,0.06795858900325281,0.06334021918393977
UGC05716,21.3,3.09,55.05,0.60,11.19,26.88,0.0,4.20,0.00,,,,,,,,,0.8522960470091141,0.14770395299088587,0.0,UGC05716,0.8522960470091141,0.14770395299088587,0.12588749526175205
UGC05716,21.3,4.13,59.35,0.41,14.76,25.3,0.0,2.03,0.00,,,,,,,,,0.7460712052810685,0.25392879471893154,0.0,UGC05716,0.7460712052810685,0.25392879471893154,0.18944896193152228
UGC05716,21.3,5.16,63.85,0.46,18.24,24.0,0.0,0.95,0.00,,,,,,,,,0.6338742393509128,0.3661257606490872,0.0,UGC05716,0.6338742393509128,0.3661257606490872,0.23207768803821452
UGC05716,21.3,6.20,68.20,0.86,21.81,21.76,0.0,0.28,0.00,,,,,,,,,0.4988524229021517,0.5011475770978483,0.0,UGC05716,0.4988524229021517,0.5011475770978483,0.2499986830668045
UGC05716,21.3,7.23,71.70,1.07,25.2,19.92,0.0,0.12,0.00,,,,,,,,,0.38455956235346667,0.6154404376465334,0.0,UGC05716,0.38455956235346667,0.6154404376465334,0.2366735053559769
UGC05716,21.3,8.26,73.50,1.07,27.64,18.42,0.0,0.05,0.00,,,,,,,,,0.30753816396045924,0.6924618360395407,0.0,UGC05716,0.30753816396045924,0.6924618360395407,0.21295844166828892
UGC05716,21.3,9.28,73.15,1.00,28.96,17.21,0.0,0.02,0.00,,,,,,,,,0.26098603561637296,0.739013964383627,0.0,UGC05716,0.26098603561637296,0.739013964383627,0.19287232482962224
UGC05716,21.3,10.34,72.50,0.74,29.43,16.16,0.0,0.01,0.00,,,,,,,,,0.23166187707387,0.7683381229261299,0.0,UGC05716,0.23166187707387,0.7683381229261299,0.17799465178448112
UGC05716,21.3,11.40,73.00,1.07,28.96,15.29,0.0,0.00,0.00,,,,,,,,,0.21798748435497747,0.7820125156450225,0.0,UGC05716,0.21798748435497747,0.7820125156450225,0.17046894101956592
UGC05716,21.3,12.37,74.70,2.09,27.83,14.6,0.0,0.00,0.00,,,,,,,,,0.21582131420762568,0.7841786857923744,0.0,UGC05716,0.21582131420762568,0.7841786857923744,0.169242474541319
UGC05721,6.18,0.09,16.50,4.57,1.23,16.63,0.0,7.92,0.00,,,,,,,,,0.9945592797204155,0.005440720279584478,0.0,UGC05721,0.9945592797204155,0.005440720279584478,0.005411118842423796
UGC05721,6.18,0.27,38.50,6.88,3.67,32.22,0.0,9.01,0.00,,,,,,,,,0.9871919602684411,0.01280803973155884,0.0,UGC05721,0.9871919602684411,0.01280803973155884,0.01264399384979365
UGC05721,6.18,0.45,47.40,4.57,5.99,40.27,0.0,1.32,0.00,,,,,,,,,0.9783535730079219,0.02164642699207808,0.0,UGC05721,0.9783535730079219,0.02164642699207808,0.02117785919055471
UGC05721,6.18,0.63,55.50,4.57,8.14,43.48,0.0,5.94,0.00,,,,,,,,,0.9661382788983887,0.033861721101611335,0.0,UGC05721,0.9661382788983887,0.033861721101611335,0.03271510494564803
UGC05721,6.18,0.81,56.40,5.45,10.08,44.07,0.0,2.77,0.00,,,,,,,,,0.9502848484074515,0.049715151592548544,0.0,UGC05721,0.9502848484074515,0.049715151592548544,0.04724355529467847
UGC05721,6.18,0.99,59.80,4.57,11.72,43.71,0.0,5.10,0.00,,,,,,,,,0.9329279306223746,0.06707206937762537,0.0,UGC05721,0.9329279306223746,0.06707206937762537,0.06257340688702838
UGC05721,6.18,1.17,67.80,4.57,13.25,44.14,0.0,9.74,0.00,,,,,,,,,0.9173396457397918,0.08266035426020812,0.0,UGC05721,0.9173396457397918,0.08266035426020812,0.075827620093785
UGC05721,6.18,1.35,76.40,4.57,15.37,42.83,0.0,5.24,0.00,,,,,,,,,0.8859114871312129,0.11408851286878711,0.0,UGC05721,0.8859114871312129,0.11408851286878711,0.10107232410017572
UGC05721,6.18,1.53,81.20,4.57,18.44,40.98,0.0,9.18,0.00,,,,,,,,,0.8316160194593031,0.1683839805406969,0.0,UGC05721,0.8316160194593031,0.1683839805406969,0.1400308156379671
UGC05721,6.18,1.71,82.20,19.20,21.32,38.82,0.0,5.33,0.00,,,,,,,,,0.7682720694019806,0.23172793059801944,0.0,UGC05721,0.7682720694019806,0.23172793059801944,0.17803009677877893
UGC05721,6.18,1.89,82.60,4.57,22.09,36.95,0.0,3.32,0.00,,,,,,,,,0.7366989472557327,0.2633010527442673,0.0,UGC05721,0.7366989472557327,0.2633010527442673,0.19397360836802788
UGC05721,6.18,2.07,82.30,4.57,20.36,35.17,0.0,2.34,0.00,,,,,,,,,0.748991815416494,0.251008184583506,0.0,UGC05721,0.748991815416494,0.251008184583506,0.18800307585559856
UGC05721,6.18,2.25,82.10,4.57,17.96,33.75,0.0,1.51,0.00,,,,,,,,,0.7793128889979305,0.22068711100206959,0.0,UGC05721,0.7793128889979305,0.22068711100206959,0.17198431003962983
UGC05721,6.18,2.67,81.40,4.57,18.44,30.81,0.0,0.67,0.00,,,,,,,,,0.7362628430212387,0.26373715697876127,0.0,UGC05721,0.7362628430212387,0.26373715697876127,0.1941798690075215
UGC05721,6.18,3.15,79.30,4.57,20.36,27.99,0.0,0.13,0.00,,,,,,,,,0.653973218187405,0.3460267818125951,0.0,UGC05721,0.653973218187405,0.3460267818125951,0.22629224808101384
UGC05721,6.18,3.61,78.50,4.57,20.55,25.88,0.0,0.04,0.00,,,,,,,,,0.6133033305621609,0.38669666943783904,0.0,UGC05721,0.6133033305621609,0.38669666943783904,0.23716235528352167
UGC05721,6.18,4.04,78.20,4.57,20.74,24.31,0.0,0.01,0.00,,,,,,,,,0.5787507429315372,0.42124925706846295,0.0,UGC05721,0.5787507429315372,0.42124925706846295,0.243798320487731
UGC05721,6.18,4.49,78.10,4.57,21.71,22.96,0.0,0.00,0.00,,,,,,,,,0.5279610914808294,0.4720389085191706,0.0,UGC05721,0.5279610914808294,0.4720389085191706,0.24921817736320065
UGC05721,6.18,4.93,78.20,4.57,23.34,21.83,0.0,0.00,0.00,,,,,,,,,0.4666080488238326,0.5333919511761673,0.0,UGC05721,0.4666080488238326,0.5333919511761673,0.24888497759664843
UGC05721,6.18,5.38,78.30,4.57,24.59,20.85,0.0,0.00,0.00,,,,,,,,,0.41824748078345136,0.5817525192165485,0.0,UGC05721,0.41824748078345136,0.5817525192165485,0.24331652560174777
UGC05721,6.18,5.86,78.60,4.57,24.78,19.94,0.0,0.00,0.00,,,,,,,,,0.393024083380451,0.606975916619549,0.0,UGC05721,0.393024083380451,0.606975916619549,0.23855615326340726
UGC05721,6.18,6.28,78.90,4.57,24.59,19.24,0.0,0.00,0.00,,,,,,,,,0.37972942794946934,0.6202705720505307,0.0,UGC05721,0.37972942794946934,0.6202705720505307,0.23553498949863813
UGC05721,6.18,6.74,79.50,4.57,24.59,18.55,0.0,0.00,0.00,,,,,,,,,0.36268250723620654,0.6373174927637935,0.0,UGC05721,0.36268250723620654,0.6373174927637935,0.23114390618106553
UGC05750,58.7,0.31,3.10,4.50,1.0,4.05,0.0,9.26,0.00,,,,,,,,,0.9425369918115213,0.057463008188478666,0.0,UGC05750,0.9425369918115213,0.057463008188478666,0.0541610108784095
UGC05750,58.7,1.47,15.70,8.50,4.69,16.67,0.0,1.05,0.00,,,,,,,,,0.9266515497607416,0.07334845023925837,0.0,UGC05750,0.9266515497607416,0.07334845023925837,0.0679684550867574
UGC05750,58.7,2.52,28.00,10.00,7.69,21.39,0.0,6.18,0.00,,,,,,,,,0.8855433719357994,0.11445662806420058,0.0,UGC05750,0.8855433719357994,0.11445662806420058,0.10135630835637383
UGC05750,58.7,3.35,36.00,11.00,9.58,24.52,0.0,2.24,0.00,,,,,,,,,0.8675678218453268,0.13243217815467323,0.0,UGC05750,0.8675678218453268,0.13243217815467323,0.11489389634388213
UGC05750,58.7,4.09,43.60,4.50,11.47,24.68,0.0,0.94,0.00,,,,,,,,,0.822374215112319,0.1776257848876811,0.0,UGC05750,0.822374215112319,0.1776257848876811,0.14607486543071635
UGC05750,58.7,4.82,49.80,4.50,13.0,26.85,0.0,1.55,0.00,,,,,,,,,0.810095822950875,0.18990417704912504,0.0,UGC05750,0.810095822950875,0.18990417704912504,0.15384058058841962
UGC05750,58.7,6.60,61.50,4.50,16.38,35.05,0.0,8.67,0.00,,,,,,,,,0.8207488220424425,0.17925117795755754,0.0,UGC05750,0.8207488220424425,0.17925117795755754,0.1471201931583856
UGC05750,58.7,7.86,68.10,12.20,18.53,38.67,0.0,7.08,0.00,,,,,,,,,0.8132619050390112,0.18673809496098884,0.0,UGC05750,0.8132619050390112,0.18673809496098884,0.15186697885132955
UGC05750,58.7,9.43,73.40,12.20,20.89,42.63,0.0,4.37,0.00,,,,,,,,,0.806367148553784,0.19363285144621598,0.0,UGC05750,0.806367148553784,0.19363285144621598,0.15613917028702362
UGC05750,58.7,11.43,77.60,11.00,23.34,39.29,0.0,0.82,0.00,,,,,,,,,0.7391591515986639,0.26084084840133615,0.0,UGC05750,0.7391591515986639,0.26084084840133615,0.1928029002066073
UGC05750,58.7,22.85,78.90,11.00,36.96,26.56,0.0,0.00,0.00,,,,,,,,,0.3405464859053104,0.6594535140946897,0.0,UGC05750,0.3405464859053104,0.6594535140946897,0.22457457684285465
UGC05764,7.47,0.36,21.45,1.99,2.75,5.37,0.0,4.80,0.00,,,,,,,,,0.7922355863008731,0.2077644136991269,0.0,UGC05764,0.7922355863008731,0.2077644136991269,0.16459836209938494
UGC05764,7.47,0.73,31.30,1.58,6.05,10.22,0.0,1.43,0.00,,,,,,,,,0.7405014785442702,0.25949852145572977,0.0,UGC05764,0.7405014785442702,0.25949852145572977,0.1921590388180199
UGC05764,7.47,1.09,41.70,1.16,9.4,11.44,0.0,3.66,0.00,,,,,,,,,0.5969595901358186,0.4030404098641815,0.0,UGC05764,0.5969595901358186,0.4030404098641815,0.2405988378806941
UGC05764,7.47,1.45,48.35,0.44,12.81,11.24,0.0,2.65,0.00,,,,,,,,,0.43499635200736,0.5650036479926399,0.0,UGC05764,0.43499635200736,0.5650036479926399,0.2457745257476489
UGC05764,7.47,1.81,50.60,0.37,16.05,11.43,0.0,2.03,0.00,,,,,,,,,0.33649909825539076,0.6635009017446093,0.0,UGC05764,0.33649909825539076,0.6635009017446093,0.22326745512869967
UGC05764,7.47,2.17,54.05,0.59,18.46,11.43,0.0,1.59,0.00,,,,,,,,,0.2771326417297655,0.7228673582702345,0.0,UGC05764,0.2771326417297655,0.7228673582702345,0.20033014061764692
UGC05764,7.47,2.54,55.80,0.76,20.04,11.39,0.0,1.06,0.00,,,,,,,,,0.2441631313805242,0.755836868619476,0.0,UGC05764,0.2441631313805242,0.755836868619476,0.18454749665498113
UGC05764,7.47,2.90,54.55,0.71,20.71,11.38,0.0,0.81,0.00,,,,,,,,,0.2319169568514806,0.7680830431485195,0.0,UGC05764,0.2319169568514806,0.7680830431485195,0.1781314819762291
UGC05764,7.47,3.26,50.00,2.65,20.29,11.12,0.0,0.56,0.00,,,,,,,,,0.23098357394433613,0.7690164260556638,0.0,UGC05764,0.23098357394433613,0.7690164260556638,0.1776301625122375
UGC05764,7.47,3.62,49.90,2.77,19.63,11.17,0.0,0.44,0.00,,,,,,,,,0.24459416066235676,0.7554058393376433,0.0,UGC05764,0.24459416066235676,0.7554058393376433,0.18476785723223396
UGC05829,8.64,0.63,14.80,5.06,-2.24,7.48,0.0,6.55,0.00,,,,,,,,,0.9177010890959192,0.08229891090408083,0.0,UGC05829,0.9177010890959192,0.08229891090408083,0.075525800168083
UGC05829,8.64,1.26,27.20,5.06,-3.7,13.07,0.0,3.49,0.00,,,,,,,,,0.925805449857979,0.07419455014202106,0.0,UGC05829,0.925805449857979,0.07419455014202106,0.06868971887124418
UGC05829,8.64,1.88,34.10,5.06,3.88,16.73,0.0,9.83,0.00,,,,,,,,,0.9489590174244688,0.05104098257553129,0.0,UGC05829,0.9489590174244688,0.05104098257553129,0.0484358006732556
UGC05829,8.64,2.52,38.80,5.06,-2.84,19.07,0.0,6.78,0.00,,,,,,,,,0.9783025605916114,0.021697439408388603,0.0,UGC05829,0.9783025605916114,0.021697439408388603,0.02122666053150791
UGC05829,8.64,3.14,42.80,5.06,11.17,20.36,0.0,4.99,0.00,,,,,,,,,0.7686459354142464,0.23135406458575353,0.0,UGC05829,0.7686459354142464,0.23135406458575353,0.1778293613854045
UGC05829,8.64,3.77,47.90,5.06,17.24,21.25,0.0,3.62,0.00,,,,,,,,,0.6030642374176344,0.39693576258236557,0.0,UGC05829,0.6030642374176344,0.39693576258236557,0.23937776296552146
UGC05829,8.64,4.40,51.90,5.06,20.77,21.39,0.0,2.60,0.00,,,,,,,,,0.5147027027027028,0.4852972972972973,0.0,UGC05829,0.5147027027027028,0.4852972972972973,0.249783830533236
UGC05829,8.64,5.03,57.60,5.06,26.16,21.32,0.0,1.84,0.00,,,,,,,,,0.39911071150104316,0.600889288498957,0.0,UGC05829,0.39911071150104316,0.600889288498957,0.2398213514661743
UGC05829,8.64,5.65,60.70,5.06,31.16,20.9,0.0,1.34,0.00,,,,,,,,,0.31028823469073746,0.6897117653092625,0.0,UGC05829,0.31028823469073746,0.6897117653092625,0.21400944610324327
UGC05829,8.64,6.29,65.60,5.06,33.7,20.41,0.0,1.04,0.00,,,,,,,,,0.2683626518038463,0.7316373481961538,0.0,UGC05829,0.2683626518038463,0.7316373481961538,0.19634413892065386
UGC05829,8.64,6.91,68.60,5.06,34.59,20.24,0.0,0.91,0.00,,,,,,,,,0.2550594888058885,0.7449405111941114,0.0,UGC05829,0.2550594888058885,0.7449405111941114,0.19000414597596735
UGC05918,7.66,0.56,16.90,3.93,3.56,6.92,0.0,3.38,0.00,,,,,,,,,0.7907265521796566,0.20927344782034346,0.0,UGC05918,0.7907265521796566,0.20927344782034346,0.16547807185772945
UGC05918,7.66,1.11,27.40,3.93,3.93,11.04,0.0,9.28,0.00,,,,,,,,,0.8875315397974899,0.1124684602025101,0.0,UGC05918,0.8875315397974899,0.1124684602025101,0.0998193056621865
UGC05918,7.66,1.67,33.50,3.93,3.56,13.76,0.0,6.42,0.00,,,,,,,,,0.9372628844341304,0.06273711556586963,0.0,UGC05918,0.9372628844341304,0.06273711556586963,0.058801169896344346
UGC05918,7.66,2.23,36.40,3.93,8.55,16.36,0.0,4.67,0.00,,,,,,,,,0.7854672062182448,0.21453279378175516,0.0,UGC05918,0.7854672062182448,0.21453279378175516,0.16850847417395007
UGC05918,7.66,2.79,39.80,3.93,12.27,16.13,0.0,2.61,0.00,,,,,,,,,0.6334502634091805,0.3665497365908196,0.0,UGC05918,0.6334502634091805,0.3665497365908196,0.2321910271960204
UGC05918,7.66,3.34,41.20,3.93,12.47,16.4,0.0,2.22,0.00,,,,,,,,,0.6336508262598509,0.366349173740149,0.0,UGC05918,0.6336508262598509,0.366349173740149,0.2321374566400591
UGC05918,7.66,3.90,42.60,3.93,13.27,17.86,0.0,2.07,0.00,,,,,,,,,0.644308863853274,0.355691136146726,0.0,UGC05918,0.644308863853274,0.355691136146726,0.22917495181337721
UGC05918,7.66,4.46,44.50,3.93,15.66,16.94,0.0,0.00,0.00,,,,,,,,,0.5392033659577091,0.46079663404229093,0.0,UGC05918,0.5392033659577091,0.46079663404229093,0.24846309609758596
UGC05986,8.63,0.63,29.50,2.53,-2.22,32.45,0.0,0.91,0.00,,,,,,,,,0.9953414726803045,0.004658527319695454,0.0,UGC05986,0.9953414726803045,0.004658527319695454,0.004636825442907105
UGC05986,8.63,1.26,50.80,3.76,-8.54,43.44,0.0,1.97,0.00,,,,,,,,,0.9627893393209227,0.03721066067907736,0.0,UGC05986,0.9627893393209227,0.03721066067907736,0.03582602741090393
UGC05986,8.63,1.88,68.20,2.58,-2.13,53.72,0.0,4.98,0.00,,,,,,,,,0.9984303422465588,0.0015696577534412223,0.0,UGC05986,0.9984303422465588,0.0015696577534412223,0.0015671939279782842
UGC05986,8.63,2.51,84.30,2.28,8.88,65.57,0.0,8.13,0.00,,,,,,,,,0.9819896368877152,0.01801036311228478,0.0,UGC05986,0.9819896368877152,0.01801036311228478,0.017685989932848433
UGC05986,8.63,3.13,95.30,2.01,11.55,69.99,0.0,8.41,0.00,,,,,,,,,0.9734891830143331,0.026510816985666902,0.0,UGC05986,0.9734891830143331,0.026510816985666902,0.025807993568419375
UGC05986,8.63,3.77,106.00,3.58,16.04,70.54,0.0,3.32,0.00,,,,,,,,,0.9508364064846927,0.049163593515307295,0.0,UGC05986,0.9508364064846927,0.049163593515307295,0.04674653458796893
UGC05986,8.63,4.39,112.00,4.25,20.82,71.78,0.0,4.23,0.00,,,,,,,,,0.9223980031797542,0.07760199682024593,0.0,UGC05986,0.9223980031797542,0.07760199682024593,0.07157992690975648
UGC05986,8.63,5.02,115.00,3.18,24.3,71.41,0.0,2.56,0.00,,,,,,,,,0.8962209752788904,0.1037790247211096,0.0,UGC05986,0.8962209752788904,0.1037790247211096,0.09300893874904492
UGC05986,8.63,5.65,116.00,2.32,25.4,67.79,0.0,6.60,0.00,,,,,,,,,0.8768929948896931,0.12310700511030694,0.0,UGC05986,0.8768929948896931,0.12310700511030694,0.10795167040307779
UGC05986,8.63,6.28,116.00,2.01,24.6,64.52,0.0,2.89,0.00,,,,,,,,,0.8730786035139668,0.1269213964860332,0.0,UGC05986,0.8730786035139668,0.1269213964860332,0.11081235560006837
UGC05986,8.63,6.90,116.00,2.28,25.5,61.11,0.0,0.00,0.00,,,,,,,,,0.8516996249283386,0.1483003750716614,0.0,UGC05986,0.8516996249283386,0.1483003750716614,0.12630737382526597
UGC05986,8.63,7.54,114.00,3.05,25.7,56.38,0.0,0.00,0.00,,,,,,,,,0.8279613035484735,0.1720386964515264,0.0,UGC05986,0.8279613035484735,0.1720386964515264,0.14244138337478593
UGC05986,8.63,8.16,112.00,3.69,24.6,53.17,0.0,0.00,0.00,,,,,,,,,0.8236820608442568,0.17631793915574312,0.0,UGC05986,0.8236820608442568,0.17631793915574312,0.14522992348761476
UGC05986,8.63,8.79,109.00,5.10,24.9,50.65,0.0,0.00,0.00,,,,,,,,,0.8053608105021846,0.19463918949781545,0.0,UGC05986,0.8053608105021846,0.19463918949781545,0.15675477540944893
UGC05986,8.63,9.41,107.00,6.39,27.79,48.55,0.0,0.00,0.00,,,,,,,,,0.7532155023607502,0.24678449763924987,0.0,UGC05986,0.7532155023607502,0.24678449763924987,0.18588190936419297
UGC05999,47.7,3.48,46.20,5.00,13.28,38.73,0.0,8.53,0.00,,,,,,,,,0.8947975308334137,0.1052024691665862,0.0,UGC05999,0.8947975308334137,0.1052024691665862,0.09413490964783967
UGC05999,47.7,6.94,81.10,5.00,23.37,40.0,0.0,5.85,0.00,,,,,,,,,0.7455186524340323,0.25448134756596785,0.0,UGC05999,0.7455186524340323,0.25448134756596785,0.18972059130697694
UGC05999,47.7,10.42,91.20,5.00,31.3,39.75,0.0,2.23,0.00,,,,,,,,,0.6172715916870869,0.3827284083129131,0.0,UGC05999,0.6172715916870869,0.3827284083129131,0.23624737378317717
UGC05999,47.7,13.89,97.70,5.00,35.52,35.72,0.0,0.62,0.00,,,,,,,,,0.5028073894399281,0.4971926105600718,0.0,UGC05999,0.5028073894399281,0.4971926105600718,0.24999211856453252
UGC05999,47.7,16.22,100.00,5.00,46.95,33.5,0.0,0.00,0.00,,,,,,,,,0.33736127717809955,0.6626387228219005,0.0,UGC05999,0.33736127717809955,0.6626387228219005,0.22354864583886105
UGC06399,18.0,0.87,24.80,6.50,2.79,20.37,0.0,0.40,0.00,,,,,,,,,0.9815857267559454,0.018414273244054587,0.0,UGC06399,0.9815857267559454,0.018414273244054587,0.01807518778494788
UGC06399,18.0,1.74,46.20,5.60,5.75,32.61,0.0,7.93,0.00,,,,,,,,,0.9698465427288512,0.030153457271148824,0.0,UGC06399,0.9698465427288512,0.030153457271148824,0.029244226285745824
UGC06399,18.0,2.61,60.50,5.80,9.11,37.1,0.0,6.87,0.00,,,,,,,,,0.943132807606622,0.05686719239337808,0.0,UGC06399,0.943132807606622,0.05686719239337808,0.053633314822672605
UGC06399,18.0,3.50,69.60,3.90,13.36,42.69,0.0,9.23,0.00,,,,,,,,,0.9107964878456007,0.08920351215439934,0.0,UGC06399,0.9107964878456007,0.08920351215439934,0.08124624557371928
UGC06399,18.0,4.37,77.50,3.70,16.6,44.26,0.0,1.73,0.00,,,,,,,,,0.876679766047786,0.12332023395221393,0.0,UGC06399,0.876679766047786,0.12332023395221393,0.10811235385018514
UGC06399,18.0,5.24,82.90,4.50,20.91,44.12,0.0,7.50,0.00,,,,,,,,,0.8165837564143841,0.18341624358561584,0.0,UGC06399,0.8165837564143841,0.18341624358561584,0.14977472517455787
UGC06399,18.0,6.11,84.10,4.90,23.38,43.61,0.0,4.83,0.00,,,,,,,,,0.7767473508310235,0.22325264916897644,0.0,UGC06399,0.7767473508310235,0.22325264916897644,0.17341090380801036
UGC06399,18.0,6.98,85.60,4.90,23.92,43.31,0.0,3.40,0.00,,,,,,,,,0.7662644957101378,0.2337355042898621,0.0,UGC06399,0.7662644957101378,0.2337355042898621,0.1791032183242259
UGC06399,18.0,7.85,87.60,4.90,25.86,40.62,0.0,0.00,0.00,,,,,,,,,0.711591547765064,0.28840845223493616,0.0,UGC06399,0.711591547765064,0.28840845223493616,0.20522901691438475
UGC06446,12.0,0.58,31.30,6.30,0.0,21.35,0.0,4.79,0.00,,,,,,,,,1.0,0.0,0.0,UGC06446,1.0,0.0,0.0
UGC06446,12.0,1.16,54.80,5.80,2.75,29.36,0.0,3.70,0.00,,,,,,,,,0.9913031938352208,0.008696806164779206,0.0,UGC06446,0.9913031938352208,0.008696806164779206,0.008621171727311465
UGC06446,12.0,1.74,61.10,4.10,6.18,30.8,0.0,0.14,0.00,,,,,,,,,0.9612979873786065,0.03870201262139346,0.0,UGC06446,0.9612979873786065,0.03870201262139346,0.03720416684044696
UGC06446,12.0,2.33,63.90,4.10,7.45,31.81,0.0,2.32,0.00,,,,,,,,,0.9480011122576375,0.051998887742362464,0.0,UGC06446,0.9480011122576375,0.051998887742362464,0.04929500341591965
UGC06446,12.0,2.91,67.20,4.10,14.25,31.67,0.0,9.18,0.00,,,,,,,,,0.8316303102836248,0.16836968971637525,0.0,UGC06446,0.8316303102836248,0.16836968971637525,0.14002133730118677
UGC06446,12.0,3.49,70.40,3.60,16.89,31.97,0.0,6.44,0.00,,,,,,,,,0.7817941290531325,0.21820587094686747,0.0,UGC06446,0.7817941290531325,0.21820587094686747,0.1705920688311865
UGC06446,12.0,4.07,73.70,3.60,15.31,32.15,0.0,4.92,0.00,,,,,,,,,0.8151477431009293,0.18485225689907075,0.0,UGC06446,0.8151477431009293,0.18485225689907075,0.1506819000183907
UGC06446,12.0,4.65,78.00,4.10,18.83,31.31,0.0,2.36,0.00,,,,,,,,,0.7343824374384311,0.265617562561569,0.0,UGC06446,0.7343824374384311,0.265617562561569,0.19506487302042
UGC06446,12.0,5.23,80.80,4.10,23.23,29.91,0.0,1.67,0.00,,,,,,,,,0.6237501926105864,0.37624980738941366,0.0,UGC06446,0.6237501926105864,0.37624980738941366,0.2346858898288428
UGC06446,12.0,5.81,80.50,3.60,26.13,28.44,0.0,1.22,0.00,,,,,,,,,0.5422552335210834,0.45774476647891654,0.0,UGC06446,0.5422552335210834,0.45774476647891654,0.2482144952400787
UGC06446,12.0,6.40,81.30,3.60,28.95,27.55,0.0,0.87,0.00,,,,,,,,,0.475236443439849,0.524763556560151,0.0,UGC06446,0.475236443439849,0.524763556560151,0.24938676626649217
UGC06446,12.0,6.98,82.10,4.60,31.41,26.52,0.0,0.59,0.00,,,,,,,,,0.41618499572607465,0.5838150042739254,0.0,UGC06446,0.41618499572607465,0.5838150042739254,0.2429750450585619
UGC06446,12.0,7.62,82.80,4.60,34.05,25.42,0.0,0.38,0.00,,,,,,,,,0.35787768676295456,0.6421223132370454,0.0,UGC06446,0.35787768676295456,0.6421223132370454,0.22980124808015112
UGC06446,12.0,8.28,84.90,5.50,34.49,24.36,0.0,0.25,0.00,,,,,,,,,0.3328209110900762,0.6671790889099237,0.0,UGC06446,0.3328209110900762,0.6671790889099237,0.22205115223124777
UGC06446,12.0,8.90,84.30,5.50,32.03,23.44,0.0,0.16,0.00,,,,,,,,,0.34876822962704584,0.6512317703729541,0.0,UGC06446,0.34876822962704584,0.6512317703729541,0.22712895162986205
UGC06446,12.0,9.52,83.20,7.00,32.29,22.66,0.0,0.11,0.00,,,,,,,,,0.3299717881599982,0.6700282118400017,0.0,UGC06446,0.3299717881599982,0.6700282118400017,0.22109040717849146
UGC06446,12.0,10.22,80.10,10.80,33.08,21.62,0.0,0.00,0.00,,,,,,,,,0.29930279024772066,0.7006972097522793,0.0,UGC06446,0.29930279024772066,0.7006972097522793,0.2097206299976496
UGC06614,88.7,3.23,194.00,16.70,-7.97,37.15,8.5,8.56,71.12,,,,,,,,,0.9104350609350236,0.0419032763121734,0.04766166275280307,UGC06614,0.9104350609350236,0.0419032763121734,0.03815021192265072
UGC06614,88.7,9.18,172.00,8.10,-15.63,83.53,6.71,5.52,1.14,,,,,,,,,0.960184719035507,0.033619231622504665,0.006196049341988425,UGC06614,0.960184719035507,0.033619231622504665,0.03228067246964427
UGC06614,88.7,10.64,170.00,10.70,-16.24,92.09,4.32,4.39,0.17,,,,,,,,,0.967773476203799,0.030096834427595365,0.0021296893686055984,UGC06614,0.967773476203799,0.030096834427595365,0.029126918076724143
UGC06614,88.7,11.58,170.00,6.80,-16.14,99.29,7.52,2.22,0.05,,,,,,,,,0.9688419916120342,0.02560053216168346,0.00555747622628236,UGC06614,0.9688419916120342,0.02560053216168346,0.02480287056585334
UGC06614,88.7,12.52,171.00,6.80,-16.04,7.74,1.54,2.54,0.01,,,,,,,,,0.18746855058567888,0.8051100134935198,0.0074214359208013,UGC06614,0.18746855058567888,0.8051100134935198,0.15093280729164654
UGC06614,88.7,13.57,172.00,12.10,-16.04,20.8,5.51,7.48,0.00,,,,,,,,,0.6006538830571428,0.35719580269775003,0.04215031424510716,UGC06614,0.6006538830571428,0.35719580269775003,0.21455104590211663
UGC06614,88.7,15.76,174.00,19.60,-15.53,31.65,5.02,7.30,0.00,,,,,,,,,0.7899373063940034,0.190190187901022,0.019872505704974622,UGC06614,0.7899373063940034,0.190190187901022,0.1502383247331027
UGC06614,88.7,24.94,193.00,23.20,18.69,11.71,7.35,3.42,0.00,,,,,,,,,0.2537161213900608,0.6463278594433991,0.09995601916654004,UGC06614,0.2537161213900608,0.6463278594433991,0.16398379764431958
UGC06614,88.7,26.30,194.00,23.00,21.04,8.26,4.53,2.78,0.00,,,,,,,,,0.1283848995380578,0.8330006147562963,0.03861448570564596,UGC06614,0.1283848995380578,0.8330006147562963,0.10694470024062748
UGC06614,88.7,34.96,201.00,7.20,34.22,92.64,0.67,0.00,0.00,,,,,,,,,0.8798952110829664,0.1200587650118132,4.6023905220323744e-05,UGC06614,0.8798952110829664,0.1200587650118132,0.10563913238242964
UGC06614,88.7,36.84,202.00,17.10,37.39,88.8,8.32,0.00,0.00,,,,,,,,,0.8431213980557111,0.14947725380584986,0.007401348138438903,UGC06614,0.8431213980557111,0.14947725380584986,0.1260274712063165
UGC06614,88.7,47.38,205.00,16.00,54.35,75.25,7.88,0.00,0.00,,,,,,,,,0.6524757381375113,0.3403693581463344,0.0071549037161542815,UGC06614,0.6524757381375113,0.3403693581463344,0.22208274819592047
UGC06614,88.7,64.59,204.00,16.00,61.29,63.17,6.7,0.00,0.00,,,,,,,,,0.5121342133521599,0.4821046040306716,0.0057611826171683235,UGC06614,0.5121342133521599,0.4821046040306716,0.24690226213870256
UGC06628,15.1,1.10,26.90,8.27,3.02,29.07,0.0,2.46,0.00,,,,,,,,,0.9893226914581649,0.010677308541835127,0.0,UGC06628,0.9893226914581649,0.010677308541835127,0.010563303624137581
UGC06628,15.1,2.20,38.00,8.27,-3.24,37.16,0.0,3.06,0.00,,,,,,,,,0.9924551691463451,0.007544830853654893,0.0,UGC06628,0.9924551691463451,0.007544830853654893,0.007487906381044631
UGC06628,15.1,3.30,40.50,8.27,12.42,41.22,0.0,3.94,0.00,,,,,,,,,0.9167686444529911,0.08323135554700885,0.0,UGC06628,0.9167686444529911,0.08323135554700885,0.07630389700081625
UGC06628,15.1,4.39,41.40,8.27,16.39,45.0,0.0,7.12,0.00,,,,,,,,,0.8828791679363052,0.11712083206369499,0.0,UGC06628,0.8828791679363052,0.11712083206369499,0.10340354276040276
UGC06628,15.1,5.50,42.30,8.27,20.17,46.13,0.0,1.39,0.00,,,,,,,,,0.8395029315460775,0.16049706845392261,0.0,UGC06628,0.8395029315460775,0.16049706845392261,0.1347377594716195
UGC06628,15.1,6.59,42.30,8.27,25.63,47.72,0.0,7.71,0.00,,,,,,,,,0.7761160314049785,0.22388396859502144,0.0,UGC06628,0.7761160314049785,0.22388396859502144,0.1737599372011649
UGC06628,15.1,7.69,42.30,8.27,31.39,46.74,0.0,4.88,0.00,,,,,,,,,0.689165732927141,0.310834267072859,0.0,UGC06628,0.689165732927141,0.310834267072859,0.21421632548613756
UGC06667,18.0,0.87,26.60,4.40,0.0,6.92,0.0,0.79,0.00,,,,,,,,,1.0,0.0,0.0,UGC06667,1.0,0.0,0.0
UGC06667,18.0,1.74,45.20,2.70,0.0,10.96,0.0,8.69,0.00,,,,,,,,,1.0,0.0,0.0,UGC06667,1.0,0.0,0.0
UGC06667,18.0,2.61,57.00,3.90,8.65,14.33,0.0,6.97,0.00,,,,,,,,,0.7329402644238492,0.2670597355761509,0.0,UGC06667,0.7329402644238492,0.2670597355761509,0.1957388332101473
UGC06667,18.0,3.50,69.30,3.00,16.06,16.78,0.0,5.78,0.00,,,,,,,,,0.5219139486776451,0.4780860513223551,0.0,UGC06667,0.5219139486776451,0.4780860513223551,0.24951977885335364
UGC06667,18.0,4.37,77.30,3.40,18.32,18.48,0.0,4.81,0.00,,,,,,,,,0.5043477438989811,0.4956522561010189,0.0,UGC06667,0.5043477438989811,0.4956522561010189,0.24998109712298885
UGC06667,18.0,5.24,80.70,3.90,22.41,20.02,0.0,4.19,0.00,,,,,,,,,0.44385008557505273,0.5561499144249473,0.0,UGC06667,0.44385008557505273,0.5561499144249473,0.24684718711007111
UGC06667,18.0,6.11,84.00,3.00,23.49,21.36,0.0,3.64,0.00,,,,,,,,,0.4526152354439557,0.5473847645560443,0.0,UGC06667,0.4526152354439557,0.5473847645560443,0.24775468408796827
UGC06667,18.0,6.98,85.00,3.00,25.65,22.68,0.0,3.22,0.00,,,,,,,,,0.43877868291772903,0.561221317082271,0.0,UGC06667,0.43877868291772903,0.561221317082271,0.24625195033471203
UGC06667,18.0,7.85,85.70,3.40,24.46,24.0,0.0,2.82,0.00,,,,,,,,,0.49050849039540095,0.5094915096045991,0.0,UGC06667,0.49050849039540095,0.5094915096045991,0.24990991124542583
UGC06786,29.3,0.16,160.00,36.00,-1.22,8.07,9.49,6.57 1,13.38,,,,,,,,,0.4156729859695392,0.009500017233301886,0.5748269967971589,UGC06786,0.4156729859695392,0.009500017233301886,0.003948900530128675
UGC06786,29.3,0.32,177.00,30.90,-1.2,15.74,4.15,4.88,75.13,,,,,,,,,0.9299482264373611,0.0054052004785103865,0.06464657308412858,UGC06786,0.9299482264373611,0.0054052004785103865,0.00502655659852911
UGC06786,29.3,0.49,180.00,25.30,-1.08,23.42,1.67,2.74,61.05,,,,,,,,,0.9928404600800397,0.0021113157946658504,0.005048224125294572,UGC06786,0.9928404600800397,0.0021113157946658504,0.0020961997449502976
UGC06786,29.3,0.65,180.00,32.00,-0.96,30.3,7.64,1.58,82.73,,,,,,,,,0.9393366682313922,0.0009429278975286203,0.05972040387107916,UGC06786,0.9393366682313922,0.0009429278975286203,0.0008857267496469658
UGC06786,29.3,1.30,182.00,4.72,-0.33,55.43,3.18,8.80,56.43,,,,,,,,,0.9966843093902363,3.532610405753231e-05,0.003280364505706058,UGC06786,0.9966843093902363,3.532610405753231e-05,3.520897362602922e-05
UGC06786,29.3,1.46,183.00,10.80,0.44,61.06,0.04,8.86,76.90,,,,,,,,,0.9999476467706157,5.19241045532612e-05,4.2912483101868763e-07,UGC06786,0.9999476467706157,5.19241045532612e-05,5.192138615870494e-05
UGC06786,29.3,1.62,184.00,7.43,0.74,66.51,6.81,9.15,33.08,,,,,,,,,0.9895037109687727,0.0001224917871672539,0.01037379724406005,UGC06786,0.9895037109687727,0.0001224917871672539,0.00012120607796519481
UGC06786,29.3,3.72,206.00,8.42,4.94,26.3,7.67,5.74,0.87,,,,,,,,,0.8925924850549571,0.03149166529556182,0.07591584964948107,UGC06786,0.8925924850549571,0.03149166529556182,0.028109223784684476
UGC06786,29.3,3.89,207.00,4.54,5.38,30.52,4.55,7.38,0.48,,,,,,,,,0.9493975898702429,0.029501467357674768,0.0211009427720824,UGC06786,0.9493975898702429,0.029501467357674768,0.02800862200701207
UGC06786,29.3,4.05,209.00,5.36,5.86,34.47,1.56,1.65,0.28,,,,,,,,,0.9699799363910859,0.028033376924082302,0.0019866866848317014,UGC06786,0.9699799363910859,0.028033376924082302,0.027191813165648688
UGC06786,29.3,4.22,210.00,2.43,6.37,38.94,8.76,6.76,0.16,,,,,,,,,0.9281881954148842,0.02483836536378529,0.04697343922133061,UGC06786,0.9281881954148842,0.02483836536378529,0.02305467752406743
UGC06786,29.3,4.26,210.00,4.60,6.53,40.05,8.12,5.57,0.13,,,,,,,,,0.9366012452105824,0.024898664457754856,0.03850009033166259,UGC06786,0.9366012452105824,0.024898664457754856,0.02332012013521367
UGC06786,29.3,4.38,211.00,2.80,6.92,43.43,6.21,2.20,0.09,,,,,,,,,0.9561746805788903,0.024275588642367892,0.019549730778741763,UGC06786,0.9561746805788903,0.024275588642367892,0.023211703215980657
UGC06786,29.3,4.54,213.00,2.18,7.46,48.24,3.79,8.12,0.05,,,,,,,,,0.9707916601188605,0.023216090787198086,0.005992249093941451,UGC06786,0.9707916601188605,0.023216090787198086,0.022537987316774213
UGC06786,29.3,4.71,214.00,7.61,7.98,53.86,1.35,9.69,0.03,,,,,,,,,0.9779184045320888,0.021467214917732843,0.0006143805501782041,UGC06786,0.9779184045320888,0.021467214917732843,0.020993184562096756
UGC06786,29.3,4.86,215.00,4.70,8.49,58.53,9.31,5.82,0.02,,,,,,,,,0.9557105753519769,0.020108733753843717,0.0241806908941793,UGC06786,0.9557105753519769,0.020108733753843717,0.019218129505485695
UGC06786,29.3,5.02,215.00,2.34,9.0,62.82,7.24,6.68,0.01,,,,,,,,,0.9672977643347541,0.01985406040046375,0.012848175264782082,UGC06786,0.9672977643347541,0.01985406040046375,0.019204788238335758
UGC06786,29.3,5.18,216.00,2.95,9.51,66.08,5.27,7.59,0.01,,,,,,,,,0.973641289914951,0.020166008611259677,0.006192701473789324,UGC06786,0.973641289914951,0.020166008611259677,0.019634458636702882
UGC06786,29.3,5.35,217.00,4.48,10.02,68.84,3.26,8.81,0.00,,,,,,,,,0.9771075042552808,0.020701226085024456,0.002191269659694642,UGC06786,0.9771075042552808,0.020701226085024456,0.020227323354962565
UGC06786,29.3,5.51,217.00,3.99,10.53,70.67,1.46,0.68,0.00,,,,,,,,,0.9778721919344093,0.021710441529387937,0.0004173665362027484,UGC06786,0.9778721919344093,0.021710441529387937,0.02123003704620641
UGC06786,29.3,5.68,218.00,5.14,11.06,71.8,9.61,3.83,0.00,,,,,,,,,0.9600225195341521,0.022779426500121786,0.01719805396572613,UGC06786,0.9600225195341521,0.022779426500121786,0.02186876242218995
UGC06786,29.3,5.84,218.00,2.51,11.59,72.47,7.97,1.85,0.00,,,,,,,,,0.9636957651946559,0.02464848891506012,0.011655745890283882,UGC06786,0.9636957651946559,0.02464848891506012,0.02375364438589086
UGC06786,29.3,6.00,219.00,3.95,12.13,72.94,6.4,2.07,0.00,,,,,,,,,0.965852346999972,0.026711656623260676,0.007435996376767196,UGC06786,0.965852346999972,0.026711656623260676,0.025799516241833673
UGC06786,29.3,6.15,219.00,7.84,12.55,73.44,4.95,4.81,0.00,,,,,,,,,0.9673559314239423,0.02824934705585316,0.004394721520204708,UGC06786,0.9673559314239423,0.02824934705585316,0.027327173433333036
UGC06786,29.3,6.48,219.00,7.74,13.72,74.41,1.99,5.63,0.00,,,,,,,,,0.966451922384433,0.03285684567481089,0.0006912319407560763,UGC06786,0.966451922384433,0.03285684567481089,0.03175456166590963
UGC06786,29.3,6.64,219.00,6.69,14.25,74.58,0.63,7.00,0.00,,,,,,,,,0.9647117148814707,0.03521944622308611,6.883889544323977e-05,UGC06786,0.9647117148814707,0.03521944622308611,0.033976612363049136
UGC06786,29.3,6.81,220.00,6.26,14.68,74.53,9.24,8.11,0.00,,,,,,,,,0.9486167166891446,0.03680278141906836,0.014580501891787057,UGC06786,0.9486167166891446,0.03680278141906836,0.03491173367478489
UGC06786,29.3,7.10,220.00,2.52,15.64,74.07,6.99,2.68,0.00,,,,,,,,,0.9492252425354871,0.042321211060261155,0.008453546404251779,UGC06786,0.9492252425354871,0.042321211060261155,0.040172361833071935
UGC06786,29.3,7.13,220.00,11.40,15.74,73.95,6.76,1.11,0.00,,,,,,,,,0.9490727575892854,0.04299645072358564,0.007930791687128864,UGC06786,0.9490727575892854,0.04299645072358564,0.04080676005478525
UGC06786,29.3,8.52,220.00,2.93,20.1,62.17,7.67,2.84,0.00,,,,,,,,,0.8930581140558117,0.09334909261151439,0.013592793332673742,UGC06786,0.8930581140558117,0.09334909261151439,0.08336616459646035
UGC06786,29.3,10.66,225.00,1.79,25.95,49.89,7.32,5.13,0.00,,,,,,,,,0.7739472704732,0.20939151995477603,0.016661209572023855,UGC06786,0.7739472704732,0.20939151995477603,0.1620579953292335
UGC06786,29.3,11.99,228.00,5.71,28.72,44.35,2.33,8.64,0.00,,,,,,,,,0.7031780610668608,0.2948810981650226,0.0019408407681166292,UGC06786,0.7031780610668608,0.2948810981650226,0.20735391885294724
UGC06786,29.3,12.10,228.00,9.96,29.04,43.9,1.96,8.15,0.00,,,,,,,,,0.6946469926973055,0.30396833418085206,0.00138467312184244,UGC06786,0.6946469926973055,0.30396833418085206,0.21115068921393845
UGC06786,29.3,12.33,228.00,8.24,29.36,43.03,1.19,7.16,0.00,,,,,,,,,0.6819802574328917,0.3174981600413052,0.000521582525803068,UGC06786,0.6819802574328917,0.3174981600413052,0.21652747691943877
UGC06786,29.3,12.78,229.00,1.74,30.21,41.37,9.75,5.35,0.00,,,,,,,,,0.6294083867455065,0.33563167031574004,0.034959942938753485,UGC06786,0.6294083867455065,0.33563167031574004,0.21124938815412964
UGC06786,29.3,14.93,228.00,1.64,33.5,33.3,3.78,8.44,0.00,,,,,,,,,0.4938434019984783,0.4997932688479402,0.0063633291535815616,UGC06786,0.4938434019984783,0.4997932688479402,0.24681960818380688
UGC06786,29.3,17.08,226.00,1.34,35.21,25.19,8.98,4.75,0.00,,,,,,,,,0.3245840777369679,0.6341659604998792,0.041249961763152945,UGC06786,0.3245840777369679,0.6341659604998792,0.2058401734210317
UGC06786,29.3,19.23,226.00,1.39,35.84,17.76,5.01,2.40,0.00,,,,,,,,,0.19410035536105852,0.7904536507261157,0.015445993912825738,UGC06786,0.19410035536105852,0.7904536507261157,0.1534273345023851
UGC06786,29.3,21.27,227.00,1.11,35.52,11.0,1.81,1.83,0.00,,,,,,,,,0.08730495729813523,0.9103312429448034,0.002363799757061329,UGC06786,0.08730495729813523,0.9103312429448034,0.07947643029245442
UGC06786,29.3,23.42,227.00,1.37,34.46,6.04,8.91,1.10,0.00,,,,,,,,,0.027990396830103823,0.9110993244927558,0.06091027867714041,UGC06786,0.027990396830103823,0.9110993244927558,0.025502031644191767
UGC06786,29.3,25.57,224.00,2.79,32.87,1.01,6.38,0.42,0.00,,,,,,,,,0.0009090492686702644,0.9628177372702358,0.036273213461093926,UGC06786,0.0009090492686702644,0.9628177372702358,0.0008752487599282666
UGC06786,29.3,27.72,218.00,9.41,31.59,96.03,4.15,0.24,0.00,,,,,,,,,0.9008342897171672,0.09748331808866377,0.0016823921941691111,UGC06786,0.9008342897171672,0.09748331808866377,0.0878163156096741
UGC06786,29.3,29.87,215.00,8.18,30.53,91.96,2.16,0.13,0.00,,,,,,,,,0.9002759717763603,0.09922733842967693,0.0004966897939626279,UGC06786,0.9002759717763603,0.09922733842967693,0.08933198853155919
UGC06786,29.3,32.02,219.00,5.06,29.67,88.37,0.38,0.07,0.00,,,,,,,,,0.8986786348755336,0.101304747769379,1.6617355087399805e-05,UGC06786,0.8986786348755336,0.101304747769379,0.09104041243179578
UGC06786,29.3,34.05,211.00,7.05,29.04,85.42,8.86,0.00,0.00,,,,,,,,,0.8878344362409528,0.10261387207647388,0.009551691682573252,UGC06786,0.8878344362409528,0.10261387207647388,0.09110412926551743
UGC06787,21.3,0.12,134.00,41.10,-0.73,7.68,9.06,3.48 5,62.31,,,,,,,,,0.4165456087582601,0.003763447314915581,0.5796909439268243,UGC06787,0.4165456087582601,0.003763447314915581,0.00156764745282115
UGC06787,21.3,0.24,208.00,35.50,-0.84,14.95,8.38,1.67 2,20.83,,,,,,,,,0.7590958878520543,0.0023964745739685663,0.2385076375739771,UGC06787,0.7590958878520543,0.0023964745739685663,0.0018191539944415424
UGC06787,21.3,0.35,252.00,27.10,-0.93,21.23,9.46,2.34 1,19.99,,,,,,,,,0.8330038623511143,0.0015985010425649652,0.16539763660632079,UGC06787,0.8330038623511143,0.0015985010425649652,0.001331557542428899
UGC06787,21.3,0.47,272.00,11.60,-1.09,27.71,1.2,1.97 1,47.48,,,,,,,,,0.9965889749169405,0.0015420413611289285,0.001868983721930525,UGC06787,0.9965889749169405,0.0015420413611289285,0.0015367814193670026
UGC06787,21.3,0.59,276.00,12.60,-1.27,33.83,3.58,2.31,20.20,,,,,,,,,0.9875491220885493,0.0013917529598371974,0.011059124951613526,UGC06787,0.9875491220885493,0.0013917529598371974,0.0013744244136513642
UGC06787,21.3,0.71,271.00,16.30,-1.49,39.63,3.15,3.34,50.81,,,,,,,,,0.9923278212676667,0.0014027476820164789,0.006269431050316882,UGC06787,0.9923278212676667,0.0014027476820164789,0.0013919855510836823
UGC06787,21.3,0.83,266.00,11.90,-1.72,45.13,0.31,5.02,39.61,,,,,,,,,0.9985025282735115,0.0014503586039102223,4.711312257834383e-05,UGC06787,0.9985025282735115,0.0014503586039102223,0.0014481867329075974
UGC06787,21.3,0.94,262.00,12.20,-1.96,49.93,6.84,8.80,10.23,,,,,,,,,0.9800964927278594,0.0015102813020798091,0.018393225970060684,UGC06787,0.9800964927278594,0.0015102813020798091,0.0014802214072008855
UGC06787,21.3,1.06,260.00,12.10,-2.21,54.94,4.79,1.70,81.80,,,,,,,,,0.990864713578264,0.0016033251310684892,0.007531961290667374,UGC06787,0.990864713578264,0.0016033251310684892,0.0015886782967690111
UGC06787,21.3,1.18,260.00,11.90,-2.45,59.69,3.21,5.20,24.16,,,,,,,,,0.9954440691498138,0.0016770494724984426,0.00287888137768783,UGC06787,0.9954440691498138,0.0016770494724984426,0.0016694089510693984
UGC06787,21.3,1.30,259.00,8.04,-2.69,64.21,1.21,9.27,69.24,,,,,,,,,0.9978942422233309,0.0017513935136841945,0.00035436426298489924,UGC06787,0.9978942422233309,0.0017513935136841945,0.0017477055031727463
UGC06787,21.3,1.42,257.00,10.20,-2.93,68.53,9.11,3.91,58.71,,,,,,,,,0.980873394368795,0.0017930265971077026,0.017333579034097327,UGC06787,0.980873394368795,0.0017930265971077026,0.0017587320844985618
UGC06787,21.3,1.53,254.00,9.68,-3.17,72.32,6.55,0.29,86.92,,,,,,,,,0.9899772744729652,0.0019020718347129504,0.008120653692321782,UGC06787,0.9899772744729652,0.0019020718347129504,0.001883007890780919
UGC06787,21.3,1.66,244.00,4.95,-3.41,76.57,3.54,4.76,02.98,,,,,,,,,0.9958961799449598,0.0019751747737766587,0.0021286452812634546,UGC06787,0.9958961799449598,0.0019751747737766587,0.0019670690119278247
UGC06787,21.3,1.89,228.00,9.83,-3.87,83.6,7.2,8.72,19.64,,,,,,,,,0.9905301852727232,0.002122643645379434,0.007347171081897447,UGC06787,0.9905301852727232,0.002122643645379434,0.002102542603325659
UGC06787,21.3,2.01,220.00,18.60,-4.09,87.03,3.4,5.81,72.02,,,,,,,,,0.9962791099622506,0.0022003393879573173,0.0015205506497920618,UGC06787,0.9962791099622506,0.0022003393879573173,0.0021921521670489994
UGC06787,21.3,2.13,215.00,4.11,-4.3,90.32,9.39,3.36,56.41,,,,,,,,,0.9870937323734934,0.0022373166139997816,0.010668951012506771,UGC06787,0.9870937323734934,0.0022373166139997816,0.002208441207014271
UGC06787,21.3,2.24,213.00,16.10,-4.5,93.19,5.56,2.33,71.14,,,,,,,,,0.9941430522031741,0.002318116647103098,0.003538831149722781,UGC06787,0.9941430522031741,0.002318116647103098,0.002304539558914062
UGC06787,21.3,3.10,228.00,9.59,-5.53,12.13,5.35,6.86,45.54,,,,,,,,,0.7130788314255625,0.1482061429589857,0.1387150256154517,UGC06787,0.7130788314255625,0.1482061429589857,0.10568266323128339
UGC06787,21.3,3.79,236.00,7.22,-5.65,21.66,2.68,0.21,5.71,,,,,,,,,0.9230613041934205,0.06280735961185259,0.01413133619472692,UGC06787,0.9230613041934205,0.06280735961185259,0.057975043276261816
UGC06787,21.3,3.90,236.00,7.24,-5.61,22.76,9.34,3.29,4.09,,,,,,,,,0.8135652847468132,0.04942806576085481,0.1370066494923321,UGC06787,0.8135652847468132,0.04942806576085481,0.040212958395214056
UGC06787,21.3,4.14,237.00,8.26,-5.45,24.89,2.83,9.91,2.00,,,,,,,,,0.9426201284646699,0.045193910442946725,0.012185961092383337,UGC06787,0.9426201284646699,0.045193910442946725,0.04260068966755123
UGC06787,21.3,4.25,237.00,4.07,-5.32,25.78,9.95,4.78,1.43,,,,,,,,,0.8392438919765586,0.03573926590196174,0.12501684212147968,UGC06787,0.8392438919765586,0.03573926590196174,0.029993960611947482
UGC06787,21.3,4.37,237.00,4.04,-5.15,26.75,6.93,9.83,1.00,,,,,,,,,0.9056493280238609,0.03356811501792346,0.06078255695821555,UGC06787,0.9056493280238609,0.03356811501792346,0.03040094080901005
UGC06787,21.3,4.49,237.00,1.94,-4.93,27.73,4.04,5.47,0.70,,,,,,,,,0.9498177695726943,0.030021638396431526,0.020160592030874305,UGC06787,0.9498177695726943,0.030021638396431526,0.02851508562061655
UGC06787,21.3,4.61,237.00,1.49,-4.62,28.73,1.23,1.16,0.48,,,,,,,,,0.973054222581437,0.025162265513983637,0.0017835119045794606,UGC06787,0.973054222581437,0.025162265513983637,0.02448424870809705
UGC06787,21.3,4.72,236.00,2.38,-4.24,29.65,8.76,7.54,0.35,,,,,,,,,0.9027402615446084,0.01846057099658393,0.07879916745880756,UGC06787,0.9027402615446084,0.01846057099658393,0.01666510068971899
UGC06787,21.3,5.16,235.00,2.40,-1.43,33.7,9.77,3.97,0.09,,,,,,,,,0.9209384004609841,0.0016582226973053083,0.07740337684171053,UGC06787,0.9209384004609841,0.0016582226973053083,0.0015271209584644492
UGC06787,21.3,5.43,234.00,4.05,3.32,36.22,4.84,5.04,0.04,,,,,,,,,0.974413526961018,0.008186958326314286,0.017399514712667652,UGC06787,0.974413526961018,0.008186958326314286,0.007977482937826776
UGC06787,21.3,5.56,233.00,3.03,4.2,37.4,2.59,9.83,0.03,,,,,,,,,0.9828908991523552,0.012395404115822262,0.004713696731822409,UGC06787,0.9828908991523552,0.012395404115822262,0.012183329896757347
UGC06787,21.3,5.67,233.00,2.48,4.99,38.33,0.72,5.11,0.02,,,,,,,,,0.9829931927274012,0.01665996033473406,0.000346846937864753,UGC06787,0.9829931927274012,0.01665996033473406,0.0163766276001521
UGC06787,21.3,5.79,233.00,3.03,5.73,39.24,8.73,9.65,0.01,,,,,,,,,0.9338644757225061,0.019912926999944323,0.04622259727754955,UGC06787,0.9338644757225061,0.019912926999944323,0.01859597513290354
UGC06787,21.3,5.91,232.00,6.70,6.43,39.93,6.59,3.87,0.01,,,,,,,,,0.9495151764443779,0.024622108235226293,0.02586271532039577,UGC06787,0.9495151764443779,0.024622108235226293,0.023379065445403465
UGC06787,21.3,6.03,232.00,7.44,7.14,40.45,4.7,9.00,0.01,,,,,,,,,0.957251042709935,0.029825327401061537,0.01292362988900363,UGC06787,0.957251042709935,0.029825327401061537,0.028550325753831353
UGC06787,21.3,6.20,232.00,1.64,8.18,41.04,2.21,3.32,0.00,,,,,,,,,0.9591154288638986,0.0381033167032833,0.0027812544328182217,UGC06787,0.9591154288638986,0.0381033167032833,0.03654547894100651
UGC06787,21.3,6.50,233.00,14.30,9.96,42.01,7.9,5.03,0.00,,,,,,,,,0.9161091866461016,0.05149446518695486,0.0323963481669434,UGC06787,0.9161091866461016,0.05149446518695486,0.04717455261919721
UGC06787,21.3,6.85,235.00,7.57,11.78,43.12,3.33,7.04,0.00,,,,,,,,,0.9254141354456124,0.06906677944170285,0.005519085112684868,UGC06787,0.9254141354456124,0.06906677944170285,0.06391537398505624
UGC06787,21.3,6.98,236.00,3.05,12.31,43.59,1.7,4.55,0.00,,,,,,,,,0.9248357105538625,0.07375763087935824,0.001406658566779436,UGC06787,0.9248357105538625,0.07375763087935824,0.06821369096308079
UGC06787,21.3,7.09,236.00,2.91,12.85,44.05,0.36,2.66,0.00,,,,,,,,,0.9215198447076742,0.07841860673635648,6.154855596924586e-05,UGC06787,0.9215198447076742,0.07841860673635648,0.0722643023018794
UGC06787,21.3,7.21,237.00,4.07,13.38,44.62,8.93,0.65,0.00,,,,,,,,,0.8849767861572786,0.07957652567079981,0.03544668817192161,UGC06787,0.8849767861572786,0.07957652567079981,0.0704233779417066
UGC06787,21.3,7.22,238.00,2.02,13.48,44.67,8.82,0.38,0.00,,,,,,,,,0.8849166466252315,0.08058426411996532,0.03449908925480319,UGC06787,0.8849166466252315,0.08058426411996532,0.07131035677580168
UGC06787,21.3,7.33,238.00,6.76,13.91,45.21,7.55,7.25,0.00,,,,,,,,,0.8908268777490159,0.08432931213949997,0.0248438101114841,UGC06787,0.8908268777490159,0.08432931213949997,0.07512281783595294
UGC06787,21.3,7.45,239.00,3.49,14.44,45.73,6.2,3.54,0.00,,,,,,,,,0.8943824198796803,0.08917748862205818,0.016440091498261585,UGC06787,0.8943824198796803,0.08917748862205818,0.07975877807258905
UGC06787,21.3,7.56,240.00,10.10,14.86,46.08,4.99,9.89,0.00,,,,,,,,,0.8962808063413146,0.09320876940690337,0.010510424251782157,UGC06787,0.8962808063413146,0.09320876940690337,0.08354123100210101
UGC06787,21.3,8.26,247.00,0.85,17.52,44.87,7.97,8.37,0.00,,,,,,,,,0.8445871575335425,0.12876580226380852,0.026647040202648877,UGC06787,0.8445871575335425,0.12876580226380852,0.10875394292151623
UGC06787,21.3,8.98,252.00,8.91,19.64,41.68,1.5,7.69,0.00,,,,,,,,,0.8174387187664984,0.18150255834504206,0.0010587228884595442,UGC06787,0.8174387187664984,0.18150255834504206,0.14836721874641282
UGC06787,21.3,9.09,253.00,7.13,19.85,41.18,0.58,6.21,0.00,,,,,,,,,0.8113251897123427,0.18851386500106473,0.00016094528659241076,UGC06787,0.8113251897123427,0.18851386500106473,0.1529460472853958
UGC06787,21.3,9.30,254.00,0.73,20.28,40.17,8.87,3.60,0.00,,,,,,,,,0.7670854820073283,0.19551316272483887,0.037401355267832864,UGC06787,0.7670854820073283,0.19551316272483887,0.14997530866756023
UGC06787,21.3,10.32,253.00,0.96,21.76,34.57,1.32,6.44,0.00,,,,,,,,,0.7154805032242528,0.28347634642817093,0.0010431503475760912,UGC06787,0.7154805032242528,0.28347634642817093,0.20282179899460037
UGC06787,21.3,11.38,247.00,1.99,22.29,31.1,4.58,2.01,0.00,,,,,,,,,0.6513064883179167,0.3345682799107493,0.01412523177133399,UGC06787,0.6513064883179167,0.3345682799107493,0.21790649149123592
UGC06787,21.3,12.40,238.00,3.15,22.29,27.84,8.93,8.41,0.00,,,,,,,,,0.5734198662883255,0.3675821470958631,0.058997986615811474,UGC06787,0.5734198662883255,0.3675821470958631,0.21077890563768545
UGC06787,21.3,13.41,229.00,1.67,21.87,25.7,3.98,5.63,0.00,,,,,,,,,0.5720374011596642,0.41424353988512136,0.013719058955214379,UGC06787,0.5720374011596642,0.41424353988512136,0.23696279800306452
UGC06787,21.3,14.43,223.00,3.52,21.55,23.24,9.52,2.46,0.00,,,,,,,,,0.49318104098096066,0.4240613333296808,0.08275762568935847,UGC06787,0.49318104098096066,0.4240613333296808,0.20913900981130615
UGC06787,21.3,15.44,220.00,1.13,21.55,20.61,5.54,0.23,0.00,,,,,,,,,0.4617759626345657,0.5048587501095269,0.033365287255907435,UGC06787,0.4617759626345657,0.5048587501095269,0.23313163532631043
UGC06787,21.3,16.57,220.00,1.12,22.08,17.78,1.53,8.33,0.00,,,,,,,,,0.39222095105470167,0.6048746910188229,0.00290435792647529,UGC06787,0.39222095105470167,0.6048746910188229,0.23724452658032152
UGC06787,21.3,17.58,224.00,1.93,22.61,15.53,8.28,6.91,0.00,,,,,,,,,0.29378218978614323,0.6227068983620712,0.08351091185178562,UGC06787,0.29378218978614323,0.6227068983620712,0.18294019619574658
UGC06787,21.3,18.60,228.00,2.04,23.25,13.08,5.27,5.45,0.00,,,,,,,,,0.23137862583981156,0.7310610804279776,0.03756029373221075,UGC06787,0.23137862583981156,0.7310610804279776,0.1691519081943934
UGC06787,21.3,19.61,234.00,2.55,24.2,10.31,2.52,4.48,0.00,,,,,,,,,0.15222419451041944,0.8386815440367241,0.009094261452856385,UGC06787,0.15222419451041944,0.8386815440367241,0.1276676224917452
UGC06787,21.3,20.62,239.00,2.91,26.01,7.85,9.98,3.92,0.00,,,,,,,,,0.07355776174793462,0.8075508837435825,0.11889135450848291,UGC06787,0.07355776174793462,0.8075508837435825,0.05940163550574449
UGC06787,21.3,21.64,243.00,3.08,28.66,5.68,7.6,3.37,0.00,,,,,,,,,0.03539802812759897,0.9012281960637162,0.06337377580868493,UGC06787,0.03539802812759897,0.9012281960637162,0.031901701033648706
UGC06787,21.3,22.77,245.00,3.60,31.74,3.62,5.14,2.89,0.00,,,,,,,,,0.012516719970627106,0.9622484936266394,0.02523478640273342,UGC06787,0.012516719970627106,0.9622484936266394,0.012044194936882408
UGC06787,21.3,23.78,247.00,2.67,34.4,1.87,3.1,2.36,0.00,,,,,,,,,0.002922688458828239,0.9890453300463222,0.008031981494849546,UGC06787,0.002922688458828239,0.9890453300463222,0.0028906713713843526
UGC06787,21.3,24.79,249.00,3.37,36.31,99.95,1.18,1.81,0.00,,,,,,,,,0.883304106496563,0.11657277915607962,0.0001231143473573519,UGC06787,0.883304106496563,0.11657277915607962,0.10296921453428208
UGC06787,21.3,25.81,250.00,2.08,37.37,97.79,9.36,1.47,0.00,,,,,,,,,0.865653564232119,0.12641581967885498,0.007930616089025929,UGC06787,0.865653564232119,0.12641581967885498,0.10943230488032567
UGC06787,21.3,26.82,251.00,1.68,37.79,95.84,7.67,1.26,0.00,,,,,,,,,0.8606744243413454,0.1338132354222954,0.0055123402363591,UGC06787,0.8606744243413454,0.1338132354222954,0.11516962936633703
UGC06787,21.3,27.84,251.00,2.78,37.79,94.22,6.04,1.08,0.00,,,,,,,,,0.8583862533556336,0.13808621895504458,0.0035275276893219063,UGC06787,0.8583862533556336,0.13808621895504458,0.11853131212886639
UGC06787,21.3,29.41,248.00,3.40,37.26,91.66,3.72,0.68,0.00,,,,,,,,,0.8569778990417252,0.14161055248764404,0.001411548470630726,UGC06787,0.8569778990417252,0.14161055248764404,0.12135711375299914
UGC06787,21.3,30.99,246.00,2.91,36.63,88.64,1.55,0.41,0.00,,,,,,,,,0.8539149148769472,0.14582397813156944,0.0002611069914834018,UGC06787,0.8539149148769472,0.14582397813156944,0.12452126987323692
UGC06787,21.3,32.57,249.00,3.46,35.88,86.0,9.55,0.40,0.00,,,,,,,,,0.8428896440579374,0.14671640748854797,0.01039394845351461,UGC06787,0.8428896440579374,0.14671640748854797,0.12366574048548151
UGC06787,21.3,34.03,252.00,3.23,35.14,84.24,7.83,0.34,0.00,,,,,,,,,0.845561208469065,0.14713359576825333,0.007305195762681663,UGC06787,0.845561208469065,0.14713359576825333,0.1244104610442032
UGC06787,21.3,37.19,255.00,4.16,33.12,79.85,4.45,0.00,0.00,,,,,,,,,0.8509578593968999,0.14639925579353316,0.002642884809566954,UGC06787,0.8509578593968999,0.14639925579353316,0.12457959732736418
UGC06818,18.0,0.87,23.40,5.55,3.13,27.44,0.0,6.66,0.00,,,,,,,,,0.9871558261843157,0.012844173815684156,0.0,UGC06818,0.9871558261843157,0.012844173815684156,0.012679201014676648
UGC06818,18.0,1.74,28.00,5.20,4.07,38.72,0.0,6.41,0.00,,,,,,,,,0.9890718670423794,0.010928132957620558,0.0,UGC06818,0.9890718670423794,0.010928132957620558,0.010808708867681125
UGC06818,18.0,2.61,36.70,4.25,7.08,40.85,0.0,8.57,0.00,,,,,,,,,0.9708372271698809,0.02916277283011904,0.0,UGC06818,0.9708372271698809,0.02916277283011904,0.02831230551097791
UGC06818,18.0,3.50,47.60,4.25,10.56,41.42,0.0,0.76,0.00,,,,,,,,,0.9389678895316699,0.06103211046833012,0.0,UGC06818,0.9389678895316699,0.06103211046833012,0.057307191960111664
UGC06818,18.0,4.37,63.30,4.75,13.36,40.22,0.0,6.42,0.00,,,,,,,,,0.9006258984554638,0.09937410154453612,0.0,UGC06818,0.9006258984554638,0.09937410154453612,0.08949888948675233
UGC06818,18.0,5.24,71.20,5.25,17.35,39.25,0.0,3.11,0.00,,,,,,,,,0.8365416203976466,0.16345837960235343,0.0,UGC06818,0.8365416203976466,0.16345837960235343,0.13673973774012635
UGC06818,18.0,6.11,68.10,6.00,19.51,37.01,0.0,1.37,0.00,,,,,,,,,0.7825386164674394,0.2174613835325606,0.0,UGC06818,0.7825386164674394,0.2174613835325606,0.17017193020466517
UGC06818,18.0,6.98,74.40,6.00,20.91,34.75,0.0,0.86,0.00,,,,,,,,,0.7341740036695249,0.2658259963304751,0.0,UGC06818,0.7341740036695249,0.2658259963304751,0.19516253600538533
UGC06917,18.0,1.74,59.20,3.50,0.0,56.25,0.0,4.05,0.00,,,,,,,,,1.0,0.0,0.0,UGC06917,1.0,0.0,0.0
UGC06917,18.0,2.61,71.20,4.00,0.0,59.09,0.0,9.41,0.00,,,,,,,,,1.0,0.0,0.0,UGC06917,1.0,0.0,0.0
UGC06917,18.0,3.50,84.50,4.40,6.4,61.72,0.0,8.85,0.00,,,,,,,,,0.9893619187441745,0.010638081255825493,0.0,UGC06917,0.9893619187441745,0.010638081255825493,0.010524912483019948
UGC06917,18.0,4.37,93.50,4.50,14.66,63.73,0.0,9.86,0.00,,,,,,,,,0.949744138128347,0.05025586187165295,0.0,UGC06917,0.949744138128347,0.05025586187165295,0.047730210219190286
UGC06917,18.0,5.24,97.50,3.50,17.89,64.38,0.0,9.57,0.00,,,,,,,,,0.9283171735403973,0.07168282645960272,0.0,UGC06917,0.9283171735403973,0.07168282645960272,0.0665443988503652
UGC06917,18.0,6.11,100.00,3.50,20.91,64.3,0.0,6.34,0.00,,,,,,,,,0.9043624102719718,0.09563758972802806,0.0,UGC06917,0.9043624102719718,0.09563758972802806,0.08649104115904144
UGC06917,18.0,6.98,101.00,4.00,24.79,64.23,0.0,0.95,0.00,,,,,,,,,0.8703503580246315,0.12964964197536852,0.0,UGC06917,0.8703503580246315,0.12964964197536852,0.11284061231102728
UGC06917,18.0,7.85,103.00,3.50,27.59,62.94,0.0,8.29,0.00,,,,,,,,,0.838817649838543,0.16118235016145696,0.0,UGC06917,0.838817649838543,0.16118235016145696,0.13520260015788643
UGC06917,18.0,8.72,105.00,4.00,29.1,61.95,0.0,6.21,0.00,,,,,,,,,0.8192358492831584,0.18076415071684157,0.0,UGC06917,0.8192358492831584,0.18076415071684157,0.14808847253246055
UGC06917,18.0,9.60,110.00,4.90,32.76,60.68,0.0,4.78,0.00,,,,,,,,,0.774310324523477,0.22568967547652294,0.0,UGC06917,0.774310324523477,0.22568967547652294,0.1747538458598247
UGC06917,18.0,10.47,111.00,6.00,36.86,60.19,0.0,3.35,0.00,,,,,,,,,0.7272587026422607,0.2727412973577394,0.0,UGC06917,0.7272587026422607,0.2727412973577394,0.1983534820733566
UGC06923,18.0,0.93,40.50,7.35,9.26,50.64,0.0,9.38,0.00,,,,,,,,,0.967644334456839,0.03235566554316098,0.0,UGC06923,0.967644334456839,0.03235566554316098,0.03130877645042009
UGC06923,18.0,1.94,53.90,5.90,16.49,55.16,0.0,1.50,0.00,,,,,,,,,0.9179615776605524,0.0820384223394476,0.0,UGC06923,0.9179615776605524,0.0820384223394476,0.07530811959950202
UGC06923,18.0,2.87,73.00,4.70,21.98,56.07,0.0,7.77,0.00,,,,,,,,,0.8667976227950127,0.13320237720498734,0.0,UGC06923,0.8667976227950127,0.13320237720498734,0.11545950391192762
UGC06923,18.0,3.72,78.40,3.90,25.0,55.82,0.0,5.87,0.00,,,,,,,,,0.8329266723986629,0.16707332760133706,0.0,UGC06923,0.8329266723986629,0.16707332760133706,0.13915983080555336
UGC06923,18.0,4.47,79.30,5.30,28.23,53.8,0.0,8.68,0.00,,,,,,,,,0.7841093485841,0.21589065141590008,0.0,UGC06923,0.7841093485841,0.21589065141590008,0.16928187804711842
UGC06923,18.0,5.16,81.10,5.10,30.82,51.88,0.0,5.50,0.00,,,,,,,,,0.7391468593951107,0.26085314060488923,0.0,UGC06923,0.7391468593951107,0.26085314060488923,0.1928087796414551
UGC06930,18.0,1.74,54.70,8.30,0.0,52.62,0.0,8.43,0.00,,,,,,,,,1.0,0.0,0.0,UGC06930,1.0,0.0,0.0
UGC06930,18.0,3.50,85.40,7.00,5.24,59.95,0.0,0.84,0.00,,,,,,,,,0.9924180857328788,0.007581914267121153,0.0,UGC06930,0.9924180857328788,0.007581914267121153,0.007524428843167177
UGC06930,18.0,5.24,93.80,6.20,17.89,62.66,0.0,4.98,0.00,,,,,,,,,0.9246284972306776,0.07537150276932231,0.0,UGC06930,0.9246284972306776,0.07537150276932231,0.06969063933961635
UGC06930,18.0,6.98,98.70,5.20,25.97,65.09,0.0,7.98,0.00,,,,,,,,,0.8626714644577064,0.13732853554229366,0.0,UGC06930,0.8626714644577064,0.13732853554229366,0.11846940886810264
UGC06930,18.0,8.72,103.00,5.20,29.85,66.99,0.0,0.91,0.00,,,,,,,,,0.8343418702564824,0.1656581297435175,0.0,UGC06930,0.8343418702564824,0.1656581297435175,0.13821551379339742
UGC06930,18.0,10.47,107.00,5.20,34.48,67.16,0.0,6.05,0.00,,,,,,,,,0.7914019457705248,0.20859805422947514,0.0,UGC06930,0.7914019457705248,0.20859805422947514,0.16508490600115208
UGC06930,18.0,12.19,109.00,5.20,40.3,63.93,0.0,2.66,0.00,,,,,,,,,0.7156274491082325,0.2843725508917676,0.0,UGC06930,0.7156274491082325,0.2843725508917676,0.2035048031910767
UGC06930,18.0,13.94,108.00,7.40,42.57,59.68,0.0,0.84,0.00,,,,,,,,,0.6627770449259518,0.33722295507404826,0.0,UGC06930,0.6627770449259518,0.33722295507404826,0.2235036336451747
UGC06930,18.0,15.68,108.00,7.40,40.84,54.03,0.0,0.00,0.00,,,,,,,,,0.6363958290845954,0.3636041709154046,0.0,UGC06930,0.6363958290845954,0.3636041709154046,0.2313961778083258
UGC06930,18.0,16.61,108.00,7.40,39.98,51.7,0.0,0.00,0.00,,,,,,,,,0.6257804433058451,0.37421955669415496,0.0,UGC06930,0.6257804433058451,0.37421955669415496,0.23417928008178515
UGC06973,18.0,1.74,170.00,4.70,2.96,30.95,,2.19,0.01,,,,,,,,,0.0,0.0,0.0,UGC06973,0.0,0.0,0.0
UGC06973,18.0,2.61,174.00,4.20,15.3,83.41,9.85,1.45,0.00,,,,,,,,,0.9545695627890936,0.03211842212752791,0.013312015083378512,UGC06973,0.9545695627890936,0.03211842212752791,0.030659268167749866
UGC06973,18.0,3.50,170.00,4.20,20.26,51.38,4.86,1.13,0.00,,,,,,,,,0.858787122254986,0.13352918726258067,0.0076836904824333285,UGC06973,0.858787122254986,0.13352918726258067,0.11467314646627878
UGC06973,18.0,4.37,170.00,4.30,23.49,23.34,4.89,8.49,0.00,,,,,,,,,0.486194537576851,0.49246390594903217,0.021341556474116865,UGC06973,0.486194537576851,0.49246390594903217,0.23943326102617954
UGC06973,18.0,5.32,171.00,4.80,28.67,3.29,6.94,4.38,0.00,,,,,,,,,0.012286757372610636,0.933041309867024,0.05467193276036526,UGC06973,0.012286757372610636,0.933041309867024,0.011464052192958943
UGC06973,18.0,6.28,174.00,4.90,33.19,86.33,0.82,9.11,0.00,,,,,,,,,0.8711591614160666,0.12876224235099332,7.859623294006462e-05,UGC06973,0.8711591614160666,0.12876224235099332,0.11217240706854367
UGC06973,18.0,6.81,177.00,10.10,32.98,78.04,8.0,5.17,0.00,,,,,,,,,0.8409703390895401,0.15019222797483867,0.008837432935621234,UGC06973,0.8409703390895401,0.15019222797483867,0.12630720888861358
UGC06973,18.0,7.33,178.00,6.30,32.11,70.62,5.55,3.87,0.00,,,,,,,,,0.824458959514065,0.1704489093226213,0.005092131163313709,UGC06973,0.824458959514065,0.1704489093226213,0.14052813043043558
UGC06973,18.0,7.85,180.00,7.70,30.71,64.4,3.34,2.91,0.00,,,,,,,,,0.8129496598893876,0.1848636620248271,0.0021866780857851863,UGC06973,0.8129496598893876,0.1848636620248271,0.15028485116898987
UGC06983,18.0,1.74,56.90,6.60,0.0,57.53,0.0,8.90,0.00,,,,,,,,,1.0,0.0,0.0,UGC06983,1.0,0.0,0.0
UGC06983,18.0,2.61,87.40,4.80,0.0,63.17,0.0,6.82,0.00,,,,,,,,,1.0,0.0,0.0,UGC06983,1.0,0.0,0.0
UGC06983,18.0,3.50,92.10,5.70,0.0,61.1,0.0,4.53,0.00,,,,,,,,,1.0,0.0,0.0,UGC06983,1.0,0.0,0.0
UGC06983,18.0,4.37,93.50,5.20,8.69,59.01,0.0,7.42,0.00,,,,,,,,,0.9787738761954998,0.02122612380450023,0.0,UGC06983,0.9787738761954998,0.02122612380450023,0.02077557547273626
UGC06983,18.0,5.24,98.20,4.40,16.6,57.64,0.0,1.69,0.00,,,,,,,,,0.9234115086632045,0.07658849133679549,0.0,UGC06983,0.9234115086632045,0.07658849133679549,0.0707226943315491
UGC06983,18.0,6.11,99.70,4.40,18.86,56.44,0.0,0.25,0.00,,,,,,,,,0.8995531763315051,0.10044682366849494,0.0,UGC06983,0.8995531763315051,0.10044682366849494,0.09035725928340524
UGC06983,18.0,6.98,102.00,3.50,23.82,56.03,0.0,7.82,0.00,,,,,,,,,0.8469300883875924,0.15306991161240754,0.0,UGC06983,0.8469300883875924,0.15306991161240754,0.12963951377137728
UGC06983,18.0,7.85,107.00,4.40,29.74,55.57,0.0,5.78,0.00,,,,,,,,,0.7773519773794413,0.22264802262055874,0.0,UGC06983,0.7773519773794413,0.22264802262055874,0.1730758806437139
UGC06983,18.0,8.72,108.00,4.40,30.17,54.32,0.0,3.82,0.00,,,,,,,,,0.764243841829994,0.23575615817000597,0.0,UGC06983,0.764243841829994,0.23575615817000597,0.1801751920549251
UGC06983,18.0,9.60,110.00,4.40,31.9,52.55,0.0,2.70,0.00,,,,,,,,,0.7307277833089119,0.2692722166910882,0.0,UGC06983,0.7307277833089119,0.2692722166910882,0.19676469000935584
UGC06983,18.0,10.47,113.00,4.40,35.89,51.23,0.0,1.88,0.00,,,,,,,,,0.6707840172979384,0.3292159827020617,0.0,UGC06983,0.6707840172979384,0.3292159827020617,0.22083281943557753
UGC06983,18.0,11.35,110.00,5.20,38.26,49.57,0.0,1.10,0.00,,,,,,,,,0.6266710192839223,0.3733289807160778,0.0,UGC06983,0.6266710192839223,0.3733289807160778,0.23395445287357225
UGC06983,18.0,12.19,108.00,5.70,39.33,47.76,0.0,0.58,0.00,,,,,,,,,0.5958978976931405,0.4041021023068595,0.0,UGC06983,0.5958978976931405,0.4041021023068595,0.24080359321803596
UGC06983,18.0,13.12,109.00,8.60,40.63,45.68,0.0,0.00,0.00,,,,,,,,,0.5583104008651011,0.44168959913489897,0.0,UGC06983,0.5583104008651011,0.44168959913489897,0.24659989715095124
UGC06983,18.0,13.94,108.00,9.80,40.95,43.38,0.0,0.00,0.00,,,,,,,,,0.5287914619129667,0.4712085380870333,0.0,UGC06983,0.5287914619129667,0.4712085380870333,0.24917105172091417
UGC06983,18.0,14.86,108.00,9.80,40.63,41.42,0.0,0.00,0.00,,,,,,,,,0.5096273829478989,0.49037261705210117,0.0,UGC06983,0.5096273829478989,0.49037261705210117,0.24990731349757453
UGC06983,18.0,15.68,109.00,12.30,40.09,39.99,0.0,0.00,0.00,,,,,,,,,0.498751250698523,0.5012487493014769,0.0,UGC06983,0.498751250698523,0.5012487493014769,0.249998440625182
UGC07089,18.0,0.87,20.90,4.70,4.05,19.26,0.0,8.02,0.00,,,,,,,,,0.95765458689697,0.04234541310303004,0.0,UGC07089,0.95765458689697,0.04234541310303004,0.04055227909216377
UGC07089,18.0,1.74,36.40,3.90,8.89,32.89,0.0,6.39,0.00,,,,,,,,,0.9319149071808522,0.06808509281914761,0.0,UGC07089,0.9319149071808522,0.06808509281914761,0.06344951295495566
UGC07089,18.0,2.61,43.40,3.90,12.07,42.35,0.0,6.37,0.00,,,,,,,,,0.9248739974899023,0.07512600251009768,0.0,UGC07089,0.9248739974899023,0.07512600251009768,0.06948208625695047
UGC07089,18.0,3.50,51.20,4.70,13.47,46.88,0.0,5.35,0.00,,,,,,,,,0.9237379019528321,0.07626209804716785,0.0,UGC07089,0.9237379019528321,0.07626209804716785,0.07044619044861201
UGC07089,18.0,4.37,59.70,3.90,14.33,50.13,0.0,7.79,0.00,,,,,,,,,0.9244586949997678,0.07554130500023212,0.0,UGC07089,0.9244586949997678,0.07554130500023212,0.06983481623909403
UGC07089,18.0,5.24,64.50,4.40,18.1,50.81,0.0,1.52,0.00,,,,,,,,,0.8873908440345144,0.11260915596548561,0.0,UGC07089,0.8873908440345144,0.11260915596548561,0.09992833395822655
UGC07089,18.0,6.11,67.90,3.90,21.23,49.78,0.0,7.62,0.00,,,,,,,,,0.8461080116020381,0.15389198839796195,0.0,UGC07089,0.8461080116020381,0.15389198839796195,0.1302092443048835
UGC07089,18.0,6.55,72.80,7.30,22.41,49.26,0.0,6.38,0.00,,,,,,,,,0.8285250968525645,0.17147490314743563,0.0,UGC07089,0.8285250968525645,0.17147490314743563,0.1420712607380132
UGC07089,18.0,6.98,70.30,6.10,23.49,48.73,0.0,5.35,0.00,,,,,,,,,0.8114470271081157,0.18855297289188433,0.0,UGC07089,0.8114470271081157,0.18855297289188433,0.15300074930551666
UGC07089,18.0,7.85,73.70,6.10,25.32,47.5,0.0,3.71,0.00,,,,,,,,,0.7787281933671583,0.22127180663284177,0.0,UGC07089,0.7787281933671583,0.22127180663284177,0.17231059422228007
UGC07089,18.0,8.72,77.60,6.10,26.4,46.22,0.0,2.54,0.00,,,,,,,,,0.7540067436374446,0.24599325636255542,0.0,UGC07089,0.7540067436374446,0.24599325636255542,0.1854805741867015
UGC07089,18.0,9.16,79.10,7.30,26.4,45.5,0.0,2.07,0.00,,,,,,,,,0.7481362093950225,0.25186379060497754,0.0,UGC07089,0.7481362093950225,0.25186379060497754,0.18842842158706957
UGC07125,19.8,1.44,26.10,3.30,9.09,27.58,0.0,2.23,0.00,,,,,,,,,0.9020163420530082,0.09798365794699179,0.0,UGC07125,0.9020163420530082,0.09798365794699179,0.0883828607223187
UGC07125,19.8,2.88,43.00,3.47,16.12,37.24,0.0,0.28,0.00,,,,,,,,,0.8421941953224443,0.15780580467755573,0.0,UGC07125,0.8421941953224443,0.15780580467755573,0.13290313268762488
UGC07125,19.8,4.33,48.50,2.35,15.32,39.71,0.0,0.63,0.00,,,,,,,,,0.8704437243267159,0.12955627567328418,0.0,UGC07125,0.8704437243267159,0.12955627567328418,0.11277144710695218
UGC07125,19.8,5.76,52.50,2.00,18.34,39.12,0.0,5.58,0.00,,,,,,,,,0.8198156133988311,0.18018438660116892,0.0,UGC07125,0.8198156133988311,0.18018438660116892,0.14771797342632942
UGC07125,19.8,7.20,56.40,2.05,17.63,37.66,0.0,3.45,0.00,,,,,,,,,0.8202427574001969,0.17975724259980308,0.0,UGC07125,0.8202427574001969,0.17975724259980308,0.14744457633271862
UGC07125,19.8,8.64,58.50,2.21,22.27,36.69,0.0,2.77,0.00,,,,,,,,,0.7307689718686571,0.2692310281313429,0.0,UGC07125,0.7307689718686571,0.2692310281313429,0.19674568162268297
UGC07125,19.8,10.08,61.50,2.10,25.8,36.12,0.0,1.68,0.00,,,,,,,,,0.6621621621621622,0.3378378378378379,0.0,UGC07125,0.6621621621621622,0.3378378378378379,0.22370343316289265
UGC07125,19.8,11.47,64.60,2.01,29.52,34.86,0.0,1.05,0.00,,,,,,,,,0.582378261807203,0.41762173819279713,0.0,UGC07125,0.582378261807203,0.41762173819279713,0.243213821981624
UGC07125,19.8,13.00,65.60,2.12,36.98,33.7,0.0,0.49,0.00,,,,,,,,,0.4536933851025868,0.5463066148974133,0.0,UGC07125,0.4536933851025868,0.5463066148974133,0.24785569741674268
UGC07125,19.8,14.42,65.40,2.65,38.39,31.99,0.0,0.00,0.00,,,,,,,,,0.40981086375111614,0.5901891362488839,0.0,UGC07125,0.40981086375111614,0.5901891362488839,0.2418659197026803
UGC07125,19.8,15.84,65.50,3.05,37.89,29.33,0.0,0.00,0.00,,,,,,,,,0.37468902186984543,0.6253109781301546,0.0,UGC07125,0.37468902186984543,0.6253109781301546,0.23429715876006393
UGC07125,19.8,17.26,65.10,3.22,39.0,27.53,0.0,0.00,0.00,,,,,,,,,0.33257299604383855,0.6674270039561615,0.0,UGC07125,0.33257299604383855,0.6674270039561615,0.22196819834626352
UGC07125,19.8,18.68,64.90,3.48,34.46,26.15,0.0,0.00,0.00,,,,,,,,,0.3654236880916998,0.6345763119083002,0.0,UGC07125,0.3654236880916998,0.6345763119083002,0.2318892162731599
UGC07151,6.87,0.50,24.20,2.18,-0.51,24.79,0.0,7.58,0.00,,,,,,,,,0.9995769384789499,0.0004230615210501165,0.0,UGC07151,0.9995769384789499,0.0004230615210501165,0.00042288253999952325
UGC07151,6.87,1.00,42.00,2.91,-5.39,39.13,0.0,1.17,0.00,,,,,,,,,0.9813793536635155,0.0186206463364844,0.0,UGC07151,0.9813793536635155,0.0186206463364844,0.01827391786649597
UGC07151,6.87,1.50,59.40,2.40,-5.79,45.87,0.0,7.11,0.00,,,,,,,,,0.9843168048368693,0.015683195163130662,0.0,UGC07151,0.9843168048368693,0.015683195163130662,0.015437232552605817
UGC07151,6.87,2.00,63.90,2.01,7.68,49.56,0.0,5.27,0.00,,,,,,,,,0.9765493945552917,0.023450605444708443,0.0,UGC07151,0.9765493945552917,0.023450605444708443,0.022900674548985055
UGC07151,6.87,2.49,66.00,2.00,15.55,48.96,0.0,4.90,0.00,,,,,,,,,0.9083694126619656,0.09163058733803428,0.0,UGC07151,0.9083694126619656,0.09163058733803428,0.08323442280212114
UGC07151,6.87,3.00,67.20,2.07,19.33,48.14,0.0,8.24,0.00,,,,,,,,,0.8611542789894945,0.13884572101050546,0.0,UGC07151,0.8611542789894945,0.13884572101050546,0.11956758676757834
UGC07151,6.87,3.49,68.70,2.38,19.89,46.88,0.0,3.06,0.00,,,,,,,,,0.8474511215527891,0.15254887844721096,0.0,UGC07151,0.8474511215527891,0.15254887844721096,0.12927771813170902
UGC07151,6.87,4.00,71.30,2.91,25.08,45.84,0.0,2.13,0.00,,,,,,,,,0.7696210542970914,0.23037894570290865,0.0,UGC07151,0.7696210542970914,0.23037894570290865,0.17730448707972493
UGC07151,6.87,4.49,72.50,3.21,25.36,46.88,0.0,1.01,0.00,,,,,,,,,0.773614787613909,0.22638521238609094,0.0,UGC07151,0.773614787613909,0.22638521238609094,0.17513494799899543
UGC07151,6.87,5.01,74.00,3.41,26.06,48.01,0.0,7.73,0.00,,,,,,,,,0.7724180457806864,0.2275819542193136,0.0,UGC07151,0.7724180457806864,0.2275819542193136,0.17578840833303186
UGC07151,6.87,5.50,76.20,3.17,28.3,47.84,0.0,5.00,0.00,,,,,,,,,0.7407750163162625,0.25922498368373753,0.0,UGC07151,0.7407750163162625,0.25922498368373753,0.19202739151790355
UGC07232,2.83,0.21,16.40,3.30,3.43,15.55,0.0,2.25,0.00,,,,,,,,,0.953602474135082,0.046397525864917966,0.0,UGC07232,0.953602474135082,0.046397525864917966,0.044244795458532236
UGC07232,2.83,0.41,26.20,3.30,6.87,25.1,0.0,4.94,0.00,,,,,,,,,0.9303065281821552,0.06969347181784473,0.0,UGC07232,0.9303065281821552,0.06969347181784473,0.06483629180382
UGC07232,2.83,0.62,35.20,3.30,10.25,25.64,0.0,7.85,0.00,,,,,,,,,0.8622080729248979,0.13779192707510216,0.0,UGC07232,0.8622080729248979,0.13779192707510216,0.11880531190803188
UGC07232,2.83,0.82,44.00,3.30,12.77,24.3,0.0,9.49,0.00,,,,,,,,,0.7835974939849082,0.21640250601509173,0.0,UGC07232,0.7835974939849082,0.21640250601509173,0.1695724614054799
UGC07261,13.1,0.95,46.80,5.66,3.86,27.74,0.0,7.09,0.00,,,,,,,,,0.9810052737914696,0.01899472620853047,0.0,UGC07261,0.9810052737914696,0.01899472620853047,0.018633926584793438
UGC07261,13.1,1.90,63.00,5.66,4.52,51.06,0.0,6.46,0.00,,,,,,,,,0.9922245556133193,0.007775444386680537,0.0,UGC07261,0.9922245556133193,0.007775444386680537,0.007714986851270174
UGC07261,13.1,2.86,66.80,5.66,4.73,51.26,0.0,0.02,0.00,,,,,,,,,0.9915572703819548,0.008442729618045253,0.0,UGC07261,0.9915572703819548,0.008442729618045253,0.008371449934641836
UGC07261,13.1,3.81,69.60,5.66,12.72,49.4,0.0,7.49,0.00,,,,,,,,,0.9378214639047338,0.062178536095266156,0.0,UGC07261,0.9378214639047338,0.062178536095266156,0.058312365744315836
UGC07261,13.1,4.76,73.40,5.66,18.24,44.13,0.0,1.46,0.00,,,,,,,,,0.8540898873300034,0.14591011266999668,0.0,UGC07261,0.8540898873300034,0.14591011266999668,0.12462035169062556
UGC07261,13.1,5.72,74.70,5.66,23.64,39.21,0.0,0.00,0.00,,,,,,,,,0.7334080945632243,0.26659190543677574,0.0,UGC07261,0.7334080945632243,0.26659190543677574,0.19552066139236499
UGC07261,13.1,6.67,76.10,5.66,29.52,35.32,0.0,0.00,0.00,,,,,,,,,0.5887408982484013,0.4112591017515987,0.0,UGC07261,0.5887408982484013,0.4112591017515987,0.24212505297806686
UGC07323,8.0,0.58,23.90,3.87,1.43,21.96,0.0,5.84,0.00,,,,,,,,,0.9957774994760333,0.0042225005239667004,0.0,UGC07323,0.9957774994760333,0.0042225005239667004,0.004204671013291802
UGC07323,8.0,1.17,34.70,3.87,3.24,34.79,0.0,6.51,0.00,,,,,,,,,0.9914013422051361,0.008598657794863988,0.0,UGC07323,0.9914013422051361,0.008598657794863988,0.008524720878990814
UGC07323,8.0,1.75,42.80,3.87,-0.61,43.08,0.0,1.26,0.00,,,,,,,,,0.9997995430054596,0.0002004569945403617,0.0,UGC07323,0.9997995430054596,0.0002004569945403617,0.00020041681153370154
UGC07323,8.0,2.33,51.30,3.87,-3.66,48.67,0.0,5.55,0.00,,,,,,,,,0.9943767107603191,0.005623289239680972,0.0,UGC07323,0.9943767107603191,0.005623289239680972,0.005591667857807861
UGC07323,8.0,2.91,57.70,3.87,9.71,52.39,0.0,2.67,0.00,,,,,,,,,0.9667896350125442,0.03321036498745578,0.0,UGC07323,0.9667896350125442,0.03321036498745578,0.032107436644855755
UGC07323,8.0,3.50,67.30,3.87,13.91,55.75,0.0,5.03,0.00,,,,,,,,,0.9413947797740856,0.05860522022591445,0.0,UGC07323,0.9413947797740856,0.05860522022591445,0.05517064838818652
UGC07323,8.0,4.07,75.40,3.87,18.68,58.69,0.0,8.37,0.00,,,,,,,,,0.9080147047872015,0.09198529521279855,0.0,UGC07323,0.9080147047872015,0.09198529521279855,0.08352400067741285
UGC07323,8.0,4.65,79.50,3.87,24.75,61.08,0.0,1.05,0.00,,,,,,,,,0.8589647447606373,0.14103525523936258,0.0,UGC07323,0.8589647447606373,0.14103525523936258,0.12114431201893042
UGC07323,8.0,5.23,82.80,3.87,27.13,61.82,0.0,4.07,0.00,,,,,,,,,0.8385086911208566,0.16149130887914348,0.0,UGC07323,0.8385086911208566,0.16149130887914348,0.13541186603564456
UGC07323,8.0,5.82,85.60,3.87,28.72,60.87,0.0,9.18,0.00,,,,,,,,,0.8179162790742851,0.18208372092571487,0.0,UGC07323,0.8179162790742851,0.18208372092571487,0.14892923949956124
UGC07399,8.43,0.61,47.30,2.77,2.98,31.89,0.0,1.44,0.00,,,,,,,,,0.9913433948837675,0.008656605116232598,0.0,UGC07399,0.9913433948837675,0.008656605116232598,0.008581668304094214
UGC07399,8.43,1.22,70.40,3.27,8.37,39.0,0.0,9.39,0.00,,,,,,,,,0.955968325205717,0.04403167479428296,0.0,UGC07399,0.955968325205717,0.04403167479428296,0.04209288640909346
UGC07399,8.43,1.84,83.70,2.50,14.43,37.15,0.0,7.04,0.00,,,,,,,,,0.8689046867202981,0.13109531327970192,0.0,UGC07399,0.8689046867202981,0.13109531327970192,0.11390933211579873
UGC07399,8.43,2.45,89.10,2.45,17.93,36.43,0.0,3.60,0.00,,,,,,,,,0.8049987328871527,0.1950012671128473,0.0,UGC07399,0.8049987328871527,0.1950012671128473,0.15697577293723128
UGC07399,8.43,3.07,91.70,2.48,20.44,35.9,0.0,7.77,0.00,,,,,,,,,0.7551900160060603,0.2448099839939398,0.0,UGC07399,0.7551900160060603,0.2448099839939398,0.18487805573082675
UGC07399,8.43,3.68,95.10,3.01,21.54,34.58,0.0,5.32,0.00,,,,,,,,,0.7204565994355769,0.279543400564423,0.0,UGC07399,0.7204565994355769,0.279543400564423,0.20139888776530154
UGC07399,8.43,4.30,96.90,3.62,21.34,33.94,0.0,4.08,0.00,,,,,,,,,0.716673825584862,0.28332617441513797,0.0,UGC07399,0.716673825584862,0.28332617441513797,0.2030524533064208
UGC07399,8.43,4.91,100.00,3.90,23.04,32.94,0.0,2.41,0.00,,,,,,,,,0.671485573356325,0.328514426643675,0.0,UGC07399,0.671485573356325,0.328514426643675,0.22059269813065244
UGC07399,8.43,5.52,103.00,4.82,25.45,31.6,0.0,1.92,0.00,,,,,,,,,0.6065618332434833,0.39343816675651666,0.0,UGC07399,0.6065618332434833,0.39343816675651666,0.23864457569578804
UGC07399,8.43,6.13,106.00,4.97,25.55,31.05,0.0,1.31,0.00,,,,,,,,,0.5962641589951172,0.40373584100488275,0.0,UGC07399,0.5962641589951172,0.40373584100488275,0.24073321169296277
UGC07524,4.74,0.35,14.40,2.82,-0.61,15.45,0.0,4.27,0.00,,,,,,,,,0.9984435820451023,0.00155641795489776,0.0,UGC07524,0.9984435820451023,0.00155641795489776,0.001553995518047432
UGC07524,4.74,0.69,24.40,3.97,-1.22,17.95,0.0,3.05,0.00,,,,,,,,,0.9954017860866647,0.004598213913335222,0.0,UGC07524,0.9954017860866647,0.004598213913335222,0.004577070342142432
UGC07524,4.74,1.03,29.20,3.26,-2.04,20.19,0.0,0.93,0.00,,,,,,,,,0.989894066916838,0.010105933083161949,0.0,UGC07524,0.989894066916838,0.010105933083161949,0.0100038031996806
UGC07524,4.74,1.38,32.90,3.73,-1.72,21.43,0.0,6.57,0.00,,,,,,,,,0.9935993533581435,0.006400646641856516,0.0,UGC07524,0.9935993533581435,0.006400646641856516,0.006359678364422607
UGC07524,4.74,1.72,37.80,3.41,3.47,22.82,0.0,4.96,0.00,,,,,,,,,0.9774004290219116,0.022599570978088505,0.0,UGC07524,0.9774004290219116,0.022599570978088505,0.022088830369694848
UGC07524,4.74,2.07,42.00,3.12,3.53,25.15,0.0,1.49,0.00,,,,,,,,,0.9806802779730455,0.01931972202695449,0.0,UGC07524,0.9806802779730455,0.01931972202695449,0.0189464703677557
UGC07524,4.74,2.41,45.10,2.92,4.13,26.82,0.0,9.73,0.00,,,,,,,,,0.9768364868008483,0.023163513199151563,0.0,UGC07524,0.9768364868008483,0.023163513199151563,0.022626964855424293
UGC07524,4.74,2.76,47.60,2.79,6.88,28.98,0.0,7.35,0.00,,,,,,,,,0.9466459146495144,0.0533540853504856,0.0,UGC07524,0.9466459146495144,0.0533540853504856,0.0505074269268987
UGC07524,4.74,3.10,52.30,2.78,9.39,30.06,0.0,4.95,0.00,,,,,,,,,0.911096732860061,0.08890326713993903,0.0,UGC07524,0.911096732860061,0.08890326713993903,0.08099947623178366
UGC07524,4.74,3.45,57.30,2.78,11.99,30.89,0.0,2.04,0.00,,,,,,,,,0.8690652471027428,0.13093475289725728,0.0,UGC07524,0.8690652471027428,0.13093475289725728,0.11379084338099146
UGC07524,4.74,3.79,61.40,2.93,14.78,31.14,0.0,1.79,0.00,,,,,,,,,0.816143780067803,0.18385621993219697,0.0,UGC07524,0.816143780067803,0.18385621993219697,0.15005311032444058
UGC07524,4.74,4.14,64.50,3.42,16.87,32.08,0.0,0.85,0.00,,,,,,,,,0.7833661776418215,0.21663382235817855,0.0,UGC07524,0.7833661776418215,0.21663382235817855,0.1697036093686637
UGC07524,4.74,4.48,66.40,4.53,18.27,32.77,0.0,9.51,0.00,,,,,,,,,0.7628748954474849,0.23712510455251518,0.0,UGC07524,0.7628748954474849,0.23712510455251518,0.18089678934347395
UGC07524,4.74,4.82,66.90,5.46,19.32,33.02,0.0,8.75,0.00,,,,,,,,,0.7449666667304371,0.25503333326956285,0.0,UGC07524,0.7449666667304371,0.25503333326956285,0.1899913321909789
UGC07524,4.74,5.17,69.40,4.77,19.78,33.86,0.0,8.46,0.00,,,,,,,,,0.7455705356144179,0.25442946438558206,0.0,UGC07524,0.7455705356144179,0.25442946438558206,0.18969511203804787
UGC07524,4.74,5.51,70.20,4.44,19.55,34.37,0.0,6.93,0.00,,,,,,,,,0.7555467562059824,0.24445324379401748,0.0,UGC07524,0.7555467562059824,0.24445324379401748,0.1846958553926001
UGC07524,4.74,5.86,70.90,4.24,19.78,34.15,0.0,6.35,0.00,,,,,,,,,0.7487924814518204,0.2512075185481797,0.0,UGC07524,0.7487924814518204,0.2512075185481797,0.18810230117304566
UGC07524,4.74,6.20,72.30,4.38,20.48,34.36,0.0,6.28,0.00,,,,,,,,,0.7378625534361641,0.2621374465638359,0.0,UGC07524,0.7378625534361641,0.2621374465638359,0.193421405672828
UGC07524,4.74,6.55,73.90,3.51,21.53,34.78,0.0,5.87,0.00,,,,,,,,,0.722959679457668,0.27704032054233196,0.0,UGC07524,0.722959679457668,0.27704032054233196,0.20028898133613393
UGC07524,4.74,6.89,75.00,3.22,22.81,35.14,0.0,5.48,0.00,,,,,,,,,0.703554529197135,0.296445470802865,0.0,UGC07524,0.703554529197135,0.296445470802865,0.2085655536433327
UGC07524,4.74,7.25,75.50,3.23,24.09,35.58,0.0,5.16,0.00,,,,,,,,,0.68567445238751,0.31432554761249,0.0,UGC07524,0.68567445238751,0.31432554761249,0.21552499773059827
UGC07524,4.74,7.58,77.10,2.98,25.37,36.1,0.0,4.85,0.00,,,,,,,,,0.6693952154121621,0.33060478458783793,0.0,UGC07524,0.6693952154121621,0.33060478458783793,0.2213052609954672
UGC07524,4.74,7.94,77.00,2.79,26.77,36.68,0.0,4.42,0.00,,,,,,,,,0.6524666918486618,0.3475333081513381,0.0,UGC07524,0.6524666918486618,0.3475333081513381,0.22675390787672514
UGC07524,4.74,8.27,77.00,2.82,28.28,37.11,0.0,4.01,0.00,,,,,,,,,0.6326176937453332,0.3673823062546669,0.0,UGC07524,0.6326176937453332,0.3673823062546669,0.23241254730566904
UGC07524,4.74,8.63,78.20,2.93,29.91,37.49,0.0,3.56,0.00,,,,,,,,,0.6110582536943263,0.3889417463056738,0.0,UGC07524,0.6110582536943263,0.3889417463056738,0.23766606428636672
UGC07524,4.74,8.97,79.60,3.14,31.07,37.76,0.0,3.14,0.00,,,,,,,,,0.596286366986769,0.40371363301323104,0.0,UGC07524,0.596286366986769,0.40371363301323104,0.24072893553248925
UGC07524,4.74,9.30,80.30,3.39,32.12,37.98,0.0,2.76,0.00,,,,,,,,,0.5830147489983326,0.4169852510016673,0.0,UGC07524,0.5830147489983326,0.4169852510016673,0.24310855144874377
UGC07524,4.74,9.66,81.20,3.66,33.05,38.12,0.0,2.36,0.00,,,,,,,,,0.5708781859805678,0.42912181401943217,0.0,UGC07524,0.5708781859805678,0.42912181401943217,0.24497628275210404
UGC07524,4.74,9.99,82.30,3.90,33.75,38.33,0.0,2.09,0.00,,,,,,,,,0.5632850038918794,0.43671499610812053,0.0,UGC07524,0.5632850038918794,0.43671499610812053,0.24599500828240478
UGC07524,4.74,10.35,83.80,4.10,34.21,38.96,0.0,1.89,0.00,,,,,,,,,0.564644885620174,0.4353551143798259,0.0,UGC07524,0.564644885620174,0.4353551143798259,0.24582103876315456
UGC07524,4.74,10.69,79.00,2.78,34.56,38.32,0.0,0.00,0.00,,,,,,,,,0.5514547005876486,0.4485452994123515,0.0,UGC07524,0.5514547005876486,0.4485452994123515,0.24735241378743547
UGC07559,4.97,0.36,9.31,3.23,2.82,9.53,0.0,0.89,0.00,,,,,,,,,0.9194883637582222,0.08051163624177789,0.0,UGC07559,0.9194883637582222,0.08051163624177789,0.07402951267144953
UGC07559,4.97,0.72,15.90,3.23,5.91,14.9,0.0,6.96,0.00,,,,,,,,,0.8640602542013037,0.13593974579869625,0.0,UGC07559,0.8640602542013037,0.13593974579869625,0.1174601313108821
UGC07559,4.97,1.08,21.40,3.23,7.85,16.55,0.0,9.00,0.00,,,,,,,,,0.8163400640786826,0.1836599359213173,0.0,UGC07559,0.8163400640786826,0.1836599359213173,0.14992896385869492
UGC07559,4.97,1.45,26.10,3.23,9.57,17.31,0.0,4.91,0.00,,,,,,,,,0.7658998366652097,0.23410016333479036,0.0,UGC07559,0.7658998366652097,0.23410016333479036,0.17929727686141483
UGC07559,4.97,1.80,29.70,3.23,11.59,16.91,0.0,2.03,0.00,,,,,,,,,0.6803813777701426,0.31961862222985743,0.0,UGC07559,0.6803813777701426,0.31961862222985743,0.21746255855374513
UGC07559,4.97,2.17,31.10,3.23,14.33,15.67,0.0,1.39,0.00,,,,,,,,,0.5445777291439434,0.4554222708560565,0.0,UGC07559,0.5445777291439434,0.4554222708560565,0.2480128260643692
UGC07559,4.97,2.53,32.10,3.23,16.45,15.47,0.0,0.00,0.00,,,,,,,,,0.4693271577652644,0.5306728422347355,0.0,UGC07559,0.4693271577652644,0.5306728422347355,0.249059176749243
UGC07577,2.59,0.19,3.74,3.17,-1.81,3.43,0.0,4.37,0.00,,,,,,,,,0.7821886842630145,0.21781131573698556,0.0,UGC07577,0.7821886842630145,0.21781131573698556,0.17036954647390876
UGC07577,2.59,0.38,5.40,3.17,-1.88,6.16,0.0,3.48,0.00,,,,,,,,,0.9147926711668274,0.08520732883317261,0.0,UGC07577,0.9147926711668274,0.08520732883317261,0.07794703994628821
UGC07577,2.59,0.57,7.31,3.17,1.42,8.66,0.0,1.74,0.00,,,,,,,,,0.9738170674700046,0.026182932529995324,0.0,UGC07577,0.9738170674700046,0.026182932529995324,0.025497386574125036
UGC07577,2.59,0.75,8.85,3.17,4.71,10.45,0.0,8.80,0.00,,,,,,,,,0.8311540141840948,0.16884598581590515,0.0,UGC07577,0.8311540141840948,0.16884598581590515,0.1403370188897603
UGC07577,2.59,0.94,10.70,3.17,5.82,11.68,0.0,6.16,0.00,,,,,,,,,0.8010955120179829,0.19890448798201713,0.0,UGC07577,0.8010955120179829,0.19890448798201713,0.15934149264262873
UGC07577,2.59,1.13,12.40,3.17,6.52,12.49,0.0,4.50,0.00,,,,,,,,,0.7858531412696054,0.2141468587303946,0.0,UGC07577,0.7858531412696054,0.2141468587303946,0.16828798162629902
UGC07577,2.59,1.32,14.10,3.17,7.99,13.06,0.0,2.80,0.00,,,,,,,,,0.7276489236304717,0.2723510763695283,0.0,UGC07577,0.7276489236304717,0.2723510763695283,0.1981759675698877
UGC07577,2.59,1.51,15.90,3.17,8.69,12.91,0.0,1.01,0.00,,,,,,,,,0.6881873383977981,0.31181266160220195,0.0,UGC07577,0.6881873383977981,0.31181266160220195,0.21458552566675265
UGC07577,2.59,1.69,17.80,3.17,9.12,11.87,0.0,0.00,0.00,,,,,,,,,0.6288038673404402,0.3711961326595597,0.0,UGC07577,0.6288038673404402,0.3711961326595597,0.23340956375814623
UGC07603,4.7,0.34,19.60,2.89,4.29,19.73,0.0,6.80,0.00,,,,,,,,,0.9548561729015862,0.04514382709841369,0.0,UGC07603,0.9548561729015862,0.04514382709841369,0.04310586197332222
UGC07603,4.7,0.68,32.50,2.89,6.17,28.0,0.0,6.32,0.00,,,,,,,,,0.9536913511750658,0.04630864882493426,0.0,UGC07603,0.9536913511750658,0.04630864882493426,0.04416415786894318
UGC07603,4.7,1.02,41.90,2.89,5.94,31.57,0.0,8.35,0.00,,,,,,,,,0.9658087588673272,0.03419124113267281,0.0,UGC07603,0.9658087588673272,0.03419124113267281,0.03302220016248023
UGC07603,4.7,1.37,50.60,2.89,8.81,31.98,0.0,7.64,0.00,,,,,,,,,0.9294614874631533,0.07053851253684668,0.0,UGC07603,0.9294614874631533,0.07053851253684668,0.06556283078593579
UGC07603,4.7,1.71,57.00,2.89,15.21,31.44,0.0,8.30,0.00,,,,,,,,,0.8103453491452042,0.18965465085479577,0.0,UGC07603,0.8103453491452042,0.18965465085479577,0.15368576426394126
UGC07603,4.7,2.05,60.50,2.89,17.87,29.65,0.0,4.37,0.00,,,,,,,,,0.7335438313554885,0.2664561686445115,0.0,UGC07603,0.7335438313554885,0.2664561686445115,0.19545727883579914
UGC07603,4.7,2.39,60.50,2.89,17.46,27.89,0.0,2.30,0.00,,,,,,,,,0.7184348774276841,0.281565122572316,0.0,UGC07603,0.7184348774276841,0.281565122572316,0.20228620432315267
UGC07603,4.7,2.74,60.00,2.89,15.96,26.14,0.0,1.18,0.00,,,,,,,,,0.7284479284689941,0.2715520715310059,0.0,UGC07603,0.7284479284689941,0.2715520715310059,0.19781154397822537
UGC07603,4.7,3.08,61.50,2.89,15.55,24.58,0.0,0.62,0.00,,,,,,,,,0.7141743133309826,0.2858256866690174,0.0,UGC07603,0.7141743133309826,0.2858256866690174,0.2041293635092021
UGC07603,4.7,3.42,61.50,2.89,16.29,23.19,0.0,0.33,0.00,,,,,,,,,0.6695918097487836,0.3304081902512163,0.0,UGC07603,0.6695918097487836,0.3304081902512163,0.22123861806613235
UGC07603,4.7,3.76,63.00,2.89,16.96,21.99,0.0,0.17,0.00,,,,,,,,,0.6270215690655245,0.37297843093447547,0.0,UGC07603,0.6270215690655245,0.37297843093447547,0.23386552099213218
UGC07603,4.7,4.11,64.00,2.89,17.21,20.84,0.0,0.00,0.00,,,,,,,,,0.5945403473861437,0.4054596526138562,0.0,UGC07603,0.5945403473861437,0.4054596526138562,0.24106212271610722
UGC07608,8.21,0.60,14.60,6.69,4.56,9.68,0.0,7.85,0.00,,,,,,,,,0.8183901621017329,0.18160983789826718,0.0,UGC07608,0.8183901621017329,0.18160983789826718,0.1486277046768323
UGC07608,8.21,1.19,31.50,6.69,6.39,13.08,0.0,8.12,0.00,,,,,,,,,0.8073216826279914,0.19267831737200858,0.0,UGC07608,0.8073216826279914,0.19267831737200858,0.1555533833867001
UGC07608,8.21,1.79,44.80,6.69,9.63,14.81,0.0,5.97,0.00,,,,,,,,,0.7028358749395174,0.2971641250604827,0.0,UGC07608,0.7028358749395174,0.2971641250604827,0.2088576078375205
UGC07608,8.21,2.38,50.60,6.69,13.15,16.52,0.0,4.18,0.00,,,,,,,,,0.6121360716088919,0.387863928391108,0.0,UGC07608,0.6121360716088919,0.387863928391108,0.23742550144412541
UGC07608,8.21,2.99,55.60,6.69,14.93,16.97,0.0,2.37,0.00,,,,,,,,,0.5636893802881191,0.43631061971188084,0.0,UGC07608,0.5636893802881191,0.43631061971188084,0.24594366283851532
UGC07608,8.21,3.59,61.40,6.69,18.09,16.51,0.0,1.63,0.00,,,,,,,,,0.45443028520499706,0.5455697147950028,0.0,UGC07608,0.45443028520499706,0.5455697147950028,0.24792340109350203
UGC07608,8.21,4.18,66.00,6.69,21.26,16.39,0.0,1.31,0.00,,,,,,,,,0.3727792898251325,0.6272207101748676,0.0,UGC07608,0.3727792898251325,0.6272207101748676,0.23381489090260238
UGC07608,8.21,4.78,69.30,6.69,24.12,16.26,0.0,1.09,0.00,,,,,,,,,0.3124550617966773,0.6875449382033227,0.0,UGC07608,0.3124550617966773,0.6875449382033227,0.21482689615431189
UGC07690,8.11,0.59,45.30,4.31,4.24,45.76,0.0,0.60,0.00,,,,,,,,,0.9914876982239016,0.008512301776098283,0.0,UGC07690,0.9914876982239016,0.008512301776098283,0.008439842494570915
UGC07690,8.11,1.18,59.80,4.31,11.75,48.85,0.0,1.99,0.00,,,,,,,,,0.9453084612687843,0.05469153873121572,0.0,UGC07690,0.9453084612687843,0.05469153873121572,0.05170037432242765
UGC07690,8.11,1.77,60.70,4.31,15.81,45.2,0.0,6.24,0.00,,,,,,,,,0.8909914848961147,0.10900851510388526,0.0,UGC07690,0.8909914848961147,0.10900851510388526,0.09712565873873127
UGC07690,8.11,2.36,58.80,4.31,19.15,42.05,0.0,6.57,0.00,,,,,,,,,0.8282269868964952,0.17177301310350482,0.0,UGC07690,0.8282269868964952,0.17177301310350482,0.142267045072848
UGC07690,8.11,2.95,57.90,4.31,20.97,38.14,0.0,2.06,0.00,,,,,,,,,0.7678733192901923,0.23212668070980766,0.0,UGC07690,0.7678733192901923,0.23212668070980766,0.17824388481245465
UGC07690,8.11,3.54,56.90,4.31,21.99,34.5,0.0,0.42,0.00,,,,,,,,,0.7111021734185975,0.2888978265814025,0.0,UGC07690,0.7111021734185975,0.2888978265814025,0.2054358723779444
UGC07690,8.11,4.13,55.90,4.31,22.39,31.16,0.0,0.00,0.00,,,,,,,,,0.6594943262989896,0.34050567370101037,0.0,UGC07690,0.6594943262989896,0.34050567370101037,0.22456155987843143
UGC07866,4.57,0.33,12.20,4.07,3.43,9.04,0.0,4.04,0.00,,,,,,,,,0.874154022238505,0.125845977761495,0.0,UGC07866,0.874154022238505,0.125845977761495,0.1100087676427483
UGC07866,4.57,0.66,19.40,4.07,3.44,13.22,0.0,7.51,0.00,,,,,,,,,0.9365837450831181,0.06341625491688191,0.0,UGC07866,0.9365837450831181,0.06341625491688191,0.059394633529198965
UGC07866,4.57,1.00,23.90,4.07,5.29,17.22,0.0,1.44,0.00,,,,,,,,,0.9137657255113439,0.08623427448865607,0.0,UGC07866,0.9137657255113439,0.08623427448865607,0.0787979243920712
UGC07866,4.57,1.33,26.00,4.07,8.85,17.5,0.0,5.83,0.00,,,,,,,,,0.796338791775283,0.20366120822471703,0.0,UGC07866,0.796338791775283,0.20366120822471703,0.16218332048916548
UGC07866,4.57,1.67,28.20,4.07,11.12,17.11,0.0,3.30,0.00,,,,,,,,,0.7030440206865167,0.29695597931348333,0.0,UGC07866,0.7030440206865167,0.29695597931348333,0.2087731256634534
UGC07866,4.57,2.00,30.60,4.07,13.66,16.29,0.0,2.18,0.00,,,,,,,,,0.5871410658959194,0.41285893410408053,0.0,UGC07866,0.5871410658959194,0.41285893410408053,0.242406434634523
UGC07866,4.57,2.32,33.10,4.07,14.34,16.35,0.0,1.63,0.00,,,,,,,,,0.5652139164124687,0.43478608358753124,0.0,UGC07866,0.5652139164124687,0.43478608358753124,0.24574714510614748
UGC08286,6.5,0.47,22.20,2.81,-3.85,16.14,0.0,2.49,0.00,,,,,,,,,0.9461630577421863,0.053836942257813665,0.0,UGC08286,0.9461630577421863,0.053836942257813665,0.0509385259061425
UGC08286,6.5,0.95,43.40,3.47,-1.38,24.37,0.0,2.72,0.00,,,,,,,,,0.9968036323519267,0.0031963676480732746,0.0,UGC08286,0.9968036323519267,0.0031963676480732746,0.003186150881931625
UGC08286,6.5,1.42,60.20,3.04,-0.63,30.01,0.0,0.22,0.00,,,,,,,,,0.9995594879894162,0.000440512010583831,0.0,UGC08286,0.9995594879894162,0.000440512010583831,0.0004403179597523624
UGC08286,6.5,1.90,69.60,2.05,8.67,34.64,0.0,1.23,0.00,,,,,,,,,0.941048554288159,0.05895144571184109,0.0,UGC08286,0.941048554288159,0.05895144571184109,0.05547617276032495
UGC08286,6.5,2.37,72.50,2.00,11.4,38.52,0.0,2.70,0.00,,,,,,,,,0.9194670997447932,0.08053290025520674,0.0,UGC08286,0.9194670997447932,0.08053290025520674,0.07404735223169166
UGC08286,6.5,2.84,74.30,2.02,11.54,39.29,0.0,5.52,0.00,,,,,,,,,0.9205834994209768,0.07941650057902323,0.0,UGC08286,0.9205834994209768,0.07941650057902323,0.07310952001480524
UGC08286,6.5,3.30,75.80,2.01,12.92,40.32,0.0,1.35,0.00,,,,,,,,,0.9068817816605423,0.09311821833945766,0.0,UGC08286,0.9068817816605423,0.09311821833945766,0.08444721575274275
UGC08286,6.5,3.78,77.20,2.05,16.18,39.87,0.0,7.30,0.00,,,,,,,,,0.8585983121074308,0.1414016878925692,0.0,UGC08286,0.8585983121074308,0.1414016878925692,0.12140725055370165
UGC08286,6.5,4.25,79.30,2.08,18.85,39.64,0.0,4.23,0.00,,,,,,,,,0.8155751627395522,0.1844248372604478,0.0,UGC08286,0.8155751627395522,0.1844248372604478,0.15041231666190516
UGC08286,6.5,4.73,81.30,2.08,23.39,37.47,0.0,2.11,0.00,,,,,,,,,0.7195971181281466,0.2804028818718534,0.0,UGC08286,0.7195971181281466,0.2804028818718534,0.20177710570981286
UGC08286,6.5,5.20,81.60,2.03,23.16,35.37,0.0,1.36,0.00,,,,,,,,,0.6999111290139852,0.30008887098601483,0.0,UGC08286,0.6999111290139852,0.30008887098601483,0.21003554049635378
UGC08286,6.5,5.67,82.10,2.02,23.39,33.69,0.0,0.93,0.00,,,,,,,,,0.6747580803660549,0.3252419196339451,0.0,UGC08286,0.6747580803660549,0.3252419196339451,0.2194596133467715
UGC08286,6.5,6.15,82.90,2.00,22.11,32.23,0.0,0.61,0.00,,,,,,,,,0.6799920792079208,0.3200079207920793,0.0,UGC08286,0.6799920792079208,0.3200079207920793,0.21760285142240962
UGC08286,6.5,6.62,83.20,2.00,22.46,30.9,0.0,0.37,0.00,,,,,,,,,0.6543103717661041,0.3456896282338959,0.0,UGC08286,0.6543103717661041,0.3456896282338959,0.22618830916540672
UGC08286,6.5,7.10,83.50,2.02,26.07,29.56,0.0,0.21,0.00,,,,,,,,,0.5624899859247727,0.4375100140752273,0.0,UGC08286,0.5624899859247727,0.4375100140752273,0.24609500165912174
UGC08286,6.5,7.57,83.80,2.00,25.72,28.4,0.0,0.17,0.00,,,,,,,,,0.5493984517448115,0.45060154825518856,0.0,UGC08286,0.5493984517448115,0.45060154825518856,0.24755979296521555
UGC08286,6.5,8.04,84.30,2.00,26.3,27.44,0.0,0.12,0.00,,,,,,,,,0.5212037072673149,0.4787962927326851,0.0,UGC08286,0.5212037072673149,0.4787962927326851,0.24955040279812202
UGC08490,4.65,0.34,38.80,3.69,0.91,27.87,0.0,6.74,0.00,,,,,,,,,0.9989350086487947,0.0010649913512053655,0.0,UGC08490,0.9989350086487947,0.0010649913512053655,0.0010638571446272233
UGC08490,4.65,0.68,50.10,3.69,7.1,39.52,0.0,5.82,0.00,,,,,,,,,0.9687329507435739,0.03126704925642602,0.0,UGC08490,0.9687329507435739,0.03126704925642602,0.030289420887222245
UGC08490,4.65,1.02,60.20,3.69,10.23,44.52,0.0,5.75,0.00,,,,,,,,,0.9498472528150296,0.05015274718497052,0.0,UGC08490,0.9498472528150296,0.05015274718497052,0.04763744913477096
UGC08490,4.65,1.36,68.20,3.69,12.18,46.26,0.0,1.22,0.00,,,,,,,,,0.9351702981200345,0.06482970187996538,0.0,UGC08490,0.9351702981200345,0.06482970187996538,0.06062681163412019
UGC08490,4.65,1.69,72.80,3.69,14.42,45.8,0.0,7.51,0.00,,,,,,,,,0.9098115334629553,0.09018846653704471,0.0,UGC08490,0.9098115334629553,0.09018846653704471,0.08205450704074108
UGC08490,4.65,2.03,75.30,3.69,15.29,45.05,0.0,5.53,0.00,,,,,,,,,0.896705923147338,0.10329407685266195,0.0,UGC08490,0.896705923147338,0.10329407685266195,0.09262441053981832
UGC08490,4.65,2.37,76.60,3.69,18.41,43.11,0.0,9.72,0.00,,,,,,,,,0.8457595025248473,0.1542404974751527,0.0,UGC08490,0.8457595025248473,0.1542404974751527,0.1304503664137701
UGC08490,4.65,2.70,77.60,3.69,20.65,41.2,0.0,6.89,0.00,,,,,,,,,0.7992231135490174,0.20077688645098254,0.0,UGC08490,0.7992231135490174,0.20077688645098254,0.1604655283180318
UGC08490,4.65,3.05,78.50,3.69,21.24,39.62,0.0,4.81,0.00,,,,,,,,,0.776762027669107,0.22323797233089315,0.0,UGC08490,0.776762027669107,0.22323797233089315,0.17340278004048457
UGC08490,4.65,3.38,78.20,3.69,22.11,38.18,0.0,3.48,0.00,,,,,,,,,0.748864165559374,0.25113583444062604,0.0,UGC08490,0.748864165559374,0.25113583444062604,0.1880666271004365
UGC08490,4.65,3.72,78.80,3.69,23.77,36.93,0.0,2.42,0.00,,,,,,,,,0.7070708070943031,0.29292919290569686,0.0,UGC08490,0.7070708070943031,0.29292919290569686,0.2071216808493139
UGC08490,4.65,4.06,79.20,3.69,25.04,35.68,0.0,1.42,0.00,,,,,,,,,0.6700102733381613,0.32998972666183873,0.0,UGC08490,0.6700102733381613,0.32998972666183873,0.2210965069594837
UGC08490,4.65,4.39,79.20,3.69,24.74,34.2,0.0,0.59,0.00,,,,,,,,,0.6564713536609487,0.34352864633905134,0.0,UGC08490,0.6564713536609487,0.34352864633905134,0.22551671548351032
UGC08490,4.65,4.74,79.20,3.69,24.74,32.41,0.0,0.26,0.00,,,,,,,,,0.6318336562753969,0.368166343724603,0.0,UGC08490,0.6318336562753969,0.368166343724603,0.23261988707306044
UGC08490,4.65,5.08,78.80,3.69,23.87,31.05,0.0,0.18,0.00,,,,,,,,,0.6285386582543582,0.37146134174564177,0.0,UGC08490,0.6285386582543582,0.37146134174564177,0.23347781333416928
UGC08490,4.65,5.41,78.50,3.69,22.31,29.85,0.0,0.11,0.00,,,,,,,,,0.6415963868738598,0.3584036131261401,0.0,UGC08490,0.6415963868738598,0.3584036131261401,0.22995046322426815
UGC08490,4.65,5.75,80.10,3.69,22.6,28.79,0.0,0.07,0.00,,,,,,,,,0.6187288658064601,0.38127113419353986,0.0,UGC08490,0.6187288658064601,0.38127113419353986,0.23590345642431157
UGC08490,4.65,6.09,80.10,3.69,23.18,27.84,0.0,0.04,0.00,,,,,,,,,0.5905810673449264,0.40941893265507345,0.0,UGC08490,0.5905810673449264,0.40941893265507345,0.24179507023865385
UGC08490,4.65,6.42,80.10,3.69,22.99,26.98,0.0,0.02,0.00,,,,,,,,,0.5793420485562419,0.42065795144375806,0.0,UGC08490,0.5793420485562419,0.42065795144375806,0.24370483933089895
UGC08490,4.65,6.77,80.10,3.69,22.99,26.18,0.0,0.01,0.00,,,,,,,,,0.5646050336406678,0.43539496635933217,0.0,UGC08490,0.5646050336406678,0.43539496635933217,0.24582618962828817
UGC08490,4.65,7.11,79.80,3.69,22.8,25.47,0.0,0.01,0.00,,,,,,,,,0.5551451362098457,0.44485486379015426,0.0,UGC08490,0.5551451362098457,0.44485486379015426,0.24695901395239755
UGC08490,4.65,7.44,79.80,3.69,23.87,24.82,0.0,0.01,0.00,,,,,,,,,0.5195037684389893,0.4804962315610107,0.0,UGC08490,0.5195037684389893,0.4804962315610107,0.24961960301667827
UGC08490,4.65,7.78,79.50,3.69,24.06,24.22,0.0,0.00,0.00,,,,,,,,,0.5033139652610229,0.4966860347389772,0.0,UGC08490,0.5033139652610229,0.4966860347389772,0.2499890176342488
UGC08490,4.65,8.12,79.50,3.69,22.89,23.66,0.0,0.00,0.00,,,,,,,,,0.5165368286364069,0.48346317136359324,0.0,UGC08490,0.5165368286364069,0.48346317136359324,0.2497265332986502
UGC08490,4.65,8.46,78.80,3.69,23.09,23.15,0.0,0.00,0.00,,,,,,,,,0.5012975756699323,0.4987024243300676,0.0,UGC08490,0.5012975756699323,0.4987024243300676,0.24999831629738076
UGC08490,4.65,8.80,77.90,3.69,23.38,22.65,0.0,0.00,0.00,,,,,,,,,0.4841447655818179,0.5158552344181822,0.0,UGC08490,0.4841447655818179,0.5158552344181822,0.2497486115415445
UGC08490,4.65,9.13,77.20,3.69,22.8,22.21,0.0,0.00,0.00,,,,,,,,,0.48689405374919026,0.5131059462508097,0.0,UGC08490,0.48689405374919026,0.5131059462508097,0.2498282341728709
UGC08490,4.65,9.47,77.60,3.69,22.21,21.79,0.0,0.00,0.00,,,,,,,,,0.490455415116102,0.5095445848838981,0.0,UGC08490,0.490455415116102,0.5095445848838981,0.24990890089939413
UGC08490,4.65,9.77,76.60,3.69,22.21,21.43,0.0,0.00,0.00,,,,,,,,,0.48213219754989084,0.5178678024501091,0.0,UGC08490,0.48213219754989084,0.5178678024501091,0.24968074163560386
UGC08490,4.65,10.15,77.60,3.69,22.5,21.0,0.0,0.00,0.00,,,,,,,,,0.4655581947743468,0.5344418052256532,0.0,UGC08490,0.4655581947743468,0.5344418052256532,0.24881376205279818
UGC08550,6.7,0.49,25.00,2.04,3.42,17.04,0.0,8.85,0.00,,,,,,,,,0.9612776354210119,0.038722364578988144,0.0,UGC08550,0.9612776354210119,0.038722364578988144,0.03722294306040007
UGC08550,6.7,0.97,42.50,2.70,4.1,26.7,0.0,4.44,0.00,,,,,,,,,0.9769631355351515,0.02303686446484857,0.0,UGC08550,0.9769631355351515,0.02303686446484857,0.02250616734047677
UGC08550,6.7,1.47,48.00,2.15,10.21,28.91,0.0,2.10,0.00,,,,,,,,,0.8891058199921237,0.11089418000787635,0.0,UGC08550,0.8891058199921237,0.11089418000787635,0.09859666084825706
UGC08550,6.7,1.95,49.20,2.08,12.59,27.91,0.0,4.42,0.00,,,,,,,,,0.8309204009659125,0.16907959903408745,0.0,UGC08550,0.8309204009659125,0.16907959903408745,0.14049168822455965
UGC08550,6.7,2.44,50.40,2.06,13.04,24.63,0.0,0.90,0.00,,,,,,,,,0.7810656532915485,0.21893434670845144,0.0,UGC08550,0.7810656532915485,0.21893434670845144,0.171002098539795
UGC08550,6.7,2.92,51.60,2.04,12.14,22.08,0.0,0.36,0.00,,,,,,,,,0.7678717794445161,0.23212822055548385,0.0,UGC08550,0.7678717794445161,0.23212822055548385,0.17824470977722848
UGC08550,6.7,3.41,53.20,2.00,13.38,20.22,0.0,0.14,0.00,,,,,,,,,0.6954708569608935,0.30452914303910644,0.0,UGC08550,0.6954708569608935,0.30452914303910644,0.21179114407897387
UGC08550,6.7,3.89,55.10,2.05,14.95,18.69,0.0,0.05,0.00,,,,,,,,,0.6098197579478041,0.3901802420521958,0.0,UGC08550,0.6098197579478041,0.3901802420521958,0.23793962076428565
UGC08550,6.7,4.39,57.80,2.24,18.33,17.42,0.0,0.02,0.00,,,,,,,,,0.4745619367285991,0.5254380632714009,0.0,UGC08550,0.4745619367285991,0.5254380632714009,0.24935290493700019
UGC08550,6.7,4.88,57.30,2.00,21.25,16.4,0.0,0.01,0.00,,,,,,,,,0.37328466494800644,0.6267153350519935,0.0,UGC08550,0.37328466494800644,0.6267153350519935,0.233943223862661
UGC08550,6.7,5.36,57.50,2.00,22.04,15.57,0.0,0.00,0.00,,,,,,,,,0.33291594941680464,0.6670840505831953,0.0,UGC08550,0.33291594941680464,0.6670840505831953,0.2220829200407122
UGC08699,39.3,0.22,152.00,39.40,0.62,26.39,,4.41 1,56.50,,,,,,,,,0.0,0.0,0.0,UGC08699,0.0,0.0,0.0
UGC08699,39.3,0.43,167.00,32.90,1.83,47.21,,5.76,20.07,,,,,,,,,0.0,0.0,0.0,UGC08699,0.0,0.0,0.0
UGC08699,39.3,0.65,179.00,20.90,2.76,65.47,0.59,0.53,38.14,,,,,,,,,0.9981450469561115,0.0017738918496962917,8.106119419230193e-05,UGC08699,0.9981450469561115,0.0017738918496962917,0.0017706013636101686
UGC08699,39.3,0.87,188.00,15.70,3.59,80.81,4.02,4.03,58.70,,,,,,,,,0.9955714055419839,0.0019648576771385184,0.002463736780877655,UGC08699,0.9955714055419839,0.0019648576771385184,0.0019561561193187525
UGC08699,39.3,1.08,195.00,10.60,4.38,93.2,1.39,8.54,43.76,,,,,,,,,0.9975748667233275,0.002203240443870651,0.00022189283280178086,UGC08699,0.9975748667233275,0.002203240443870651,0.00219789729215371
UGC08699,39.3,1.31,199.00,8.88,5.12,4.66,7.32,7.89,28.19,,,,,,,,,0.21392066387948663,0.2582384024020711,0.5278409337184423,UGC08699,0.21392066387948663,0.2582384024020711,0.05524253048102906
UGC08699,39.3,1.52,202.00,4.40,5.84,13.51,3.82,7.07,14.44,,,,,,,,,0.7893850005687271,0.14750402325769477,0.06311097617357811,UGC08699,0.7893850005687271,0.14750402325769477,0.11643746348316492
UGC08699,39.3,1.73,202.00,2.30,6.53,20.8,1.4,4.29,1.36,,,,,,,,,0.9065442630755244,0.08934879638354551,0.004106940540930167,UGC08699,0.9065442630755244,0.08934879638354551,0.08099863877420634
UGC08699,39.3,1.96,202.00,3.38,7.2,27.95,9.83,3.23,0.10,,,,,,,,,0.8402995940285997,0.05576163792927264,0.10393876804212757,UGC08699,0.8402995940285997,0.05576163792927264,0.04685648171433757
UGC08699,39.3,2.17,200.00,4.47,7.85,33.72,0.88,4.57,0.01,,,,,,,,,0.9479781026954934,0.05137626014508661,0.0006456371594199371,UGC08699,0.9479781026954934,0.05137626014508661,0.0487035696159293
UGC08699,39.3,2.39,196.00,2.88,8.49,38.13,2.54,5.03,0.00,,,,,,,,,0.9487534362122972,0.04703651445816137,0.0042100493295413564,UGC08699,0.9487534362122972,0.04703651445816137,0.04462605471963
UGC08699,39.3,2.60,193.00,3.32,9.1,40.07,6.06,3.47,0.00,,,,,,,,,0.9307107226463267,0.0480019430324,0.021287334321273332,UGC08699,0.9307107226463267,0.0480019430324,0.04467592308811281
UGC08699,39.3,2.83,189.00,2.21,9.69,39.86,9.58,0.61,0.00,,,,,,,,,0.8953658345393593,0.052914352225067664,0.051719813235573155,UGC08699,0.8953658345393593,0.052914352225067664,0.04737770313910731
UGC08699,39.3,3.04,184.00,14.00,10.26,38.24,4.32,5.50,0.00,,,,,,,,,0.9218712371415049,0.06636349033392182,0.011765272524573399,UGC08699,0.9218712371415049,0.06636349033392182,0.06117859293516081
UGC08699,39.3,5.87,170.00,5.45,16.97,24.36,3.86,5.65,0.00,,,,,,,,,0.6620731390428166,0.32130322537312417,0.016623635584059226,UGC08699,0.6620731390428166,0.32130322537312417,0.21272623500736587
UGC08699,39.3,6.08,172.00,6.66,17.59,25.28,2.05,3.33,0.00,,,,,,,,,0.670815344776732,0.3247734570253251,0.004411198197942875,UGC08699,0.670815344776732,0.3247734570253251,0.21786301854877463
UGC08699,39.3,6.30,174.00,3.96,18.32,26.27,0.25,0.59,0.00,,,,,,,,,0.6727572431915919,0.32718182862158607,6.092818682200332e-05,UGC08699,0.6727572431915919,0.32718182862158607,0.2201139450458421
UGC08699,39.3,6.52,176.00,5.18,18.94,27.31,8.55,7.61,0.00,,,,,,,,,0.6333192149667367,0.3046065331807373,0.06207425185252615,UGC08699,0.6333192149667367,0.3046065331807373,0.1929131704677638
UGC08699,39.3,6.74,178.00,3.04,19.56,28.27,6.92,4.35,0.00,,,,,,,,,0.6499231624930499,0.3111344488440787,0.03894238866287124,UGC08699,0.6499231624930499,0.3111344488440787,0.2022134849532757
UGC08699,39.3,6.95,180.00,2.75,20.18,29.11,5.45,1.73,0.00,,,,,,,,,0.659794662885698,0.3170784387465186,0.023126898367783283,UGC08699,0.659794662885698,0.3170784387465186,0.20920666160108267
UGC08699,39.3,7.16,182.00,2.34,20.9,30.08,4.04,9.78,0.00,,,,,,,,,0.6663090656569004,0.3216715343410376,0.01201940000206195,UGC08699,0.6663090656569004,0.3216715343410376,0.21433265949519834
UGC08699,39.3,7.39,183.00,3.39,21.52,31.37,2.56,8.08,0.00,,,,,,,,,0.6769272983927191,0.3185646080398508,0.004508093567430069,UGC08699,0.6769272983927191,0.3185646080398508,0.2156450794839517
UGC08699,39.3,7.60,184.00,7.58,22.25,32.89,1.28,6.23,0.00,,,,,,,,,0.6853242383523614,0.31363778332329184,0.0010379783243466864,UGC08699,0.6853242383523614,0.31363778332329184,0.21494357497455796
UGC08699,39.3,7.82,185.00,6.08,22.97,34.56,9.98,3.37,0.00,,,,,,,,,0.6556784312644787,0.2896445895342643,0.05467697920125709,UGC08699,0.6556784312644787,0.2896445895342643,0.18991371009007027
UGC08699,39.3,8.03,186.00,6.73,23.7,36.18,8.8,0.28,0.00,,,,,,,,,0.6719251316036405,0.28832377267465326,0.039751095721706195,UGC08699,0.6719251316036405,0.28832377267465326,0.19373198889887452
UGC08699,39.3,8.26,187.00,6.83,24.42,37.94,7.55,6.45,0.00,,,,,,,,,0.6878132820778079,0.2849490570568132,0.027237660865378988,UGC08699,0.6878132820778079,0.2849490570568132,0.19599174615922324
UGC08699,39.3,8.47,187.00,6.11,25.15,39.4,6.46,2.04,0.00,,,,,,,,,0.6971841236431585,0.2840736973685741,0.018742178988267435,UGC08699,0.6971841236431585,0.2840736973685741,0.19805167174998115
UGC08699,39.3,8.68,188.00,4.78,25.77,40.55,5.41,7.02,0.00,,,,,,,,,0.7033957197004616,0.2840840437471005,0.012520236552437938,UGC08699,0.7033957197004616,0.2840840437471005,0.19982350040690916
UGC08699,39.3,8.91,188.00,4.14,26.49,41.3,4.3,0.84,0.00,,,,,,,,,0.7031163401988401,0.2892617465987161,0.007621913202443911,UGC08699,0.7031163401988401,0.2892617465987161,0.20338466062801355
UGC08699,39.3,9.53,187.00,5.93,28.25,40.15,1.51,6.78,0.00,,,,,,,,,0.6682332205850597,0.3308216073926787,0.0009451720222614728,UGC08699,0.6682332205850597,0.3308216073926787,0.22106598814713588
UGC08699,39.3,9.78,187.00,7.63,28.97,38.99,0.46,2.33,0.00,,,,,,,,,0.644244974959874,0.35566535234292795,8.967269719793162e-05,UGC08699,0.644244974959874,0.35566535234292795,0.22913561601426438
UGC08699,39.3,9.99,186.00,7.89,29.6,37.71,9.61,8.95,0.00,,,,,,,,,0.5948590959710548,0.3665088484428854,0.038632055586059845,UGC08699,0.5948590959710548,0.3665088484428854,0.21802112225012715
UGC08699,39.3,10.21,186.00,9.86,30.11,36.12,8.75,6.15,0.00,,,,,,,,,0.5702587037755007,0.3962761639965225,0.03346513222797683,UGC08699,0.5702587037755007,0.3962761639965225,0.22597993161778465
UGC08699,39.3,11.46,182.00,2.51,33.53,26.5,4.33,7.76,0.00,,,,,,,,,0.38056971706639897,0.6092697082546317,0.010160574678969324,UGC08699,0.38056971706639897,0.6092697082546317,0.23186960048759261
UGC08699,39.3,13.39,177.00,3.62,37.77,14.46,8.77,4.20,0.00,,,,,,,,,0.12209176648016025,0.8329976210126327,0.04491061250720696,UGC08699,0.12209176648016025,0.8329976210126327,0.10170215102320339
UGC08699,39.3,15.21,175.00,6.71,39.12,6.58,4.52,2.60,0.00,,,,,,,,,0.027160383544030962,0.9600233661451356,0.012816250310833466,UGC08699,0.027160383544030962,0.9600233661451356,0.026074602835733554
UGC08699,39.3,17.13,177.00,6.13,39.12,99.72,0.8,1.56,0.00,,,,,,,,,0.8665793447875212,0.13336488224304383,5.5772969435157876e-05,UGC08699,0.8665793447875212,0.13336488224304383,0.11557125227184184
UGC08699,39.3,19.06,180.00,3.95,39.01,94.0,7.64,1.03,0.00,,,,,,,,,0.8482981000167461,0.1460981402753841,0.0056037597078697895,UGC08699,0.8482981000167461,0.1460981402753841,0.12393477481158838
UGC08699,39.3,20.99,181.00,4.46,38.7,89.28,4.92,0.79,0.00,,,,,,,,,0.8396791223610515,0.1577709068968669,0.0025499707420816847,UGC08699,0.8396791223610515,0.1577709068968669,0.13247693663726837
UGC08699,39.3,22.92,182.00,7.09,37.05,85.64,2.56,0.50,0.00,,,,,,,,,0.8417098147296318,0.15753806203655568,0.0007521232338126954,UGC08699,0.8417098147296318,0.15753806203655568,0.13260133300965452
UGC08699,39.3,25.70,183.00,7.49,34.05,80.57,9.64,0.18,0.00,,,,,,,,,0.838280575170745,0.14971899661886837,0.012000428210386636,UGC08699,0.838280575170745,0.14971899661886837,0.12550652659965178
UGC08837,7.21,0.52,7.31,2.12,-3.67,11.19,0.0,2.26,0.00,,,,,,,,,0.9028813498215381,0.097118650178462,0.0,UGC08837,0.9028813498215381,0.097118650178462,0.08768661796597553
UGC08837,7.21,1.05,14.60,2.05,-4.64,16.58,0.0,1.96,0.00,,,,,,,,,0.9273693940477555,0.07263060595224441,0.0,UGC08837,0.9273693940477555,0.07263060595224441,0.0673554010312542
UGC08837,7.21,1.57,21.00,2.05,2.4,20.63,0.0,6.46,0.00,,,,,,,,,0.9866467883091704,0.013353211690829567,0.0,UGC08837,0.9866467883091704,0.013353211690829567,0.01317490342836946
UGC08837,7.21,2.09,28.10,2.06,12.6,23.82,0.0,1.70,0.00,,,,,,,,,0.7813682086570257,0.21863179134297425,0.0,UGC08837,0.7813682086570257,0.21863179134297425,0.1708319311571364
UGC08837,7.21,2.63,35.30,2.50,16.76,25.79,0.0,8.74,0.00,,,,,,,,,0.7030748871828204,0.29692511281717965,0.0,UGC08837,0.7030748871828204,0.29692511281717965,0.2087605901956848
UGC08837,7.21,3.15,43.00,3.38,17.12,27.83,0.0,5.69,0.00,,,,,,,,,0.7254650674084653,0.2745349325915347,0.0,UGC08837,0.7254650674084653,0.2745349325915347,0.1991655033784962
UGC08837,7.21,3.68,46.60,3.15,20.09,26.92,0.0,2.58,0.00,,,,,,,,,0.6422847935534561,0.35771520644654387,0.0,UGC08837,0.6422847935534561,0.35771520644654387,0.22975503752345036
UGC08837,7.21,4.20,48.00,3.00,22.95,25.81,0.0,1.25,0.00,,,,,,,,,0.5584535333861028,0.44154646661389707,0.0,UGC08837,0.5584535333861028,0.44154646661389707,0.2465831844346797
UGC09037,83.6,2.43,62.20,5.69,10.89,36.53,0.0,2.36,0.00,,,,,,,,,0.9183830649407136,0.08161693505928634,0.0,UGC09037,0.9183830649407136,0.08161693505928634,0.07495561097081457
UGC09037,83.6,3.65,88.20,3.85,14.29,48.1,0.0,5.20,0.00,,,,,,,,,0.9188962759403088,0.0811037240596913,0.0,UGC09037,0.9188962759403088,0.0811037240596913,0.07452591000334075
UGC09037,83.6,4.86,107.00,4.42,16.72,50.72,0.0,7.30,0.00,,,,,,,,,0.9019807601253935,0.09801923987460645,0.0,UGC09037,0.9019807601253935,0.09801923987460645,0.08841146848901081
UGC09037,83.6,6.08,120.00,3.93,25.95,51.05,0.0,1.61,0.00,,,,,,,,,0.7946633714539237,0.20533662854607634,0.0,UGC09037,0.7946633714539237,0.20533662854607634,0.163173497523407
UGC09037,83.6,7.29,124.00,5.15,32.85,57.64,0.0,0.72,0.00,,,,,,,,,0.7548280275227575,0.24517197247724246,0.0,UGC09037,0.7548280275227575,0.24517197247724246,0.1850626763888607
UGC09037,83.6,8.51,128.00,4.29,38.2,55.32,0.0,2.19,0.00,,,,,,,,,0.6771266046757299,0.32287339532427,0.0,UGC09037,0.6771266046757299,0.32287339532427,0.21862616591604764
UGC09037,83.6,9.73,133.00,5.36,40.33,53.04,0.0,8.99,0.00,,,,,,,,,0.6336485800271884,0.3663514199728115,0.0,UGC09037,0.6336485800271884,0.3663514199728115,0.23213805705671614
UGC09037,83.6,10.96,138.00,6.78,39.17,52.74,0.0,9.66,0.00,,,,,,,,,0.6444946141459635,0.35550538585403646,0.0,UGC09037,0.6444946141459635,0.35550538585403646,0.22912130648280912
UGC09037,83.6,12.19,143.00,6.42,46.36,50.89,0.0,5.26,0.00,,,,,,,,,0.5464801248741914,0.4535198751258087,0.0,UGC09037,0.5464801248741914,0.4535198751258087,0.24783959799167962
UGC09037,83.6,13.41,146.00,5.40,53.75,45.59,0.0,8.66,0.00,,,,,,,,,0.4184083874929226,0.5815916125070775,0.0,UGC09037,0.4184083874929226,0.5815916125070775,0.24334280876849496
UGC09037,83.6,14.55,148.00,4.50,56.66,41.61,0.0,4.96,0.00,,,,,,,,,0.3503602784091952,0.6496397215908047,0.0,UGC09037,0.3503602784091952,0.6496397215908047,0.22760795372222642
UGC09037,83.6,15.78,154.00,4.46,60.84,37.81,0.0,0.66,0.00,,,,,,,,,0.2786138696101073,0.7213861303898926,0.0,UGC09037,0.2786138696101073,0.7213861303898926,0.2009881812709894
UGC09037,83.6,17.00,158.00,4.02,62.11,33.01,0.0,7.68,0.00,,,,,,,,,0.22025294866169956,0.7797470513383005,0.0,UGC09037,0.22025294866169956,0.7797470513383005,0.1717415872675263
UGC09037,83.6,18.23,159.00,5.07,60.94,28.36,0.0,5.88,0.00,,,,,,,,,0.17802000242055444,0.8219799975794456,0.0,UGC09037,0.17802000242055444,0.8219799975794456,0.14632888115874024
UGC09037,83.6,19.46,160.00,7.33,60.06,23.99,0.0,4.69,0.00,,,,,,,,,0.13759457742810025,0.8624054225718997,0.0,UGC09037,0.13759457742810025,0.8624054225718997,0.11866230969048276
UGC09037,83.6,20.69,158.00,7.82,64.05,20.09,0.0,3.96,0.00,,,,,,,,,0.08957104983286103,0.9104289501671389,0.0,UGC09037,0.08957104983286103,0.9104289501671389,0.08154807686470014
UGC09037,83.6,21.92,155.00,8.07,63.17,17.0,0.0,3.38,0.00,,,,,,,,,0.0675320600276358,0.9324679399723642,0.0,UGC09037,0.0675320600276358,0.9324679399723642,0.0629714808960596
UGC09037,83.6,23.14,156.00,7.93,61.23,13.92,0.0,2.58,0.00,,,,,,,,,0.049143376009506565,0.9508566239904934,0.0,UGC09037,0.049143376009506565,0.9508566239904934,0.04672830460389482
UGC09037,83.6,24.28,154.00,9.09,62.4,10.72,0.0,2.11,0.00,,,,,,,,,0.028667403202012918,0.9713325967979871,0.0,UGC09037,0.028667403202012918,0.9713325967979871,0.02784558319566614
UGC09037,83.6,25.51,150.00,13.40,60.16,7.64,0.0,1.93,0.00,,,,,,,,,0.0158716761431492,0.9841283238568508,0.0,UGC09037,0.0158716761431492,0.9841283238568508,0.015619766039556187
UGC09037,83.6,26.73,141.00,20.10,64.54,5.08,0.0,1.77,0.00,,,,,,,,,0.0061572554803878,0.9938427445196121,0.0,UGC09037,0.0061572554803878,0.9938427445196121,0.006119343685337034
UGC09037,83.6,27.96,152.00,16.00,66.58,2.79,0.0,1.67,0.00,,,,,,,,,0.0017529070150396997,0.9982470929849603,0.0,UGC09037,0.0017529070150396997,0.9982470929849603,0.0017498343320363242
UGC09133,57.1,0.32,284.00,34.70,-3.24,26.79,,2.59 1,27.42,,,,,,,,,0.0,0.0,0.0,UGC09133,0.0,0.0,0.0
UGC09133,57.1,0.63,282.00,18.80,-2.41,50.47,,3.47 1,65.91,,,,,,,,,0.0,0.0,0.0,UGC09133,0.0,0.0,0.0
UGC09133,57.1,0.95,281.00,12.60,-0.21,72.14,,8.50,54.80,,,,,,,,,0.0,0.0,0.0,UGC09133,0.0,0.0,0.0
UGC09133,57.1,1.26,280.00,10.60,2.45,90.82,,3.10,00.36,,,,,,,,,0.0,0.0,0.0,UGC09133,0.0,0.0,0.0
UGC09133,57.1,1.58,280.00,10.80,3.54,8.12,,1.27,03.94,,,,,,,,,0.0,0.0,0.0,UGC09133,0.0,0.0,0.0
UGC09133,57.1,1.89,279.00,7.67,4.4,23.29,0.4,7.69,29.43,,,,,,,,,0.965263448802114,0.034451825368395195,0.0002847258294908694,UGC09133,0.965263448802114,0.034451825368395195,0.03325508777262531
UGC09133,57.1,2.21,279.00,11.20,5.23,37.43,3.32,7.18,06.49,,,,,,,,,0.9733390107769996,0.01900324875943132,0.007657740463568971,UGC09133,0.9733390107769996,0.01900324875943132,0.018496603349054126
UGC09133,57.1,2.52,279.00,4.45,6.01,49.84,5.5,3.78,48.35,,,,,,,,,0.9739765480313506,0.014162547403918535,0.011860904564730875,UGC09133,0.9739765480313506,0.014162547403918535,0.01379398903179894
UGC09133,57.1,2.84,279.00,5.03,6.75,61.33,7.22,3.03,12.35,,,,,,,,,0.9746853106552016,0.011806632278670572,0.01350805706612787,UGC09133,0.9746853106552016,0.011806632278670572,0.011507751050327758
UGC09133,57.1,3.15,279.00,4.26,7.48,71.56,0.7,8.39,34.72,,,,,,,,,0.9890984328818603,0.010806922716472031,9.464440166775025e-05,UGC09133,0.9890984328818603,0.010806922716472031,0.010689110323137862
UGC09133,57.1,3.47,279.00,4.14,8.19,81.11,6.88,6.05,22.40,,,,,,,,,0.9829065660939886,0.010021465530025761,0.007071968375985655,UGC09133,0.9829065660939886,0.010021465530025761,0.009850164271346894
UGC09133,57.1,3.79,279.00,5.73,8.9,89.8,3.42,7.52,88.59,,,,,,,,,0.9888526060698573,0.009713123313722824,0.0014342706164199926,UGC09133,0.9888526060698573,0.009713123313722824,0.009604847301852702
UGC09133,57.1,4.10,280.00,4.52,9.6,97.34,9.37,3.89,89.15,,,,,,,,,0.981361336691513,0.00954528117849422,0.009093382129992828,UGC09133,0.981361336691513,0.00954528117849422,0.009367369896423429
UGC09133,57.1,4.42,280.00,4.86,10.25,4.41,4.03,2.06,95.70,,,,,,,,,0.13817330543546605,0.7464396471796038,0.1153870473849302,UGC09133,0.13817330543546605,0.7464396471796038,0.10313803335888891
UGC09133,57.1,4.73,280.00,1.59,10.97,10.6,7.5,7.58,49.26,,,,,,,,,0.38885499231876414,0.41647525583066186,0.1946697518505739,UGC09133,0.38885499231876414,0.41647525583066186,0.16194848240698734
UGC09133,57.1,5.05,281.00,1.85,11.69,15.35,0.4,1.24,24.96,,,,,,,,,0.6326479049164077,0.3669224940701635,0.00042960101342879074,UGC09133,0.6326479049164077,0.3669224940701635,0.23213274714019194
UGC09133,57.1,5.36,282.00,4.81,12.31,18.91,3.49,8.32,12.96,,,,,,,,,0.6859488786108229,0.2906864570271145,0.02336466436206262,UGC09133,0.6859488786108229,0.2906864570271145,0.19939604922510235
UGC09133,57.1,5.68,282.00,20.30,13.02,22.04,6.69,0.67,6.52,,,,,,,,,0.6939073744700467,0.24215881964138808,0.06393380588856522,UGC09133,0.6939073744700467,0.24215881964138808,0.1680357907421212
UGC09133,57.1,5.99,283.00,12.80,13.74,24.98,0.45,9.58,3.40,,,,,,,,,0.767537136042795,0.23221378355589642,0.0002490804013085024,UGC09133,0.767537136042795,0.23221378355589642,0.17823270238015423
UGC09133,57.1,6.31,284.00,8.08,14.46,28.22,4.35,1.54,1.71,,,,,,,,,0.777413124492072,0.20411477158190425,0.018472103926023723,UGC09133,0.777413124492072,0.20411477158190425,0.15868150233047376
UGC09133,57.1,6.62,284.00,7.81,15.07,31.93,8.92,6.70,0.89,,,,,,,,,0.7687587251418758,0.17124532554082122,0.059995949317303135,UGC09133,0.7687587251418758,0.17124532554082122,0.13164633814926724
UGC09133,57.1,6.94,285.00,10.40,15.79,35.94,3.68,6.23,0.45,,,,,,,,,0.8309050959502687,0.16038344470210383,0.008711459347627331,UGC09133,0.8309050959502687,0.16038344470210383,0.1332634215090362
UGC09133,57.1,7.57,286.00,6.82,17.23,42.45,4.14,7.47,0.12,,,,,,,,,0.8516019498916596,0.1402981075275931,0.008099942580747298,UGC09133,0.8516019498916596,0.1402981075275931,0.11947814193660802
UGC09133,57.1,7.89,287.00,13.40,17.95,43.91,9.75,7.66,0.06,,,,,,,,,0.8220886228176046,0.13737910082707802,0.04053227635531725,UGC09133,0.8220886228176046,0.13737910082707802,0.11293779580285342
UGC09133,57.1,8.20,287.00,10.50,18.77,44.06,5.73,9.07,0.03,,,,,,,,,0.8344476733315012,0.15143932586133926,0.014113000807159676,UGC09133,0.8344476733315012,0.15143932586133926,0.12636819311588557
UGC09133,57.1,8.31,288.00,2.93,18.97,44.14,4.35,4.24,0.02,,,,,,,,,0.8372310359185999,0.154637679228816,0.008131284852584068,UGC09133,0.8372310359185999,0.154637679228816,0.12946746437278978
UGC09133,57.1,8.52,288.00,5.58,19.59,44.43,1.86,7.13,0.02,,,,,,,,,0.8360075072018979,0.16252733824411672,0.001465154553985457,UGC09133,0.8360075072018979,0.16252733824411672,0.1358740748976237
UGC09133,57.1,8.83,288.00,5.74,20.3,45.34,8.26,7.41,0.01,,,,,,,,,0.8106027949476371,0.16249392949587566,0.026903275556487184,UGC09133,0.8106027949476371,0.16249392949587566,0.13171803341138108
UGC09133,57.1,9.15,288.00,7.00,21.12,45.9,4.78,1.33,0.00,,,,,,,,,0.8179522188964546,0.1731770716051883,0.008870709498357117,UGC09133,0.8179522188964546,0.1731770716051883,0.14165056998145398
UGC09133,57.1,9.78,289.00,12.70,22.56,45.25,8.37,8.98,0.00,,,,,,,,,0.7795566694700662,0.19377097076685093,0.026672359763082916,UGC09133,0.7795566694700662,0.19377097076685093,0.15105545261098788
UGC09133,57.1,10.10,289.00,3.89,23.18,44.0,5.3,7.27,0.00,,,,,,,,,0.7739658361245676,0.21480446328827382,0.011229700587158628,UGC09133,0.7739658361245676,0.21480446328827382,0.16625131603219784
UGC09133,57.1,11.04,288.00,5.02,25.23,39.18,7.32,2.81,0.00,,,,,,,,,0.6898557829006254,0.28606448737347084,0.024079729725903793,UGC09133,0.6898557829006254,0.28606448737347084,0.19734324089709182
UGC09133,57.1,11.36,288.00,3.39,25.74,37.64,4.8,7.25,0.00,,,,,,,,,0.673895758532375,0.31514511425556035,0.010959127212064629,UGC09133,0.673895758532375,0.31514511425556035,0.21237495581902285
UGC09133,57.1,11.67,288.00,10.70,26.35,36.26,2.47,2.94,0.00,,,,,,,,,0.6524317304738809,0.34454084460634654,0.00302742491977267,UGC09133,0.6524317304738809,0.34454084460634654,0.2247893794654512
UGC09133,57.1,13.57,285.00,4.07,29.02,30.28,9.94,9.68,0.00,,,,,,,,,0.49351785705827367,0.4533002368769278,0.0531819060647986,UGC09133,0.49351785705827367,0.4533002368769278,0.22371176150750924
UGC09133,57.1,13.88,284.00,8.92,29.38,29.01,8.15,5.64,0.00,,,,,,,,,0.4751503370338649,0.4873479762441797,0.037501686721955384,UGC09133,0.4751503370338649,0.4873479762441797,0.23156355516519397
UGC09133,57.1,14.20,284.00,5.69,29.84,28.03,6.35,1.84,0.00,,,,,,,,,0.45774156693926754,0.5187663457096099,0.02349208735112259,UGC09133,0.45774156693926754,0.5187663457096099,0.2374609199604746
UGC09133,57.1,16.61,278.00,9.14,32.61,19.86,4.57,5.35,0.00,,,,,,,,,0.266731028785367,0.7191453047865968,0.014123666428036313,UGC09133,0.266731028785367,0.7191453047865968,0.19181836699189525
UGC09133,57.1,19.35,273.00,6.10,35.69,12.46,3.94,6.39,0.00,,,,,,,,,0.10747392633269587,0.8817797609541453,0.010746312713158752,UGC09133,0.10747392633269587,0.8817797609541453,0.09476833307044799
UGC09133,57.1,22.19,269.00,2.26,39.89,1.82,5.08,9.60,0.00,,,,,,,,,0.002044273796173362,0.9820291028209115,0.015926623382915183,UGC09133,0.002044273796173362,0.9820291028209115,0.0020075363619764257
UGC09133,57.1,24.92,265.00,1.32,44.61,94.49,8.03,4.04,0.00,,,,,,,,,0.8129333517777753,0.18119561775576237,0.00587103046646243,UGC09133,0.8129333517777753,0.18119561775576237,0.14729996086963648
UGC09133,57.1,27.66,262.00,3.15,49.22,87.22,2.03,9.81,0.00,,,,,,,,,0.7581507529102608,0.24143855580977974,0.0004106912799594524,UGC09133,0.7581507529102608,0.24143855580977974,0.18304682286875054
UGC09133,57.1,30.50,257.00,4.71,51.48,79.93,6.69,6.71,0.00,,,,,,,,,0.7033222969972517,0.29175065270940803,0.00492705029334026,UGC09133,0.7033222969972517,0.29175065270940803,0.2051947392140283
UGC09133,57.1,33.23,252.00,4.96,51.89,73.14,2.21,4.38,0.00,,,,,,,,,0.6647838417794804,0.33460920518144355,0.0006069530390761639,UGC09133,0.6647838417794804,0.33460920518144355,0.22244279291529845
UGC09133,57.1,35.96,247.00,2.58,50.25,66.11,8.25,2.89,0.00,,,,,,,,,0.6276202342013653,0.3626058066529439,0.009773959145690847,UGC09133,0.6276202342013653,0.3626058066529439,0.22757874129429562
UGC09133,57.1,38.80,242.00,2.52,48.3,59.33,4.59,1.90,0.00,,,,,,,,,0.5992585470190962,0.397154787183604,0.003586665797299867,UGC09133,0.5992585470190962,0.397154787183604,0.23799840070932488
UGC09133,57.1,41.54,238.00,2.30,47.17,53.43,1.42,1.28,0.00,,,,,,,,,0.5617636281009789,0.4378395825943385,0.0003967893046824325,UGC09133,0.5617636281009789,0.4378395825943385,0.2459623524444138
UGC09133,57.1,44.27,235.00,0.63,47.68,47.95,8.55,0.87,0.00,,,,,,,,,0.4949111513615833,0.48935328709374637,0.015735561544670443,UGC09133,0.4949111513615833,0.48935328709374637,0.24218639873814143
UGC09133,57.1,47.11,236.00,1.40,49.73,42.73,5.84,0.58,0.00,,,,,,,,,0.4213800296946844,0.5707488987963485,0.007871071508967141,UGC09133,0.4213800296946844,0.5707488987963485,0.24050218792301375
UGC09133,57.1,49.84,239.00,2.07,50.56,38.21,3.46,0.39,0.00,,,,,,,,,0.3624377474577111,0.6345903706568444,0.0029718818854445233,UGC09133,0.3624377474577111,0.6345903706568444,0.22999950449922069
UGC09133,57.1,52.58,242.00,2.63,49.43,33.98,1.25,0.26,0.00,,,,,,,,,0.3207755195000855,0.6787903957846916,0.00043408471522292456,UGC09133,0.3207755195000855,0.6787903957846916,0.21773934183950308
UGC09133,57.1,55.42,245.00,1.64,49.12,29.96,9.14,0.18,0.00,,,,,,,,,0.26447375414992647,0.7109117268561422,0.02461451899393138,UGC09133,0.26447375414992647,0.7109117268561422,0.18801749327085104
UGC09133,57.1,58.15,247.00,1.31,50.56,26.43,7.26,0.12,0.00,,,,,,,,,0.21119605138049996,0.7728684847749528,0.0159354638445472,UGC09133,0.21119605138049996,0.7728684847749528,0.1632267722209001
UGC09133,57.1,60.89,246.00,2.14,53.22,23.2,5.51,0.08,0.00,,,,,,,,,0.15826080129821843,0.8328123003785539,0.008926898323227633,UGC09133,0.15826080129821843,0.8328123003785539,0.13180154198892252
UGC09133,57.1,63.62,243.00,4.00,53.84,20.17,3.87,0.05,0.00,,,,,,,,,0.12251847690115565,0.8729711577420545,0.004510365356789839,UGC09133,0.12251847690115565,0.8729711577420545,0.106955096625195
UGC09133,57.1,66.46,239.00,4.67,53.63,17.27,2.27,0.04,0.00,,,,,,,,,0.09380252949545863,0.9045768490311638,0.0016206214733776225,UGC09133,0.09380252949545863,0.9045768490311638,0.08485159656215477
UGC09133,57.1,69.19,234.00,5.12,53.12,14.7,0.83,0.02,0.00,,,,,,,,,0.0711170163382204,0.928656260941823,0.00022672271995649975,UGC09133,0.0711170163382204,0.928656260941823,0.06604326248199029
UGC09133,57.1,71.93,230.00,2.10,53.02,12.26,9.47,0.02,0.00,,,,,,,,,0.049263269495231715,0.9213438432171334,0.029392887287635,UGC09133,0.049263269495231715,0.9213438432171334,0.045388410046178156
UGC09133,57.1,74.77,228.00,1.32,53.32,9.91,8.14,0.01,0.00,,,,,,,,,0.03265450483112148,0.9453139679495538,0.022031527219324852,UGC09133,0.03265450483112148,0.9453139679495538,0.03086875953333532
UGC09133,57.1,77.50,228.00,1.60,54.04,7.81,6.93,0.01,0.00,,,,,,,,,0.020135094657170834,0.9640116637847433,0.015853241558085904,UGC09133,0.020135094657170834,0.9640116637847433,0.019410466100922553
UGC09133,57.1,80.23,227.00,3.16,54.66,5.81,5.78,0.01,0.00,,,,,,,,,0.011049893578474652,0.9780140307306988,0.010936075690826625,UGC09133,0.011049893578474652,0.9780140307306988,0.01080695095782926
UGC09133,57.1,83.07,226.00,3.48,54.96,3.86,4.64,0.00,0.00,,,,,,,,,0.0048738795827637715,0.9880834697511062,0.007042650666130024,UGC09133,0.0048738795827637715,0.9880834697511062,0.004815799849286301
UGC09133,57.1,85.81,224.00,3.71,54.86,2.09,3.6,0.00,0.00,,,,,,,,,0.0014430708531898318,0.9942753883722536,0.004281540774556495,UGC09133,0.0014430708531898318,0.9942753883722536,0.0014348098330039993
UGC09133,57.1,88.54,222.00,1.49,54.35,0.4,2.62,0.00,0.00,,,,,,,,,5.403676776506868e-05,0.9976276508031942,0.0023183124290408587,UGC09133,5.403676776506868e-05,0.9976276508031942,5.3908573682463235e-05
UGC09133,57.1,91.38,222.00,1.18,53.73,98.74,1.64,0.00,0.00,,,,,,,,,0.7713775584402358,0.22840964311471193,0.00021279844505226643,UGC09133,0.7713775584402358,0.22840964311471193,0.1761900728300321
UGC09133,57.1,94.12,224.00,1.22,53.22,97.22,0.73,0.00,0.00,,,,,,,,,0.7693946525714161,0.23056196801764403,4.337941093983484e-05,UGC09133,0.7693946525714161,0.23056196801764403,0.1773931452791172
UGC09133,57.1,99.69,227.00,2.80,52.91,94.34,9.01,0.00,0.00,,,,,,,,,0.7554769953166895,0.2376320549406478,0.006890949742662645,UGC09133,0.7554769953166895,0.2376320549406478,0.17952555085749108
UGC09133,57.1,108.31,229.00,4.12,51.38,90.37,6.61,0.00,0.00,,,,,,,,,0.7526715169876715,0.24330168508923422,0.004026797923094234,UGC09133,0.7526715169876715,0.24330168508923422,0.18312624840177066
UGC09992,10.7,0.78,28.10,5.66,6.39,20.31,0.0,6.38,0.00,,,,,,,,,0.9099281712454685,0.0900718287545315,0.0,UGC09992,0.9099281712454685,0.0900718287545315,0.08195889441934585
UGC09992,10.7,1.55,31.30,5.66,10.35,23.49,0.0,0.22,0.00,,,,,,,,,0.8374228603742041,0.16257713962579598,0.0,UGC09992,0.8374228603742041,0.16257713962579598,0.13614581329689043
UGC09992,10.7,2.34,33.00,5.66,14.5,22.94,0.0,4.68,0.00,,,,,,,,,0.714525693094957,0.28547430690504305,0.0,UGC09992,0.714525693094957,0.28547430690504305,0.20397872700212835
UGC09992,10.7,3.12,33.40,5.66,17.55,22.52,0.0,2.51,0.00,,,,,,,,,0.6221537088318032,0.3778462911681968,0.0,UGC09992,0.6221537088318032,0.3778462911681968,0.23507847141863505
UGC09992,10.7,3.89,34.30,5.66,17.55,22.05,0.0,1.24,0.00,,,,,,,,,0.6121876593574707,0.3878123406425293,0.0,UGC09992,0.6121876593574707,0.3878123406425293,0.23741392908789208
UGC10310,15.2,1.10,33.20,5.06,3.45,21.28,0.0,8.94,0.00,,,,,,,,,0.9743889552221464,0.025611044777853642,0.0,UGC10310,0.9743889552221464,0.025611044777853642,0.02495511916324042
UGC10310,15.2,2.21,54.60,5.06,6.51,35.54,0.0,7.59,0.00,,,,,,,,,0.967536561688775,0.032463438311224974,0.0,UGC10310,0.967536561688775,0.032463438311224974,0.03140956348423826
UGC10310,15.2,3.31,65.70,5.06,11.85,39.59,0.0,5.03,0.00,,,,,,,,,0.9177753408409673,0.08222465915903271,0.0,UGC10310,0.9177753408409673,0.08222465915903271,0.07546376458521362
UGC10310,15.2,4.42,69.20,5.06,18.75,38.75,0.0,7.39,0.00,,,,,,,,,0.8102866779089376,0.1897133220910624,0.0,UGC10310,0.8102866779089376,0.1897133220910624,0.15372217751223521
UGC10310,15.2,5.52,70.90,5.06,26.75,39.1,0.0,4.76,0.00,,,,,,,,,0.6811748049844667,0.31882519501553325,0.0,UGC10310,0.6811748049844667,0.31882519501553325,0.21717569003884044
UGC10310,15.2,6.64,72.40,5.06,30.8,37.98,0.0,2.41,0.00,,,,,,,,,0.6032654817381843,0.39673451826181577,0.0,UGC10310,0.6032654817381843,0.39673451826181577,0.23933624028138076
UGC10310,15.2,7.74,73.20,5.06,30.9,35.45,0.0,0.00,0.00,,,,,,,,,0.5682547577732435,0.4317452422267566,0.0,UGC10310,0.5682547577732435,0.4317452422267566,0.2453412880413159
UGC11455,78.6,0.62,35.10,4.01,0.82,71.2,,3.58,0.00,,,,,,,,,0.0,0.0,0.0,UGC11455,0.0,0.0,0.0
UGC11455,78.6,1.23,64.60,4.19,1.0,12.64,,3.40,0.00,,,,,,,,,0.0,0.0,0.0,UGC11455,0.0,0.0,0.0
UGC11455,78.6,1.83,80.10,6.32,2.09,39.71,,7.85,0.00,,,,,,,,,0.0,0.0,0.0,UGC11455,0.0,0.0,0.0
UGC11455,78.6,2.47,113.00,10.40,3.39,59.08,0.0,5.97,0.00,,,,,,,,,0.9967183604166664,0.0032816395833336312,0.0,UGC11455,0.9967183604166664,0.0032816395833336312,0.0032708704249787292
UGC11455,78.6,3.08,136.00,7.59,2.17,71.23,0.0,5.41,0.00,,,,,,,,,0.9990727631170772,0.0009272368829229584,0.0,UGC11455,0.9990727631170772,0.0009272368829229584,0.0009263771146859058
UGC11455,78.6,3.68,150.00,7.75,0.18,80.9,0.0,6.52,0.00,,,,,,,,,0.9999950495370217,4.950462978298758e-06,0.0,UGC11455,0.9999950495370217,4.950462978298758e-06,4.950438471215059e-06
UGC11455,78.6,4.32,171.00,9.19,0.0,90.21,0.0,4.92,0.00,,,,,,,,,1.0,0.0,0.0,UGC11455,1.0,0.0,0.0
UGC11455,78.6,4.91,192.00,9.16,0.2,98.61,0.0,2.92,0.00,,,,,,,,,0.9999958864546721,4.1135453278398445e-06,0.0,UGC11455,0.9999958864546721,4.1135453278398445e-06,4.11352840658468e-06
UGC11455,78.6,5.53,197.00,9.96,0.2,13.09,0.0,0.45,0.00,,,,,,,,,0.9997666115675476,0.0002333884324524282,0.0,UGC11455,0.9997666115675476,0.0002333884324524282,0.00023333396229202562
UGC11455,78.6,6.17,195.00,12.40,0.0,30.24,0.0,0.00,0.00,,,,,,,,,1.0,0.0,0.0,UGC11455,1.0,0.0,0.0
UGC11455,78.6,6.78,196.00,7.09,0.58,53.17,0.0,9.70,0.00,,,,,,,,,0.9998810208145313,0.00011897918546863774,0.0,UGC11455,0.9998810208145313,0.00011897918546863774,0.00011896502942206295
UGC11455,78.6,7.38,216.00,5.99,2.58,75.53,0.0,5.76,0.00,,,,,,,,,0.9988345490547538,0.0011654509452463046,0.0,UGC11455,0.9988345490547538,0.0011654509452463046,0.0011640926693405292
UGC11455,78.6,8.00,225.00,5.24,0.0,87.96,0.0,1.02,0.00,,,,,,,,,1.0,0.0,0.0,UGC11455,1.0,0.0,0.0
UGC11455,78.6,8.62,240.00,6.15,0.0,90.86,0.0,8.20,0.00,,,,,,,,,1.0,0.0,0.0,UGC11455,1.0,0.0,0.0
UGC11455,78.6,9.23,247.00,4.37,7.92,95.63,0.0,9.51,0.00,,,,,,,,,0.9931877059369721,0.006812294063027905,0.0,UGC11455,0.9931877059369721,0.006812294063027905,0.00676588671262674
UGC11455,78.6,9.85,254.00,6.48,16.06,2.1,0.0,8.51,0.00,,,,,,,,,0.016810656355114254,0.9831893436448856,0.0,UGC11455,0.016810656355114254,0.9831893436448856,0.016528058188024507
UGC11455,78.6,10.43,257.00,7.41,21.24,7.81,0.0,8.15,0.00,,,,,,,,,0.11910190639670853,0.8808980936032915,0.0,UGC11455,0.11910190639670853,0.8808980936032915,0.10491664228937822
UGC11455,78.6,11.05,273.00,5.38,23.48,12.49,0.0,5.55,0.00,,,,,,,,,0.22055391514759076,0.7794460848524093,0.0,UGC11455,0.22055391514759076,0.7794460848524093,0.17190988566066012
UGC11455,78.6,11.67,272.00,5.98,24.19,16.07,0.0,9.20,0.00,,,,,,,,,0.30619468082205265,0.6938053191779474,0.0,UGC11455,0.30619468082205265,0.6938053191779474,0.21243949825833397
UGC11455,78.6,12.19,270.00,20.90,23.78,19.44,0.0,9.24,0.00,,,,,,,,,0.4005859644138978,0.5994140355861023,0.0,UGC11455,0.4005859644138978,0.5994140355861023,0.24011684952848525
UGC11455,78.6,12.91,279.00,9.40,22.46,23.2,0.0,0.87,0.00,,,,,,,,,0.5162024897870089,0.48379751021299106,0.0,UGC11455,0.5162024897870089,0.48379751021299106,0.24973747932470183
UGC11455,78.6,14.56,287.00,10.80,23.48,26.62,0.0,4.04,0.00,,,,,,,,,0.5624294209509889,0.43757057904901114,0.0,UGC11455,0.5624294209509889,0.43757057904901114,0.24610256739972425
UGC11455,78.6,16.63,291.00,10.00,24.49,16.26,0.0,8.46,0.00,,,,,,,,,0.3059518644787229,0.6940481355212772,0.0,UGC11455,0.3059518644787229,0.6940481355212772,0.2123453211007161
UGC11455,78.6,17.77,286.00,9.67,24.49,10.12,0.0,5.89,0.00,,,,,,,,,0.14585320315676514,0.8541467968432348,0.0,UGC11455,0.14585320315676514,0.8541467968432348,0.12458004628567652
UGC11455,78.6,18.49,288.00,6.96,26.12,7.21,0.0,7.89,0.00,,,,,,,,,0.07080001933976493,0.929199980660235,0.0,UGC11455,0.07080001933976493,0.929199980660235,0.06578737660125383
UGC11455,78.6,20.24,289.00,6.63,41.26,1.54,0.0,1.63,0.00,,,,,,,,,0.0013911642183834529,0.9986088357816166,0.0,UGC11455,0.0013911642183834529,0.9986088357816166,0.0013892288805009425
UGC11455,78.6,22.62,288.00,10.00,55.9,94.39,0.0,2.20,0.00,,,,,,,,,0.7403409713987011,0.2596590286012989,0.0,UGC11455,0.7403409713987011,0.2596590286012989,0.19223621746712877
UGC11455,78.6,24.89,269.00,8.23,53.66,86.32,0.0,5.35,0.00,,,,,,,,,0.7212734128658159,0.27872658713418413,0.0,UGC11455,0.7212734128658159,0.27872658713418413,0.2010380767587142
UGC11455,78.6,27.06,267.00,7.11,52.14,73.02,0.0,3.51,0.00,,,,,,,,,0.6623092230296255,0.33769077697037453,0.0,UGC11455,0.6623092230296255,0.33769077697037453,0.2236557161195193
UGC11455,78.6,29.13,272.00,5.36,47.05,61.41,0.0,8.93,0.00,,,,,,,,,0.630118134490211,0.36988186550978897,0.0,UGC11455,0.630118134490211,0.36988186550978897,0.23306927107678735
UGC11455,78.6,31.30,274.00,5.78,45.53,50.43,0.0,5.08,0.00,,,,,,,,,0.5509301463998542,0.44906985360014573,0.0,UGC11455,0.5509301463998542,0.44906985360014573,0.24740612018768937
UGC11455,78.6,33.46,259.00,5.81,50.92,39.85,0.0,2.15,0.00,,,,,,,,,0.3798307332717369,0.6201692667282631,0.0,UGC11455,0.3798307332717369,0.6201692667282631,0.23555934733399156
UGC11455,78.6,35.53,272.00,6.69,49.39,29.51,0.0,0.60,0.00,,,,,,,,,0.26307682027152224,0.7369231797284779,0.0,UGC11455,0.26307682027152224,0.7369231797284779,0.19386740690734747
UGC11455,78.6,37.70,274.00,6.39,46.04,19.93,0.0,0.46,0.00,,,,,,,,,0.15781597620711144,0.8421840237928885,0.0,UGC11455,0.15781597620711144,0.8421840237928885,0.13291009386090785
UGC11455,78.6,39.87,272.00,5.59,49.19,12.13,0.0,0.19,0.00,,,,,,,,,0.05732324344035536,0.9426767565596447,0.0,UGC11455,0.05732324344035536,0.9426767565596447,0.054037289201833115
UGC11455,78.6,41.93,266.00,8.82,49.09,5.47,0.0,0.00,0.00,,,,,,,,,0.012263925510370121,0.9877360744896299,0.0,UGC11455,0.012263925510370121,0.9877360744896299,0.012113521641446214
UGC11557,24.2,0.33,4.00,7.90,1.71,21.94,0.0,9.26,0.00,,,,,,,,,0.9939620601555645,0.006037939844435444,0.0,UGC11557,0.9939620601555645,0.006037939844435444,0.006001483126870423
UGC11557,24.2,0.99,17.00,8.60,2.41,47.32,0.0,6.54,0.00,,,,,,,,,0.9974128621034253,0.0025871378965746177,0.0,UGC11557,0.9974128621034253,0.0025871378965746177,0.002580444614078725
UGC11557,24.2,1.76,33.30,7.90,-7.34,59.39,0.0,8.62,0.00,,,,,,,,,0.984955352591366,0.01504464740863407,0.0,UGC11557,0.984955352591366,0.01504464740863407,0.014818305992983952
UGC11557,24.2,2.42,44.90,10.50,-10.59,70.77,0.0,4.99,0.00,,,,,,,,,0.9780983884320035,0.02190161156799643,0.0,UGC11557,0.9780983884320035,0.02190161156799643,0.021421930978721034
UGC11557,24.2,3.19,53.00,7.90,0.97,81.19,0.0,3.50,0.00,,,,,,,,,0.9998572827725943,0.00014271722740577273,0.0,UGC11557,0.9998572827725943,0.00014271722740577273,0.00014269685919877435
UGC11557,24.2,3.85,60.80,7.90,9.74,83.68,0.0,0.65,0.00,,,,,,,,,0.9866331135756164,0.013366886424383665,0.0,UGC11557,0.9866331135756164,0.013366886424383665,0.013188212771701294
UGC11557,24.2,4.62,69.00,7.90,11.43,87.03,0.0,5.35,0.00,,,,,,,,,0.9830438448389328,0.016956155161067177,0.0,UGC11557,0.9830438448389328,0.016956155161067177,0.016668643963220993
UGC11557,24.2,5.28,76.60,7.90,16.36,90.49,0.0,9.76,0.00,,,,,,,,,0.9683483016978877,0.03165169830211238,0.0,UGC11557,0.9683483016978877,0.03165169830211238,0.03064986829670444
UGC11557,24.2,5.94,85.00,7.90,17.72,93.96,0.0,6.24,0.00,,,,,,,,,0.965655008269091,0.034344991730908894,0.0,UGC11557,0.965655008269091,0.034344991730908894,0.03316541327391269
UGC11557,24.2,7.04,78.10,6.70,24.54,93.48,0.0,9.51,0.00,,,,,,,,,0.9355283670791187,0.06447163292088126,0.0,UGC11557,0.9355283670791187,0.06447163292088126,0.0603150414693964
UGC11557,24.2,8.80,81.60,6.70,35.45,87.18,0.0,7.06,0.00,,,,,,,,,0.8581128248397784,0.1418871751602217,0.0,UGC11557,0.8581128248397784,0.1418871751602217,0.12175520468527427
UGC11557,24.2,10.56,84.50,6.70,33.35,79.1,0.0,1.49,0.00,,,,,,,,,0.8490680425144006,0.1509319574855994,0.0,UGC11557,0.8490680425144006,0.1509319574855994,0.12815150169516462
UGC11820,18.1,0.26,16.00,5.09,-0.43,8.55,0.0,6.79,0.00,,,,,,,,,0.9974770560833104,0.0025229439166896354,0.0,UGC11820,0.9974770560833104,0.0025229439166896354,0.002516578670682874
UGC11820,18.1,0.44,18.90,4.44,1.29,13.84,0.0,3.61,0.00,,,,,,,,,0.991387078392027,0.0086129216079731,0.0,UGC11820,0.991387078392027,0.0086129216079731,0.008538739189348011
UGC11820,18.1,0.61,25.80,3.36,1.97,18.2,0.0,7.73,0.00,,,,,,,,,0.9884194032661049,0.011580596733895143,0.0,UGC11820,0.9884194032661049,0.011580596733895143,0.01144648651318204
UGC11820,18.1,0.79,35.80,3.79,2.55,21.35,0.0,6.68,0.00,,,,,,,,,0.9859352187314119,0.014064781268588112,0.0,UGC11820,0.9859352187314119,0.014064781268588112,0.013866963196454885
UGC11820,18.1,1.01,44.10,7.91,3.22,24.45,0.0,4.99,0.00,,,,,,,,,0.982951502612177,0.017048497387823065,0.0,UGC11820,0.982951502612177,0.017048497387823065,0.016757846124640458
UGC11820,18.1,5.26,59.65,0.98,17.11,26.68,0.0,1.91,0.00,,,,,,,,,0.7085809962327334,0.29141900376726665,0.0,UGC11820,0.7085809962327334,0.29141900376726665,0.2064939680105605
UGC11820,18.1,7.91,69.15,1.23,28.49,24.35,0.0,0.98,0.00,,,,,,,,,0.4221282945083542,0.5778717054916458,0.0,UGC11820,0.4221282945083542,0.5778717054916458,0.2439359974838224
UGC11820,18.1,10.52,76.95,0.54,35.7,21.4,0.0,0.18,0.00,,,,,,,,,0.2643424052642211,0.7356575947357789,0.0,UGC11820,0.2643424052642211,0.7356575947357789,0.19446549804334737
UGC11820,18.1,13.14,81.25,0.73,35.45,18.93,0.0,0.05,0.00,,,,,,,,,0.22187887488627267,0.7781211251137273,0.0,UGC11820,0.22187887488627267,0.7781211251137273,0.17264863976547443
UGC11820,18.1,15.82,84.45,1.31,35.37,17.02,0.0,0.00,0.00,,,,,,,,,0.18801658162727192,0.811983418372728,0.0,UGC11820,0.18801658162727192,0.811983418372728,0.1526663466604673
UGC11914,16.9,0.28,168.00,49.70,0.42,42.14,,5.96 1,97.58,,,,,,,,,0.0,0.0,0.0,UGC11914,0.0,0.0,0.0
UGC11914,16.9,0.37,187.00,40.20,0.61,53.98,,6.93,71.84,,,,,,,,,0.0,0.0,0.0,UGC11914,0.0,0.0,0.0
UGC11914,16.9,0.47,204.00,26.90,0.79,66.33,,1.79,25.23,,,,,,,,,0.0,0.0,0.0,UGC11914,0.0,0.0,0.0
UGC11914,16.9,0.56,218.00,23.50,0.96,76.79,,9.44,78.11,,,,,,,,,0.0,0.0,0.0,UGC11914,0.0,0.0,0.0
UGC11914,16.9,0.65,232.00,8.63,1.14,86.68,,0.07,30.85,,,,,,,,,0.0,0.0,0.0,UGC11914,0.0,0.0,0.0
UGC11914,16.9,0.75,243.00,4.97,1.31,97.06,,5.25,08.68,,,,,,,,,0.0,0.0,0.0,UGC11914,0.0,0.0,0.0
UGC11914,16.9,0.84,253.00,3.65,1.48,5.9,,1.84,31.00,,,,,,,,,0.0,0.0,0.0,UGC11914,0.0,0.0,0.0
UGC11914,16.9,0.93,262.00,2.86,1.66,14.28,,1.09,89.15,,,,,,,,,0.0,0.0,0.0,UGC11914,0.0,0.0,0.0
UGC11914,16.9,1.03,269.00,3.80,1.83,23.11,,5.48,10.31,,,,,,,,,0.0,0.0,0.0,UGC11914,0.0,0.0,0.0
UGC11914,16.9,1.12,275.00,5.39,2.0,30.64,,0.03,81.17,,,,,,,,,0.0,0.0,0.0,UGC11914,0.0,0.0,0.0
UGC11914,16.9,1.21,280.00,5.01,2.17,37.79,,6.95,96.93,,,,,,,,,0.0,0.0,0.0,UGC11914,0.0,0.0,0.0
UGC11914,16.9,1.30,284.00,10.00,2.33,44.6,,6.16,91.52,,,,,,,,,0.0,0.0,0.0,UGC11914,0.0,0.0,0.0
UGC11914,16.9,1.41,287.00,6.59,2.5,52.47,,4.84,00.30,,,,,,,,,0.0,0.0,0.0,UGC11914,0.0,0.0,0.0
UGC11914,16.9,1.50,289.00,3.56,2.66,58.56,,8.85,11.18,,,,,,,,,0.0,0.0,0.0,UGC11914,0.0,0.0,0.0
UGC11914,16.9,1.59,290.00,6.13,2.82,64.36,,4.87,47.25,,,,,,,,,0.0,0.0,0.0,UGC11914,0.0,0.0,0.0
UGC11914,16.9,1.68,291.00,10.20,2.97,69.88,,2.86,15.68,,,,,,,,,0.0,0.0,0.0,UGC11914,0.0,0.0,0.0
UGC11914,16.9,1.78,292.00,8.61,3.12,75.7,,7.26,02.47,,,,,,,,,0.0,0.0,0.0,UGC11914,0.0,0.0,0.0
UGC11914,16.9,1.87,292.00,11.20,3.26,80.66,,9.15,28.74,,,,,,,,,0.0,0.0,0.0,UGC11914,0.0,0.0,0.0
UGC11914,16.9,1.96,291.00,5.15,3.39,85.38,,2.78,72.76,,,,,,,,,0.0,0.0,0.0,UGC11914,0.0,0.0,0.0
UGC11914,16.9,2.05,291.00,4.92,3.5,89.88,,8.09,19.08,,,,,,,,,0.0,0.0,0.0,UGC11914,0.0,0.0,0.0
UGC11914,16.9,2.16,291.00,9.32,3.61,95.08,,5.66,58.42,,,,,,,,,0.0,0.0,0.0,UGC11914,0.0,0.0,0.0
UGC11914,16.9,2.25,290.00,7.19,3.7,99.1,,4.49,20.15,,,,,,,,,0.0,0.0,0.0,UGC11914,0.0,0.0,0.0
UGC11914,16.9,2.34,290.00,12.20,3.76,2.92,,4.80,89.55,,,,,,,,,0.0,0.0,0.0,UGC11914,0.0,0.0,0.0
UGC11914,16.9,2.43,290.00,7.94,3.79,6.55,,6.61,60.37,,,,,,,,,0.0,0.0,0.0,UGC11914,0.0,0.0,0.0
UGC11914,16.9,2.46,290.00,5.16,3.79,7.71,,4.15,46.65,,,,,,,,,0.0,0.0,0.0,UGC11914,0.0,0.0,0.0
UGC11914,16.9,2.53,290.00,3.56,3.79,10.36,9.44,5.69,17.07,,,,,,,,,0.5091360688173512,0.06813853220452994,0.4227253989781189,UGC11914,0.5091360688173512,0.06813853220452994,0.034691784421598856
UGC11914,16.9,2.62,290.00,3.79,3.8,13.61,7.9,0.34,83.46,,,,,,,,,0.7067712751080673,0.05509723861339634,0.23813148627853642,UGC11914,0.7067712751080673,0.05509723861339634,0.03894114558972357
UGC11914,16.9,2.71,290.00,5.65,3.81,16.71,6.55,6.26,44.45,,,,,,,,,0.8294375609511213,0.043120198358675234,0.12744224069020357,UGC11914,0.8294375609511213,0.043120198358675234,0.03576551215434813
UGC11914,16.9,2.80,290.00,9.38,3.84,19.64,5.09,3.37,04.32,,,,,,,,,0.904654567850101,0.03458296795395129,0.06076246419594763,UGC11914,0.904654567850101,0.03458296795395129,0.0312856399293557
UGC11914,16.9,2.99,290.00,10.60,3.94,25.37,1.46,7.89,39.93,,,,,,,,,0.973301964442037,0.023474649099845587,0.0032233864581173726,UGC11914,0.973301964442037,0.023474649099845587,0.022847922083467205
UGC11914,16.9,3.28,291.00,15.30,4.12,33.01,5.11,6.23,77.11,,,,,,,,,0.9619628079219129,0.014985169675194789,0.02305202240289223,UGC11914,0.9619628079219129,0.014985169675194789,0.014415175897936679
UGC11914,16.9,3.74,292.00,18.80,4.56,41.64,4.42,1.87,29.88,,,,,,,,,0.977268879230057,0.011719857000790658,0.011011263769152365,UGC11914,0.977268879230057,0.011719857000790658,0.011453451515899223
UGC11914,16.9,3.83,292.00,15.20,4.69,42.91,2.36,0.67,24.89,,,,,,,,,0.9852497851868903,0.011769960496219622,0.0029802543168900306,UGC11914,0.9852497851868903,0.011769960496219622,0.011596351050558567
UGC11914,16.9,4.02,292.00,19.80,5.12,45.41,8.15,6.93,16.81,,,,,,,,,0.9570071541115838,0.012166120188146409,0.030826725700269883,UGC11914,0.9570071541115838,0.012166120188146409,0.011643064057837481
UGC11914,16.9,4.09,292.00,2.40,5.35,46.19,6.62,0.74,14.54,,,,,,,,,0.9671586060146975,0.012975058965177566,0.019866335020125,UGC11914,0.9671586060146975,0.012975058965177566,0.012548939941719638
UGC11914,16.9,4.12,292.00,9.00,5.4,46.51,5.97,3.88,13.67,,,,,,,,,0.9709149674077114,0.01308808288760093,0.015996949704687787,UGC11914,0.9709149674077114,0.01308808288760093,0.012707415570244482
UGC11914,16.9,4.30,291.00,8.71,6.12,48.01,2.16,3.79,9.51,,,,,,,,,0.9820542980190579,0.01595787037689937,0.001987831604042828,UGC11914,0.9820542980190579,0.01595787037689937,0.015671495190865026
UGC11914,16.9,4.39,291.00,7.92,6.56,48.54,0.25,5.97,7.86,,,,,,,,,0.9820375114875507,0.017936438463093767,2.605004935546551e-05,UGC11914,0.9820375114875507,0.017936438463093767,0.01761425539324619
UGC11914,16.9,4.49,291.00,8.84,7.04,49.06,8.24,7.35,6.39,,,,,,,,,0.9534693940933855,0.019633466579895568,0.026897139326719017,UGC11914,0.9534693940933855,0.019633466579895568,0.01871990948388576
UGC11914,16.9,4.58,290.00,4.20,7.58,49.41,6.48,1.66,5.31,,,,,,,,,0.9608599655170906,0.022613552947544094,0.016526481535365175,UGC11914,0.9608599655170906,0.022613552947544094,0.02172845770539612
UGC11914,16.9,4.87,289.00,10.60,9.59,50.14,1.04,6.31,2.93,,,,,,,,,0.964308697125926,0.03527643089502837,0.00041487197904558964,UGC11914,0.964308697125926,0.03527643089502837,0.03401736911563757
UGC11914,16.9,4.91,288.00,2.26,10.06,50.19,0.31,0.52,2.69,,,,,,,,,0.9613409472175284,0.038622378093677925,3.6674688793703465e-05,UGC11914,0.9613409472175284,0.038622378093677925,0.03712927354036986
UGC11914,16.9,4.96,288.00,6.97,10.42,50.25,9.41,3.49,2.43,,,,,,,,,0.9275859814186168,0.03988572423569725,0.03252829434568603,UGC11914,0.9275859814186168,0.03988572423569725,0.036997438659761545
UGC11914,16.9,5.05,287.00,3.23,11.18,50.32,7.88,1.38,2.02,,,,,,,,,0.9311975790430471,0.04596679039472501,0.022835630562227885,UGC11914,0.9311975790430471,0.04596679039472501,0.04280416393194712
UGC11914,16.9,5.14,287.00,10.20,12.03,50.34,6.33,9.97,1.69,,,,,,,,,0.9320352227039602,0.05322763344395871,0.014737143852081058,UGC11914,0.9320352227039602,0.05322763344395871,0.04961002919094482
UGC11914,16.9,5.24,286.00,10.30,12.78,50.33,4.68,7.99,1.37,,,,,,,,,0.9318588475163719,0.06008388134860408,0.008057271135024073,UGC11914,0.9318588475163719,0.06008388134860408,0.05598969642782063
UGC11914,16.9,5.33,286.00,17.80,13.42,50.26,3.23,7.78,1.14,,,,,,,,,0.9298647141944395,0.06629485589120712,0.0038404299143535068,UGC11914,0.9298647141944395,0.06629485589120712,0.06164524722583886
UGC11914,16.9,5.42,285.00,11.40,14.16,50.17,1.83,8.19,0.94,,,,,,,,,0.9250778258267149,0.07369136068087298,0.00123081349241206,UGC11914,0.9250778258267149,0.07369136068087298,0.06817024372087424
UGC11914,16.9,5.51,285.00,12.00,14.91,50.09,0.39,9.23,0.78,,,,,,,,,0.9185565507020528,0.08138776496143117,5.568433651600496e-05,UGC11914,0.9185565507020528,0.08138776496143117,0.0747592646523216
UGC11914,16.9,5.61,284.00,4.03,15.66,50.01,8.9,0.01,0.64,,,,,,,,,0.8851701167005263,0.08679536824933497,0.02803451505013882,UGC11914,0.8851701167005263,0.08679536824933497,0.07682866624232898
UGC11914,16.9,5.71,284.00,4.73,16.4,49.99,7.49,1.54,0.52,,,,,,,,,0.8848961859949019,0.09523876296971288,0.01986505103538515,UGC11914,0.8848961859949019,0.09523876296971288,0.08427641811077143
UGC11914,16.9,5.80,283.00,6.44,17.15,49.96,6.22,3.28,0.43,,,,,,,,,0.8823496078301407,0.10397384061333155,0.013676551556527692,UGC11914,0.8823496078301407,0.10397384061333155,0.09174127748976665
UGC11914,16.9,5.89,283.00,4.96,17.89,49.9,4.93,5.26,0.36,,,,,,,,,0.8785065589600782,0.11291836942781229,0.00857507161210951,UGC11914,0.8785065589600782,0.11291836942781229,0.09919952816941027
UGC11914,16.9,5.98,283.00,5.37,18.64,49.84,3.71,7.48,0.30,,,,,,,,,0.873046284718477,0.12211612569810912,0.00483758958341395,UGC11914,0.873046284718477,0.12211612569810912,0.1066130298449487
UGC11914,16.9,6.08,283.00,11.00,19.38,49.76,2.34,9.11,0.24,,,,,,,,,0.8666278209899374,0.13145570206840626,0.001916476941656164,UGC11914,0.8666278209899374,0.13145570206840626,0.11392316864024532
UGC11914,16.9,6.15,283.00,1.14,20.02,49.7,1.44,3.42,0.21,,,,,,,,,0.859770606244979,0.13950763044716186,0.0007217633078590611,UGC11914,0.859770606244979,0.13950763044716186,0.11994456000535685
UGC11914,16.9,6.17,283.00,17.30,20.24,49.69,1.19,1.83,0.20,,,,,,,,,0.8572744912470092,0.14223383635228729,0.0004916724007035974,UGC11914,0.8572744912470092,0.14223383635228729,0.12193343969701743
UGC11914,16.9,6.26,283.00,7.94,21.09,49.61,0.0,4.79,0.17,,,,,,,,,0.8469383162117375,0.1530616837882624,0.0,UGC11914,0.8469383162117375,0.1530616837882624,0.12963380474416436
UGC11914,16.9,6.35,283.00,18.30,21.83,49.49,8.86,7.63,0.14,,,,,,,,,0.8152491724718294,0.1586218206744806,0.026129006853690056,UGC11914,0.8152491724718294,0.1586218206744806,0.12931630804084523
UGC11914,16.9,6.73,284.00,10.50,24.6,48.66,4.26,8.26,0.06,,,,,,,,,0.7916128069402621,0.20232000019257118,0.006067192867166871,UGC11914,0.7916128069402621,0.20232000019257118,0.16015910325259566
UGC11914,16.9,6.83,284.00,9.37,25.24,48.3,3.14,0.86,0.05,,,,,,,,,0.7828996453193349,0.21379155000363784,0.0033088046770274274,UGC11914,0.7828996453193349,0.21379155000363784,0.1673773286701189
UGC11914,16.9,6.92,285.00,12.90,25.88,47.92,2.15,4.37,0.04,,,,,,,,,0.7729856227269636,0.2254583589121208,0.0015560183609156732,UGC11914,0.7729856227269636,0.2254583589121208,0.17427606996268494
UGC11914,16.9,7.37,288.00,1.24,28.33,45.58,7.41,6.76,0.02,,,,,,,,,0.7078408034470749,0.2734513685602351,0.018707827992689968,UGC11914,0.7078408034470749,0.2734513685602351,0.19356003642537903
UGC11914,16.9,8.60,297.00,2.13,31.2,35.09,6.47,7.68,0.00,,,,,,,,,0.548074052939341,0.4332930207259028,0.018632926334756064,UGC11914,0.548074052939341,0.4332930207259028,0.23747666197957543
UGC11914,16.9,9.83,305.00,5.07,29.29,22.03,7.66,4.07,0.00,,,,,,,,,0.34618781103310753,0.611957866342307,0.041854322624585515,UGC11914,0.34618781103310753,0.611957866342307,0.21185235419353424
UGC12506,100.6,0.82,107.00,25.60,8.12,32.7,0.0,3.25,0.00,,,,,,,,,0.941919500673171,0.058080499326829106,0.0,UGC12506,0.941919500673171,0.058080499326829106,0.05470715492477531
UGC12506,100.6,2.46,159.00,26.50,22.67,79.76,0.0,6.20,0.00,,,,,,,,,0.9252530820461644,0.07474691795383566,0.0,UGC12506,0.9252530820461644,0.07474691795383566,0.06915981621023823
UGC12506,100.6,4.10,194.00,13.90,31.68,7.57,0.0,8.25,0.00,,,,,,,,,0.05401397437882879,0.9459860256211712,0.0,UGC12506,0.05401397437882879,0.9459860256211712,0.05109646495063201
UGC12506,100.6,5.74,198.00,14.60,34.72,24.14,0.0,7.01,0.00,,,,,,,,,0.3258772699972822,0.6741227300027178,0.0,UGC12506,0.3258772699972822,0.6741227300027178,0.21968127489640066
UGC12506,100.6,7.38,211.00,13.20,31.78,37.6,0.0,8.86,0.00,,,,,,,,,0.5832996799476377,0.4167003200523623,0.0,UGC12506,0.5832996799476377,0.4167003200523623,0.2430611633206211
UGC12506,100.6,9.02,222.00,13.60,23.89,55.68,0.0,2.54,0.00,,,,,,,,,0.8445292958079887,0.1554707041920112,0.0,UGC12506,0.8445292958079887,0.1554707041920112,0.13129956433005135
UGC12506,100.6,10.65,230.00,11.60,14.68,68.58,0.0,3.66,0.00,,,,,,,,,0.9561872900723659,0.043812709927634,0.0,UGC12506,0.9561872900723659,0.043812709927634,0.041893156376431
UGC12506,100.6,12.29,239.00,11.60,14.98,75.29,0.0,6.77,0.00,,,,,,,,,0.9619207550944686,0.03807924490553131,0.0,UGC12506,0.9619207550944686,0.03807924490553131,0.03662921601295587
UGC12506,100.6,13.93,237.00,11.60,26.72,75.91,0.0,7.94,0.00,,,,,,,,,0.889758058109381,0.11024194189061895,0.0,UGC12506,0.889758058109381,0.11024194189061895,0.09808865613880434
UGC12506,100.6,15.57,240.00,11.60,39.88,76.17,0.0,6.35,0.00,,,,,,,,,0.784854782283574,0.21514521771642597,0.0,UGC12506,0.784854782283574,0.21514521771642597,0.16885775301017764
UGC12506,100.6,17.21,245.00,11.60,50.51,75.33,0.0,5.14,0.00,,,,,,,,,0.6898491697351368,0.3101508302648632,0.0,UGC12506,0.6898491697351368,0.3101508302648632,0.21395729275087919
UGC12506,100.6,18.85,249.00,11.60,57.09,72.3,0.0,6.49,0.00,,,,,,,,,0.6159493564299053,0.3840506435700947,0.0,UGC12506,0.6159493564299053,0.3840506435700947,0.2365557467434908
UGC12506,100.6,20.49,248.00,11.60,60.02,68.12,0.0,0.79,0.00,,,,,,,,,0.5629605358648685,0.4370394641351314,0.0,UGC12506,0.5629605358648685,0.4370394641351314,0.24603597092360854
UGC12506,100.6,22.13,250.00,11.60,60.43,64.68,0.0,7.20,0.00,,,,,,,,,0.5339309510705498,0.4660690489294501,0.0,UGC12506,0.5339309510705498,0.4660690489294501,0.2488486905594479
UGC12506,100.6,23.77,255.00,11.60,58.91,61.19,0.0,3.63,0.00,,,,,,,,,0.5189773404340047,0.48102265956599527,0.0,UGC12506,0.5189773404340047,0.48102265956599527,0.24963986055005186
UGC12506,100.6,25.41,244.00,14.90,57.29,57.33,0.0,1.03,0.00,,,,,,,,,0.5003489791932345,0.4996510208067655,0.0,UGC12506,0.5003489791932345,0.4996510208067655,0.24999987821352268
UGC12506,100.6,27.05,244.00,11.60,58.0,53.64,0.0,9.00,0.00,,,,,,,,,0.4610053730265811,0.5389946269734189,0.0,UGC12506,0.4610053730265811,0.5389946269734189,0.24847941906720394
UGC12506,100.6,28.68,249.00,11.60,61.94,49.77,0.0,7.43,0.00,,,,,,,,,0.3923350270007689,0.6076649729992311,0.0,UGC12506,0.3923350270007689,0.6076649729992311,0.2384082535890748
UGC12506,100.6,30.32,251.00,11.60,65.99,46.07,0.0,6.46,0.00,,,,,,,,,0.32768317733562347,0.6723168226643765,0.0,UGC12506,0.32768317733562347,0.6723168226643765,0.2203069126268538
UGC12506,100.6,31.96,249.00,11.60,67.21,43.32,0.0,5.72,0.00,,,,,,,,,0.2935062861223592,0.7064937138776408,0.0,UGC12506,0.2935062861223592,0.7064937138776408,0.20736034612901902
UGC12506,100.6,33.60,244.00,12.90,64.98,40.67,0.0,4.88,0.00,,,,,,,,,0.28147080244527933,0.7185291975547207,0.0,UGC12506,0.28147080244527933,0.7185291975547207,0.20224498981608988
UGC12506,100.6,35.24,239.00,16.20,62.25,38.0,0.0,4.23,0.00,,,,,,,,,0.2714764114916867,0.7285235885083132,0.0,UGC12506,0.2714764114916867,0.7285235885083132,0.1977769694952831
UGC12506,100.6,36.88,238.00,18.40,61.64,35.58,0.0,3.76,0.00,,,,,,,,,0.24991706521820672,0.7500829347817933,0.0,UGC12506,0.24991706521820672,0.7500829347817933,0.18745852573092533
UGC12506,100.6,38.52,241.00,24.90,63.36,33.6,0.0,3.31,0.00,,,,,,,,,0.21949471420892314,0.7805052857910768,0.0,UGC12506,0.21949471420892314,0.7805052857910768,0.17131678464326627
UGC12506,100.6,40.16,237.00,23.00,64.98,31.71,0.0,2.88,0.00,,,,,,,,,0.19233715024002354,0.8076628497599764,0.0,UGC12506,0.19233715024002354,0.8076628497599764,0.15534357087757014
UGC12506,100.6,41.80,228.00,14.00,64.88,30.03,0.0,2.53,0.00,,,,,,,,,0.17643570991814805,0.823564290081852,0.0,UGC12506,0.17643570991814805,0.823564290081852,0.14530615018382717
UGC12506,100.6,43.44,233.00,16.90,63.87,29.69,0.0,2.26,0.00,,,,,,,,,0.17768971308074208,0.822310286919258,0.0,UGC12506,0.17768971308074208,0.822310286919258,0.14611607894602566
UGC12506,100.6,45.08,233.00,13.70,64.47,30.42,0.0,0.00,0.00,,,,,,,,,0.1820977164730004,0.8179022835269996,0.0,UGC12506,0.1820977164730004,0.8179022835269996,0.14893813812831916
UGC12506,100.6,46.71,230.00,11.60,69.03,23.79,0.0,0.00,0.00,,,,,,,,,0.10616262482168329,0.8938373751783166,0.0,UGC12506,0.10616262482168329,0.8938373751783166,0.0948921219126538
UGC12506,100.6,48.35,226.00,11.60,76.21,19.55,0.0,0.00,0.00,,,,,,,,,0.061743491685668055,0.9382565083143319,0.0,UGC12506,0.061743491685668055,0.9382565083143319,0.057931232920129895
UGC12506,100.6,49.99,225.00,11.60,82.59,16.42,0.0,0.00,0.00,,,,,,,,,0.03802381547894013,0.9619761845210599,0.0,UGC12506,0.03802381547894013,0.9619761845210599,0.036578004935363645
UGC12632,9.77,0.71,24.10,7.55,0.75,14.22,0.0,3.37,0.00,,,,,,,,,0.9972259333069982,0.0027740666930018065,0.0,UGC12632,0.9972259333069982,0.0027740666930018065,0.0027663712469845844
UGC12632,9.77,1.42,33.60,5.02,2.55,19.97,0.0,1.72,0.00,,,,,,,,,0.9839564632322354,0.016043536767764592,0.0,UGC12632,0.9839564632322354,0.016043536767764592,0.015786141695745978
UGC12632,9.77,2.14,44.80,3.38,7.39,23.97,0.0,5.26,0.00,,,,,,,,,0.9132001850047601,0.08679981499523978,0.0,UGC12632,0.9132001850047601,0.08679981499523978,0.07926560711203191
UGC12632,9.77,2.85,54.40,2.90,10.7,26.52,0.0,0.49,0.00,,,,,,,,,0.8600025140608882,0.13999748593911177,0.0,UGC12632,0.8600025140608882,0.13999748593911177,0.12039818986983997
UGC12632,9.77,3.55,57.40,2.89,12.26,27.06,0.0,8.02,0.00,,,,,,,,,0.8296896542659508,0.17031034573404924,0.0,UGC12632,0.8296896542659508,0.17031034573404924,0.14130473186999787
UGC12632,9.77,4.26,61.40,3.44,12.02,28.45,0.0,6.75,0.00,,,,,,,,,0.8485344479914673,0.1514655520085327,0.0,UGC12632,0.8485344479914673,0.1514655520085327,0.12852373856328317
UGC12632,9.77,4.97,63.80,3.64,14.16,29.24,0.0,4.61,0.00,,,,,,,,,0.8100343046672842,0.1899656953327159,0.0,UGC12632,0.8100343046672842,0.1899656953327159,0.15387872992947368
UGC12632,9.77,5.69,65.50,3.82,15.95,29.3,0.0,4.19,0.00,,,,,,,,,0.7714042461423724,0.22859575385762776,0.0,UGC12632,0.7714042461423724,0.22859575385762776,0.17633973517589066
UGC12632,9.77,6.40,67.60,3.54,18.56,30.76,0.0,2.51,0.00,,,,,,,,,0.7331009338541661,0.266899066145834,0.0,UGC12632,0.7331009338541661,0.266899066145834,0.19566395463631572
UGC12632,9.77,7.11,69.20,2.91,22.61,29.42,0.0,1.98,0.00,,,,,,,,,0.6286815638440862,0.37131843615591364,0.0,UGC12632,0.6286815638440862,0.37131843615591364,0.2334410551266403
UGC12632,9.77,7.82,70.30,2.79,26.3,28.8,0.0,1.14,0.00,,,,,,,,,0.5452788387580285,0.4547211612419714,0.0,UGC12632,0.5452788387580285,0.4547211612419714,0.2479498267607244
UGC12632,9.77,8.52,71.40,2.93,28.44,27.59,0.0,1.10,0.00,,,,,,,,,0.4848330461541244,0.5151669538458756,0.0,UGC12632,0.4848330461541244,0.5151669538458756,0.2497699635110371
UGC12632,9.77,9.25,73.20,3.00,29.27,27.31,0.0,0.81,0.00,,,,,,,,,0.4654003041366705,0.5345996958633294,0.0,UGC12632,0.4654003041366705,0.5345996958633294,0.24880286104616509
UGC12632,9.77,9.95,73.00,2.81,30.7,26.87,0.0,0.61,0.00,,,,,,,,,0.43376544447421006,0.5662345555257899,0.0,UGC12632,0.43376544447421006,0.5662345555257899,0.24561298365430104
UGC12632,9.77,10.66,73.10,2.79,31.41,26.73,0.0,0.00,0.00,,,,,,,,,0.4200228560544736,0.5799771439455264,0.0,UGC12632,0.4200228560544736,0.5799771439455264,0.2436036564463165
UGC12732,13.2,0.96,34.20,3.32,1.81,20.68,0.0,4.60,0.00,,,,,,,,,0.9923977551321128,0.007602244867887182,0.0,UGC12732,0.9923977551321128,0.007602244867887182,0.007544450740855865
UGC12732,13.2,1.92,49.50,4.60,-7.24,30.32,0.0,4.65,0.00,,,,,,,,,0.9460568888157083,0.05394311118429177,0.0,UGC12732,0.9460568888157083,0.05394311118429177,0.05103325194005091
UGC12732,13.2,2.88,59.90,4.38,-2.56,33.18,0.0,5.63,0.00,,,,,,,,,0.9940823465460791,0.005917653453920934,0.0,UGC12732,0.9940823465460791,0.005917653453920934,0.0058826348315202314
UGC12732,13.2,3.84,65.30,4.31,8.12,35.24,0.0,8.99,0.00,,,,,,,,,0.9495834199933936,0.050416580006606544,0.0,UGC12732,0.9495834199933936,0.050416580006606544,0.04787474846704399
UGC12732,13.2,4.80,69.80,3.83,11.3,34.72,0.0,5.81,0.00,,,,,,,,,0.9042206520946641,0.0957793479053359,0.0,UGC12732,0.9042206520946641,0.0957793479053359,0.08660566442016453
UGC12732,13.2,5.76,73.80,3.45,16.0,34.11,0.0,4.38,0.00,,,,,,,,,0.8196538043431169,0.1803461956568832,0.0,UGC12732,0.8196538043431169,0.1803461956568832,0.1478214453689724
UGC12732,13.2,6.72,76.20,3.24,18.2,34.88,0.0,2.64,0.00,,,,,,,,,0.7860005437203913,0.21399945627960867,0.0,UGC12732,0.7860005437203913,0.21399945627960867,0.16820368899164054
UGC12732,13.2,7.68,79.30,3.19,19.2,33.08,0.0,1.24,0.00,,,,,,,,,0.7480119300601863,0.2519880699398138,0.0,UGC12732,0.7480119300601863,0.2519880699398138,0.18849008254782135
UGC12732,13.2,8.64,80.30,3.31,23.3,31.11,0.0,0.86,0.00,,,,,,,,,0.6406420479319128,0.3593579520680872,0.0,UGC12732,0.6406420479319128,0.3593579520680872,0.23021981435351754
UGC12732,13.2,9.60,81.90,3.69,25.5,29.68,0.0,0.52,0.00,,,,,,,,,0.5753198701840522,0.42468012981594777,0.0,UGC12732,0.5753198701840522,0.42468012981594777,0.24432691715545748
UGC12732,13.2,10.60,84.00,3.89,27.8,28.19,0.0,0.32,0.00,,,,,,,,,0.5069651916174897,0.4930348083825104,0.0,UGC12732,0.5069651916174897,0.4930348083825104,0.24995148610573167
UGC12732,13.2,11.50,85.60,3.67,31.1,26.95,0.0,0.20,0.00,,,,,,,,,0.4288734213653575,0.5711265786346426,0.0,UGC12732,0.4288734213653575,0.5711265786346426,0.24494100981173003
UGC12732,13.2,12.50,87.90,3.43,35.1,25.7,0.0,0.12,0.00,,,,,,,,,0.349003963011889,0.6509960369881109,0.0,UGC12732,0.349003963011889,0.6509960369881109,0.227200196813885
UGC12732,13.2,13.40,90.80,3.36,38.3,24.69,0.0,0.08,0.00,,,,,,,,,0.2935709995843459,0.706429000415654,0.0,UGC12732,0.2935709995843459,0.706429000415654,0.20738706778739385
UGC12732,13.2,14.40,95.50,3.18,41.4,23.69,0.0,0.05,0.00,,,,,,,,,0.24666930177404736,0.7533306982259528,0.0,UGC12732,0.24666930177404736,0.7533306982259528,0.18582355733635136
UGC12732,13.2,15.40,98.00,3.18,43.4,22.77,0.0,0.00,0.00,,,,,,,,,0.21584754313731505,0.7841524568626849,0.0,UGC12732,0.21584754313731505,0.7841524568626849,0.16925738125889994
UGCA281,5.68,0.09,7.00,2.49,1.74,3.78,0.0,5.81,0.00,,,,,,,,,0.8251559251559252,0.17484407484407485,0.0,UGCA281,0.8251559251559252,0.17484407484407485,0.14427362433599442
UGCA281,5.68,0.25,14.90,1.35,4.38,11.32,0.0,2.32,0.00,,,,,,,,,0.8697833659592145,0.1302166340407855,0.0,UGCA281,0.8697833659592145,0.1302166340407855,0.11326026225987365
UGCA281,5.68,0.41,21.10,1.37,6.41,15.94,0.0,3.75,0.00,,,,,,,,,0.8607993245964976,0.13920067540350245,0.0,UGCA281,0.8607993245964976,0.13920067540350245,0.1198238473707112
UGCA281,5.68,0.58,26.00,1.24,7.97,17.47,0.0,0.85,0.00,,,,,,,,,0.8277267576801806,0.17227324231981947,0.0,UGCA281,0.8277267576801806,0.17227324231981947,0.14259517230043622
UGCA281,5.68,0.74,27.50,1.59,9.12,17.72,0.0,1.43,0.00,,,,,,,,,0.7905838466279664,0.20941615337203354,0.0,UGCA281,0.7905838466279664,0.20941615337203354,0.16556102807889445
UGCA281,5.68,0.90,28.80,2.57,9.81,17.18,0.0,7.49,0.00,,,,,,,,,0.7541161786817957,0.2458838213182043,0.0,UGCA281,0.7541161786817957,0.2458838213182043,0.1854249677321617
UGCA281,5.68,1.08,29.50,1.85,10.01,16.66,0.0,5.51,0.00,,,,,,,,,0.7347489395924403,0.26525106040755964,0.0,UGCA281,0.7347489395924403,0.26525106040755964,0.19489293536022476
UGCA442,4.35,0.42,14.20,1.91,4.87,4.78,0.0,1.05,0.00,,,,,,,,,0.4906743862919384,0.5093256137080615,0.0,UGCA442,0.4906743862919384,0.5093256137080615,0.24991303292896797
UGCA442,4.35,1.26,28.60,1.82,13.14,10.76,0.0,5.81,0.00,,,,,,,,,0.40139621380321255,0.5986037861967873,0.0,UGCA442,0.40139621380321255,0.5986037861967873,0.24027729334765818
UGCA442,4.35,2.11,41.00,1.74,19.65,13.6,0.0,2.75,0.00,,,,,,,,,0.3238761474918247,0.6761238525081752,0.0,UGCA442,0.3238761474918247,0.6761238525081752,0.2189803885776785
UGCA442,4.35,2.96,49.00,1.91,22.42,13.29,0.0,1.00,0.00,,,,,,,,,0.26001644386965317,0.7399835561303467,0.0,UGCA442,0.26001644386965317,0.7399835561303467,0.19240789278703263
UGCA442,4.35,3.79,54.80,2.05,22.82,12.56,0.0,0.72,0.00,,,,,,,,,0.2325014075041341,0.7674985924958659,0.0,UGCA442,0.2325014075041341,0.7674985924958659,0.17844450301273068
UGCA442,4.35,4.65,56.40,3.12,21.37,12.33,0.0,0.43,0.00,,,,,,,,,0.24975760046971784,0.7502423995302822,0.0,UGCA442,0.24975760046971784,0.7502423995302822,0.18737874147732664
UGCA442,4.35,5.48,57.80,2.83,18.73,12.04,0.0,0.18,0.00,,,,,,,,,0.29239422358350414,0.7076057764164958,0.0,UGCA442,0.29239422358350414,0.7076057764164958,0.20689984159850391
UGCA442,4.35,6.33,56.50,0.65,16.75,10.62,0.0,0.00,0.00,,,,,,,,,0.28673011024111283,0.7132698897588872,0.0,UGCA442,0.28673011024111283,0.7132698897588872,0.2045159541222321
UGCA444,0.98,0.12,6.48,2.60,-0.66,2.2,0.0,2.83,0.00,,,,,,,,,0.9174311926605505,0.08256880733944953,0.0,UGCA444,0.9174311926605505,0.08256880733944953,0.0757511993939904
UGCA444,0.98,0.19,8.60,2.65,0.47,2.24,0.0,3.38,0.00,,,,,,,,,0.9578314402977951,0.042168559702204816,0.0,UGCA444,0.9578314402977951,0.042168559702204816,0.0403903722748464
UGCA444,0.98,0.26,10.20,3.03,1.82,2.72,0.0,2.43,0.00,,,,,,,,,0.6907420547484782,0.3092579452515218,0.0,UGCA444,0.6907420547484782,0.3092579452515218,0.2136174685503285
UGCA444,0.98,0.33,11.70,3.55,3.08,2.9,0.0,2.23,0.00,,,,,,,,,0.4699269126751749,0.530073087324825,0.0,UGCA444,0.4699269126751749,0.530073087324825,0.24909560941875342
UGCA444,0.98,0.40,12.70,3.75,4.2,2.92,0.0,1.76,0.00,,,,,,,,,0.32585300232359055,0.6741469976764095,0.0,UGCA444,0.32585300232359055,0.6741469976764095,0.21967282320029266
UGCA444,0.98,0.47,14.10,3.43,5.32,3.03,0.0,2.11,0.00,,,,,,,,,0.24493307686356322,0.7550669231364369,0.0,UGCA444,0.24493307686356322,0.7550669231364369,0.18494086472171106
UGCA444,0.98,0.55,16.00,3.33,6.65,3.44,0.0,2.00,0.00,,,,,,,,,0.21110280593905031,0.7888971940609497,0.0,UGCA444,0.21110280593905031,0.7888971940609497,0.16653841126371
UGCA444,0.98,0.62,18.10,2.66,7.97,3.69,0.0,1.59,0.00,,,,,,,,,0.17651840232313934,0.8234815976768606,0.0,UGCA444,0.17651840232313934,0.8234815976768606,0.14535965596442565
UGCA444,0.98,0.69,21.20,3.78,9.25,3.81,0.0,1.38,0.00,,,,,,,,,0.14504699306345215,0.854953006936548,0.0,UGCA444,0.14504699306345215,0.854953006936548,0.12400836286670303
UGCA444,0.98,0.76,21.60,3.33,10.36,3.95,0.0,1.39,0.00,,,,,,,,,0.12691965727421886,0.8730803427257811,0.0,UGCA444,0.12691965727421886,0.8730803427257811,0.11081105787161367
UGCA444,0.98,0.83,23.30,3.09,11.58,4.15,0.0,1.29,0.00,,,,,,,,,0.11381592121010664,0.8861840787898934,0.0,UGCA444,0.11381592121010664,0.8861840787898934,0.10086185728920144
UGCA444,0.98,0.90,24.50,3.26,12.39,4.32,0.0,1.17,0.00,,,,,,,,,0.10839235775332585,0.8916076422466742,0.0,UGCA444,0.10839235775332585,0.8916076422466742,0.09664345453400089
UGCA444,0.98,0.97,24.40,3.29,13.1,4.46,0.0,1.08,0.00,,,,,,,,,0.10387171699870916,0.8961282830012908,0.0,UGCA444,0.10387171699870916,0.8961282830012908,0.09308238340644923
UGCA444,0.98,1.04,25.30,2.78,13.71,4.57,0.0,0.99,0.00,,,,,,,,,0.09999999999999999,0.8999999999999999,0.0,UGCA444,0.09999999999999999,0.8999999999999999,0.08999999999999998
UGCA444,0.98,1.11,25.40,2.78,14.22,4.69,0.0,0.91,0.00,,,,,,,,,0.09810730828328601,0.9018926917167139,0.0,UGCA444,0.09810730828328601,0.9018926917167139,0.08848226434469428
UGCA444,0.98,1.19,25.90,2.73,14.63,4.81,0.0,0.83,0.00,,,,,,,,,0.09754946810977638,0.9024505318902236,0.0,UGCA444,0.09754946810977638,0.9024505318902236,0.0880335693812761
UGCA444,0.98,1.26,26.70,2.67,14.83,4.88,0.0,0.76,0.00,,,,,,,,,0.09770278813817651,0.9022972118618234,0.0,UGCA444,0.09770278813817651,0.9022972118618234,0.0881569533282031
UGCA444,0.98,1.33,27.10,3.16,15.03,4.95,0.0,0.70,0.00,,,,,,,,,0.09785210584201334,0.9021478941579867,0.0,UGCA444,0.09785210584201334,0.9021478941579867,0.08827707122429676
UGCA444,0.98,1.40,28.60,3.34,15.13,5.03,0.0,0.64,0.00,,,,,,,,,0.09952450221817669,0.9004754977818232,0.0,UGCA444,0.09952450221817669,0.9004754977818232,0.08961937567640083
UGCA444,0.98,1.48,28.90,3.21,15.24,5.09,0.0,0.58,0.00,,,,,,,,,0.10035453973939991,0.8996454602606,0.0,UGCA444,0.10035453973939991,0.8996454602606,0.0902835060930931
UGCA444,0.98,1.55,30.40,4.14,15.34,5.13,0.0,0.54,0.00,,,,,,,,,0.10058727413452076,0.8994127258654793,0.0,UGCA444,0.10058727413452076,0.8994127258654793,0.09046947441670754
UGCA444,0.98,1.62,30.80,4.35,15.54,5.17,0.0,0.49,0.00,,,,,,,,,0.09965271110895702,0.9003472888910431,0.0,UGCA444,0.09965271110895702,0.9003472888910431,0.08972204827759178
UGCA444,0.98,1.69,30.50,4.56,15.54,5.21,0.0,0.45,0.00,,,,,,,,,0.10104427669144496,0.898955723308555,0.0,UGCA444,0.10104427669144496,0.898955723308555,0.09083433083934767
UGCA444,0.98,1.75,33.00,4.04,15.54,5.22,0.0,0.42,0.00,,,,,,,,,0.10139316811788346,0.8986068318821167,0.0,UGCA444,0.10139316811788346,0.8986068318821167,0.09111259357690209
UGCA444,0.98,1.83,32.10,4.35,15.64,5.25,0.0,0.38,0.00,,,,,,,,,0.10126864583107527,0.8987313541689248,0.0,UGCA444,0.10126864583107527,0.8987313541689248,0.09101330720261552
UGCA444,0.98,1.90,32.90,4.36,15.64,5.28,0.0,0.35,0.00,,,,,,,,,0.102310560465048,0.897689439534952,0.0,UGCA444,0.102310560465048,0.897689439534952,0.09184310968237575
UGCA444,0.98,1.97,34.20,4.90,15.64,5.3,0.0,0.32,0.00,,,,,,,,,0.10300711845561929,0.8969928815443807,0.0,UGCA444,0.10300711845561929,0.8969928815443807,0.0923966520030893
UGCA444,0.98,2.04,32.60,3.98,15.64,5.31,0.0,0.30,0.00,,,,,,,,,0.10335597826585,0.89664402173415,0.0,UGCA444,0.10335597826585,0.89664402173415,0.09267352002255914
UGCA444,0.98,2.11,33.70,4.73,15.74,5.33,0.0,0.27,0.00,,,,,,,,,0.10287246543173889,0.8971275345682611,0.0,UGCA444,0.10287246543173889,0.8971275345682611,0.09228972128773458
UGCA444,0.98,2.19,33.80,4.67,15.64,5.35,0.0,0.25,0.00,,,,,,,,,0.10475526118636865,0.8952447388136314,0.0,UGCA444,0.10475526118636865,0.8952447388136314,0.09378159644014433
UGCA444,0.98,2.26,34.90,3.74,15.64,5.36,0.0,0.23,0.00,,,,,,,,,0.10510603674847956,0.8948939632515206,0.0,UGCA444,0.10510603674847956,0.8948939632515206,0.09405875778750683
UGCA444,0.98,2.33,36.10,5.47,15.64,5.39,0.0,0.21,0.00,,,,,,,,,0.10616063555842851,0.8938393644415716,0.0,UGCA444,0.10616063555842851,0.8938393644415716,0.09489055501625905
UGCA444,0.98,2.40,37.20,5.39,15.24,5.42,0.0,0.19,0.00,,,,,,,,,0.11228051400047394,0.887719485999526,0.0,UGCA444,0.11228051400047394,0.887719485999526,0.09967360017626331
UGCA444,0.98,2.48,37.60,7.10,14.73,5.5,0.0,0.17,0.00,,,,,,,,,0.1223592151050732,0.8776407848949268,0.0,UGCA444,0.1223592151050732,0.8776407848949268,0.10738743758394362
UGCA444,0.98,2.55,35.60,4.73,14.22,5.46,0.0,0.00,0.00,,,,,,,,,0.12848719937936384,0.8715128006206362,0.0,UGCA444,0.12848719937936384,0.8715128006206362,0.11197823897501145
UGCA444,0.98,2.62,38.30,7.78,13.81,5.25,0.0,0.00,0.00,,,,,,,,,0.1262721127952992,0.8737278872047007,0.0,UGCA444,0.1262721127952992,0.8737278872047007,0.11032746632551044
