=============================================================
  DE4 MASTER DATA APPENDIX
  Unified Numerical Record
  Generated: 2025-10-17 17:58:55Z
=============================================================



#############################################################
## SECTION: OPTIONA
#############################################################

[No files found for OPTIONA]


#############################################################
## SECTION: OPTIONB
#############################################################


-- File: de4_step3_optionB_out/detailed_High-Frequency_Dissipative_global_minmax.csv
-------------------------------------------------------------
 index  Lambda_true_raw  Lambda_de4_raw  Lambda_true_norm  Lambda_de4_norm  residual
     0              0.0        2.983483          0.000000         0.965050 -0.965050
     1              1.0        2.951308          0.034483         0.173072 -0.138589
     2              2.0        2.972753          0.068966         0.700918 -0.631952
     3              3.0        2.974742          0.103448         0.749883 -0.646434
     4              4.0        2.979612          0.137931         0.869759 -0.731828
     5              5.0        2.965869          0.172414         0.531489 -0.359076
     6              6.0        2.974602          0.206897         0.746446 -0.539550
     7              7.0        2.962265          0.241379         0.442757 -0.201378
     8              8.0        2.975455          0.275862         0.767425 -0.491563
     9              9.0        2.974664          0.310345         0.747963 -0.437618
    10             10.0        2.975864          0.344828         0.777497 -0.432670
    11             11.0        2.983765          0.379310         0.971989 -0.592679
    12             12.0        2.984875          0.413793         0.999308 -0.585515
    13             13.0        2.969068          0.448276         0.610218 -0.161943
    14             14.0        2.966179          0.482759         0.539119 -0.056360
    15             15.0        2.951241          0.517241         0.171418  0.345823
    16             16.0        2.972198          0.551724         0.687273 -0.135549
    17             17.0        2.983756          0.586207         0.971759 -0.385552
    18             18.0        2.971180          0.620690         0.662218 -0.041528
    19             19.0        2.974767          0.655172         0.750497 -0.095325
    20             20.0        2.979561          0.689655         0.868512 -0.178857
    21             21.0        2.982387          0.724138         0.938056 -0.213918
    22             22.0        2.957391          0.758621         0.322790  0.435830
    23             23.0        2.967613          0.793103         0.574407  0.218697
    24             24.0        2.984903          0.827586         1.000000 -0.172414
    25             25.0        2.973893          0.862069         0.728997  0.133072
    26             26.0        2.976653          0.896552         0.796927  0.099625
    27             27.0        2.978057          0.931034         0.831484  0.099551
    28             28.0        2.944277          0.965517         0.000000  0.965517
    29             29.0        2.965696          1.000000         0.527225  0.472775


-- File: de4_step3_optionB_out/detailed_High-Frequency_Dissipative_local_gaussian.csv
-------------------------------------------------------------
 index  Lambda_true_raw  Lambda_de4_raw  Lambda_true_norm  Lambda_de4_norm  residual
     0              0.0        2.983483          0.000000         0.009340 -0.009340
     1              1.0        2.951308          0.026394         0.794078 -0.767684
     2              2.0        2.972753          0.061919         0.972616 -0.910696
     3              3.0        2.974742          0.099483         0.992325 -0.892843
     4              4.0        2.979612          0.137213         0.992908 -0.855695
     5              5.0        2.965869          0.174944         0.990057 -0.815113
     6              6.0        2.974602          0.212675         0.988028 -0.775354
     7              7.0        2.962265          0.250405         0.987616 -0.737211
     8              8.0        2.975455          0.288136         0.990468 -0.702332
     9              9.0        2.974664          0.325866         0.993731 -0.667864
    10             10.0        2.975864          0.363597         0.996858 -0.633261
    11             11.0        2.983765          0.401328         1.000000 -0.598672
    12             12.0        2.984875          0.439058         0.998208 -0.559150
    13             13.0        2.969068          0.476789         0.990499 -0.513710
    14             14.0        2.966179          0.514520         0.982465 -0.467945
    15             15.0        2.951241          0.552250         0.980413 -0.428163
    16             16.0        2.972198          0.589981         0.987722 -0.397741
    17             17.0        2.983756          0.627712         0.994350 -0.366639
    18             18.0        2.971180          0.665442         0.994333 -0.328891
    19             19.0        2.974767          0.703173         0.994670 -0.291497
    20             20.0        2.979561          0.740903         0.996353 -0.255450
    21             21.0        2.982387          0.778634         0.993064 -0.214430
    22             22.0        2.957391          0.816365         0.986851 -0.170487
    23             23.0        2.967613          0.854095         0.988834 -0.134739
    24             24.0        2.984903          0.891826         0.994904 -0.103078
    25             25.0        2.973893          0.929557         0.995812 -0.066255
    26             26.0        2.976653          0.967287         0.993644 -0.026357
    27             27.0        2.978057          1.000000         0.972278  0.027722
    28             28.0        2.944277          0.976433         0.787764  0.188669
    29             29.0        2.965696          0.737994         0.000000  0.737994


-- File: de4_step3_optionB_out/detailed_High-Frequency_Dissipative_per_domain_minmax.csv
-------------------------------------------------------------
 index  Lambda_true_raw  Lambda_de4_raw  Lambda_true_norm  Lambda_de4_norm  residual
     0              0.0        2.983483          0.000000         0.965050 -0.965050
     1              1.0        2.951308          0.034483         0.173072 -0.138589
     2              2.0        2.972753          0.068966         0.700918 -0.631952
     3              3.0        2.974742          0.103448         0.749883 -0.646434
     4              4.0        2.979612          0.137931         0.869759 -0.731828
     5              5.0        2.965869          0.172414         0.531489 -0.359076
     6              6.0        2.974602          0.206897         0.746446 -0.539550
     7              7.0        2.962265          0.241379         0.442757 -0.201378
     8              8.0        2.975455          0.275862         0.767425 -0.491563
     9              9.0        2.974664          0.310345         0.747963 -0.437618
    10             10.0        2.975864          0.344828         0.777497 -0.432670
    11             11.0        2.983765          0.379310         0.971989 -0.592679
    12             12.0        2.984875          0.413793         0.999308 -0.585515
    13             13.0        2.969068          0.448276         0.610218 -0.161943
    14             14.0        2.966179          0.482759         0.539119 -0.056360
    15             15.0        2.951241          0.517241         0.171418  0.345823
    16             16.0        2.972198          0.551724         0.687273 -0.135549
    17             17.0        2.983756          0.586207         0.971759 -0.385552
    18             18.0        2.971180          0.620690         0.662218 -0.041528
    19             19.0        2.974767          0.655172         0.750497 -0.095325
    20             20.0        2.979561          0.689655         0.868512 -0.178857
    21             21.0        2.982387          0.724138         0.938056 -0.213918
    22             22.0        2.957391          0.758621         0.322790  0.435830
    23             23.0        2.967613          0.793103         0.574407  0.218697
    24             24.0        2.984903          0.827586         1.000000 -0.172414
    25             25.0        2.973893          0.862069         0.728997  0.133072
    26             26.0        2.976653          0.896552         0.796927  0.099625
    27             27.0        2.978057          0.931034         0.831484  0.099551
    28             28.0        2.944277          0.965517         0.000000  0.965517
    29             29.0        2.965696          1.000000         0.527225  0.472775


-- File: de4_step3_optionB_out/detailed_High-Frequency_Dissipative_zscore_per_domain.csv
-------------------------------------------------------------
 index  Lambda_true_raw  Lambda_de4_raw  Lambda_true_norm  Lambda_de4_norm  residual
     0              0.0        2.983483          0.000000         0.965050 -0.965050
     1              1.0        2.951308          0.034483         0.173072 -0.138589
     2              2.0        2.972753          0.068966         0.700918 -0.631952
     3              3.0        2.974742          0.103448         0.749883 -0.646434
     4              4.0        2.979612          0.137931         0.869759 -0.731828
     5              5.0        2.965869          0.172414         0.531489 -0.359076
     6              6.0        2.974602          0.206897         0.746446 -0.539550
     7              7.0        2.962265          0.241379         0.442757 -0.201378
     8              8.0        2.975455          0.275862         0.767425 -0.491563
     9              9.0        2.974664          0.310345         0.747963 -0.437618
    10             10.0        2.975864          0.344828         0.777497 -0.432670
    11             11.0        2.983765          0.379310         0.971989 -0.592679
    12             12.0        2.984875          0.413793         0.999308 -0.585515
    13             13.0        2.969068          0.448276         0.610218 -0.161943
    14             14.0        2.966179          0.482759         0.539119 -0.056360
    15             15.0        2.951241          0.517241         0.171418  0.345823
    16             16.0        2.972198          0.551724         0.687273 -0.135549
    17             17.0        2.983756          0.586207         0.971759 -0.385552
    18             18.0        2.971180          0.620690         0.662218 -0.041528
    19             19.0        2.974767          0.655172         0.750497 -0.095325
    20             20.0        2.979561          0.689655         0.868512 -0.178857
    21             21.0        2.982387          0.724138         0.938056 -0.213918
    22             22.0        2.957391          0.758621         0.322790  0.435830
    23             23.0        2.967613          0.793103         0.574407  0.218697
    24             24.0        2.984903          0.827586         1.000000 -0.172414
    25             25.0        2.973893          0.862069         0.728997  0.133072
    26             26.0        2.976653          0.896552         0.796927  0.099625
    27             27.0        2.978057          0.931034         0.831484  0.099551
    28             28.0        2.944277          0.965517         0.000000  0.965517
    29             29.0        2.965696          1.000000         0.527225  0.472775


-- File: de4_step3_optionB_out/detailed_Low-Frequency_Stable_global_minmax.csv
-------------------------------------------------------------
 index  Lambda_true_raw  Lambda_de4_raw  Lambda_true_norm  Lambda_de4_norm  residual
     0              0.0        2.358974          0.000000         0.621369 -0.621369
     1              1.0        2.355829          0.034483         0.551239 -0.516757
     2              2.0        2.362548          0.068966         0.701084 -0.632119
     3              3.0        2.352854          0.103448         0.484895 -0.381447
     4              4.0        2.348215          0.137931         0.381462 -0.243531
     5              5.0        2.338003          0.172414         0.153734  0.018679
     6              6.0        2.356655          0.206897         0.569668 -0.362771
     7              7.0        2.341012          0.241379         0.220825  0.020555
     8              8.0        2.349237          0.275862         0.404251 -0.128388
     9              9.0        2.368835          0.310345         0.841267 -0.530922
    10             10.0        2.344187          0.344828         0.291636  0.053191
    11             11.0        2.370225          0.379310         0.872267 -0.492956
    12             12.0        2.354263          0.413793         0.516328 -0.102535
    13             13.0        2.350879          0.448276         0.440854  0.007422
    14             14.0        2.342922          0.482759         0.263426  0.219333
    15             15.0        2.337097          0.517241         0.133527  0.383714
    16             16.0        2.346881          0.551724         0.351714  0.200010
    17             17.0        2.344460          0.586207         0.297725  0.288482
    18             18.0        2.350310          0.620690         0.428164  0.192525
    19             19.0        2.353549          0.655172         0.500394  0.154778
    20             20.0        2.351084          0.689655         0.445425  0.244230
    21             21.0        2.352939          0.724138         0.486806  0.237332
    22             22.0        2.375953          0.758621         1.000000 -0.241379
    23             23.0        2.336025          0.793103         0.109628  0.683475
    24             24.0        2.348739          0.827586         0.393138  0.434448
    25             25.0        2.331109          0.862069         0.000000  0.862069
    26             26.0        2.348772          0.896552         0.393881  0.502671
    27             27.0        2.348240          0.931034         0.382007  0.549028
    28             28.0        2.346829          0.965517         0.350538  0.614979
    29             29.0        2.347536          1.000000         0.366310  0.633690


-- File: de4_step3_optionB_out/detailed_Low-Frequency_Stable_local_gaussian.csv
-------------------------------------------------------------
 index  Lambda_true_raw  Lambda_de4_raw  Lambda_true_norm  Lambda_de4_norm  residual
     0              0.0        2.358974          0.000000         0.010511 -0.010511
     1              1.0        2.355829          0.026394         0.806926 -0.780532
     2              2.0        2.362548          0.061919         0.983676 -0.921757
     3              3.0        2.352854          0.099483         0.992681 -0.893198
     4              4.0        2.348215          0.137213         0.985171 -0.847958
     5              5.0        2.338003          0.174944         0.982401 -0.807457
     6              6.0        2.356655          0.212675         0.984386 -0.771712
     7              7.0        2.341012          0.250405         0.985279 -0.734874
     8              8.0        2.349237          0.288136         0.990840 -0.702704
     9              9.0        2.368835          0.325866         0.997006 -0.671139
    10             10.0        2.344187          0.363597         0.997993 -0.634396
    11             11.0        2.370225          0.401328         1.000000 -0.598672
    12             12.0        2.354263          0.439058         0.996391 -0.557333
    13             13.0        2.350879          0.476789         0.987860 -0.511071
    14             14.0        2.342922          0.514520         0.980001 -0.465481
    15             15.0        2.337097          0.552250         0.976874 -0.424624
    16             16.0        2.346881          0.589981         0.979378 -0.389397
    17             17.0        2.344460          0.627712         0.983050 -0.355339
    18             18.0        2.350310          0.665442         0.987110 -0.321668
    19             19.0        2.353549          0.703173         0.990217 -0.287044
    20             20.0        2.351084          0.740903         0.992478 -0.251575
    21             21.0        2.352939          0.778634         0.997801 -0.219167
    22             22.0        2.375953          0.816365         0.998441 -0.182076
    23             23.0        2.336025          0.854095         0.987180 -0.133085
    24             24.0        2.348739          0.891826         0.977894 -0.086068
    25             25.0        2.331109          0.929557         0.975422 -0.045865
    26             26.0        2.348772          0.967287         0.979732 -0.012445
    27             27.0        2.348240          1.000000         0.969207  0.030793
    28             28.0        2.346829          0.976433         0.792806  0.183627
    29             29.0        2.347536          0.737994         0.000000  0.737994


-- File: de4_step3_optionB_out/detailed_Low-Frequency_Stable_per_domain_minmax.csv
-------------------------------------------------------------
 index  Lambda_true_raw  Lambda_de4_raw  Lambda_true_norm  Lambda_de4_norm  residual
     0              0.0        2.358974          0.000000         0.621369 -0.621369
     1              1.0        2.355829          0.034483         0.551239 -0.516757
     2              2.0        2.362548          0.068966         0.701084 -0.632119
     3              3.0        2.352854          0.103448         0.484895 -0.381447
     4              4.0        2.348215          0.137931         0.381462 -0.243531
     5              5.0        2.338003          0.172414         0.153734  0.018679
     6              6.0        2.356655          0.206897         0.569668 -0.362771
     7              7.0        2.341012          0.241379         0.220825  0.020555
     8              8.0        2.349237          0.275862         0.404251 -0.128388
     9              9.0        2.368835          0.310345         0.841267 -0.530922
    10             10.0        2.344187          0.344828         0.291636  0.053191
    11             11.0        2.370225          0.379310         0.872267 -0.492956
    12             12.0        2.354263          0.413793         0.516328 -0.102535
    13             13.0        2.350879          0.448276         0.440854  0.007422
    14             14.0        2.342922          0.482759         0.263426  0.219333
    15             15.0        2.337097          0.517241         0.133527  0.383714
    16             16.0        2.346881          0.551724         0.351714  0.200010
    17             17.0        2.344460          0.586207         0.297725  0.288482
    18             18.0        2.350310          0.620690         0.428164  0.192525
    19             19.0        2.353549          0.655172         0.500394  0.154778
    20             20.0        2.351084          0.689655         0.445425  0.244230
    21             21.0        2.352939          0.724138         0.486806  0.237332
    22             22.0        2.375953          0.758621         1.000000 -0.241379
    23             23.0        2.336025          0.793103         0.109628  0.683475
    24             24.0        2.348739          0.827586         0.393138  0.434448
    25             25.0        2.331109          0.862069         0.000000  0.862069
    26             26.0        2.348772          0.896552         0.393881  0.502671
    27             27.0        2.348240          0.931034         0.382007  0.549028
    28             28.0        2.346829          0.965517         0.350538  0.614979
    29             29.0        2.347536          1.000000         0.366310  0.633690


-- File: de4_step3_optionB_out/detailed_Low-Frequency_Stable_zscore_per_domain.csv
-------------------------------------------------------------
 index  Lambda_true_raw  Lambda_de4_raw  Lambda_true_norm  Lambda_de4_norm  residual
     0              0.0        2.358974          0.000000         0.621369 -0.621369
     1              1.0        2.355829          0.034483         0.551239 -0.516757
     2              2.0        2.362548          0.068966         0.701084 -0.632119
     3              3.0        2.352854          0.103448         0.484895 -0.381447
     4              4.0        2.348215          0.137931         0.381462 -0.243531
     5              5.0        2.338003          0.172414         0.153734  0.018679
     6              6.0        2.356655          0.206897         0.569668 -0.362771
     7              7.0        2.341012          0.241379         0.220825  0.020555
     8              8.0        2.349237          0.275862         0.404251 -0.128388
     9              9.0        2.368835          0.310345         0.841267 -0.530922
    10             10.0        2.344187          0.344828         0.291636  0.053191
    11             11.0        2.370225          0.379310         0.872267 -0.492956
    12             12.0        2.354263          0.413793         0.516328 -0.102535
    13             13.0        2.350879          0.448276         0.440854  0.007422
    14             14.0        2.342922          0.482759         0.263426  0.219333
    15             15.0        2.337097          0.517241         0.133527  0.383714
    16             16.0        2.346881          0.551724         0.351714  0.200010
    17             17.0        2.344460          0.586207         0.297725  0.288482
    18             18.0        2.350310          0.620690         0.428164  0.192525
    19             19.0        2.353549          0.655172         0.500394  0.154778
    20             20.0        2.351084          0.689655         0.445425  0.244230
    21             21.0        2.352939          0.724138         0.486806  0.237332
    22             22.0        2.375953          0.758621         1.000000 -0.241379
    23             23.0        2.336025          0.793103         0.109628  0.683475
    24             24.0        2.348739          0.827586         0.393138  0.434448
    25             25.0        2.331109          0.862069         0.000000  0.862069
    26             26.0        2.348772          0.896552         0.393881  0.502671
    27             27.0        2.348240          0.931034         0.382007  0.549028
    28             28.0        2.346829          0.965517         0.350538  0.614979
    29             29.0        2.347536          1.000000         0.366310  0.633690


-- File: de4_step3_optionB_out/detailed_Moderate-Frequency_Transitional_global_minmax.csv
-------------------------------------------------------------
 index  Lambda_true_raw  Lambda_de4_raw  Lambda_true_norm  Lambda_de4_norm  residual
     0              0.0        2.809022          0.000000         0.815566 -0.815566
     1              1.0        2.811293          0.034483         0.883183 -0.848700
     2              2.0        2.793902          0.068966         0.365337 -0.296372
     3              3.0        2.806187          0.103448         0.731151 -0.627703
     4              4.0        2.797405          0.137931         0.469627 -0.331696
     5              5.0        2.795179          0.172414         0.403353 -0.230939
     6              6.0        2.795917          0.206897         0.425321 -0.218424
     7              7.0        2.810966          0.241379         0.873459 -0.632080
     8              8.0        2.815215          0.275862         1.000000 -0.724138
     9              9.0        2.791647          0.310345         0.298176  0.012168
    10             10.0        2.802536          0.344828         0.622431 -0.277603
    11             11.0        2.795556          0.379310         0.414568 -0.035258
    12             12.0        2.803842          0.413793         0.661327 -0.247534
    13             13.0        2.805360          0.448276         0.706514 -0.258238
    14             14.0        2.783443          0.482759         0.053879  0.428879
    15             15.0        2.781634          0.517241         0.000000  0.517241
    16             16.0        2.794596          0.551724         0.385986  0.165738
    17             17.0        2.799284          0.586207         0.525576  0.060630
    18             18.0        2.805622          0.620690         0.714312 -0.093622
    19             19.0        2.804152          0.655172         0.670553 -0.015381
    20             20.0        2.795101          0.689655         0.401030  0.288625
    21             21.0        2.786578          0.724138         0.147242  0.576896
    22             22.0        2.803591          0.758621         0.653851  0.104769
    23             23.0        2.798503          0.793103         0.502332  0.290772
    24             24.0        2.809705          0.827586         0.835898 -0.008312
    25             25.0        2.800195          0.862069         0.552705  0.309364
    26             26.0        2.791124          0.896552         0.282609  0.613942
    27             27.0        2.795995          0.931034         0.427638  0.503397
    28             28.0        2.805627          0.965517         0.714479  0.251038
    29             29.0        2.789915          1.000000         0.246593  0.753407


-- File: de4_step3_optionB_out/detailed_Moderate-Frequency_Transitional_local_gaussian.csv
-------------------------------------------------------------
 index  Lambda_true_raw  Lambda_de4_raw  Lambda_true_norm  Lambda_de4_norm  residual
     0              0.0        2.809022          0.000000         0.010519 -0.010519
     1              1.0        2.811293          0.026394         0.806458 -0.780064
     2              2.0        2.793902          0.061919         0.980174 -0.918254
     3              3.0        2.806187          0.099483         0.993132 -0.893650
     4              4.0        2.797405          0.137213         0.990908 -0.853695
     5              5.0        2.795179          0.174944         0.989242 -0.814298
     6              6.0        2.795917          0.212675         0.992890 -0.780215
     7              7.0        2.810966          0.250405         0.999740 -0.749335
     8              8.0        2.815215          0.288136         1.000000 -0.711864
     9              9.0        2.791647          0.325866         0.993812 -0.667945
    10             10.0        2.802536          0.363597         0.991111 -0.627514
    11             11.0        2.795556          0.401328         0.991800 -0.590472
    12             12.0        2.803842          0.439058         0.993300 -0.554242
    13             13.0        2.805360          0.476789         0.989701 -0.512912
    14             14.0        2.783443          0.514520         0.980675 -0.466156
    15             15.0        2.781634          0.552250         0.977750 -0.425499
    16             16.0        2.794596          0.589981         0.983659 -0.393678
    17             17.0        2.799284          0.627712         0.990979 -0.363267
    18             18.0        2.805622          0.665442         0.995061 -0.329619
    19             19.0        2.804152          0.703173         0.993513 -0.290340
    20             20.0        2.795101          0.740903         0.987906 -0.247002
    21             21.0        2.786578          0.778634         0.985848 -0.207214
    22             22.0        2.803591          0.816365         0.990035 -0.173670
    23             23.0        2.798503          0.854095         0.994436 -0.140340
    24             24.0        2.809705          0.891826         0.996022 -0.104196
    25             25.0        2.800195          0.929557         0.992293 -0.062736
    26             26.0        2.791124          0.967287         0.987933 -0.020646
    27             27.0        2.795995          1.000000         0.974298  0.025702
    28             28.0        2.805627          0.976433         0.798019  0.178415
    29             29.0        2.789915          0.737994         0.000000  0.737994


-- File: de4_step3_optionB_out/detailed_Moderate-Frequency_Transitional_per_domain_minmax.csv
-------------------------------------------------------------
 index  Lambda_true_raw  Lambda_de4_raw  Lambda_true_norm  Lambda_de4_norm  residual
     0              0.0        2.809022          0.000000         0.815566 -0.815566
     1              1.0        2.811293          0.034483         0.883183 -0.848700
     2              2.0        2.793902          0.068966         0.365337 -0.296372
     3              3.0        2.806187          0.103448         0.731151 -0.627703
     4              4.0        2.797405          0.137931         0.469627 -0.331696
     5              5.0        2.795179          0.172414         0.403353 -0.230939
     6              6.0        2.795917          0.206897         0.425321 -0.218424
     7              7.0        2.810966          0.241379         0.873459 -0.632080
     8              8.0        2.815215          0.275862         1.000000 -0.724138
     9              9.0        2.791647          0.310345         0.298176  0.012168
    10             10.0        2.802536          0.344828         0.622431 -0.277603
    11             11.0        2.795556          0.379310         0.414568 -0.035258
    12             12.0        2.803842          0.413793         0.661327 -0.247534
    13             13.0        2.805360          0.448276         0.706514 -0.258238
    14             14.0        2.783443          0.482759         0.053879  0.428879
    15             15.0        2.781634          0.517241         0.000000  0.517241
    16             16.0        2.794596          0.551724         0.385986  0.165738
    17             17.0        2.799284          0.586207         0.525576  0.060630
    18             18.0        2.805622          0.620690         0.714312 -0.093622
    19             19.0        2.804152          0.655172         0.670553 -0.015381
    20             20.0        2.795101          0.689655         0.401030  0.288625
    21             21.0        2.786578          0.724138         0.147242  0.576896
    22             22.0        2.803591          0.758621         0.653851  0.104769
    23             23.0        2.798503          0.793103         0.502332  0.290772
    24             24.0        2.809705          0.827586         0.835898 -0.008312
    25             25.0        2.800195          0.862069         0.552705  0.309364
    26             26.0        2.791124          0.896552         0.282609  0.613942
    27             27.0        2.795995          0.931034         0.427638  0.503397
    28             28.0        2.805627          0.965517         0.714479  0.251038
    29             29.0        2.789915          1.000000         0.246593  0.753407


-- File: de4_step3_optionB_out/detailed_Moderate-Frequency_Transitional_zscore_per_domain.csv
-------------------------------------------------------------
 index  Lambda_true_raw  Lambda_de4_raw  Lambda_true_norm  Lambda_de4_norm  residual
     0              0.0        2.809022          0.000000         0.815566 -0.815566
     1              1.0        2.811293          0.034483         0.883183 -0.848700
     2              2.0        2.793902          0.068966         0.365337 -0.296372
     3              3.0        2.806187          0.103448         0.731151 -0.627703
     4              4.0        2.797405          0.137931         0.469627 -0.331696
     5              5.0        2.795179          0.172414         0.403353 -0.230939
     6              6.0        2.795917          0.206897         0.425321 -0.218424
     7              7.0        2.810966          0.241379         0.873459 -0.632080
     8              8.0        2.815215          0.275862         1.000000 -0.724138
     9              9.0        2.791647          0.310345         0.298176  0.012168
    10             10.0        2.802536          0.344828         0.622431 -0.277603
    11             11.0        2.795556          0.379310         0.414568 -0.035258
    12             12.0        2.803842          0.413793         0.661327 -0.247534
    13             13.0        2.805360          0.448276         0.706514 -0.258238
    14             14.0        2.783443          0.482759         0.053879  0.428879
    15             15.0        2.781634          0.517241         0.000000  0.517241
    16             16.0        2.794596          0.551724         0.385986  0.165738
    17             17.0        2.799284          0.586207         0.525576  0.060630
    18             18.0        2.805622          0.620690         0.714312 -0.093622
    19             19.0        2.804152          0.655172         0.670553 -0.015381
    20             20.0        2.795101          0.689655         0.401030  0.288625
    21             21.0        2.786578          0.724138         0.147242  0.576896
    22             22.0        2.803591          0.758621         0.653851  0.104769
    23             23.0        2.798503          0.793103         0.502332  0.290772
    24             24.0        2.809705          0.827586         0.835898 -0.008312
    25             25.0        2.800195          0.862069         0.552705  0.309364
    26             26.0        2.791124          0.896552         0.282609  0.613942
    27             27.0        2.795995          0.931034         0.427638  0.503397
    28             28.0        2.805627          0.965517         0.714479  0.251038
    29             29.0        2.789915          1.000000         0.246593  0.753407


-- File: de4_step3_optionB_out/manifest_optionB.json
-------------------------------------------------------------
  created: 2025-10-16T02:51:34.561466+00:00
  input_file: /content/drive/MyDrive/DE4/de4_step3_norm_out/de4_step3_full_processed_table.csv
  out_root: /content/drive/MyDrive/DE4/de4_step3_optionB_out
  normalizations:
    - global_minmax
    - per_domain_minmax
    - local_gaussian
    - zscore_per_domain
  perturb_sigma_fraction: 0.03
  n_perturb_trials: 20
  fft_nperseg: 64
  domains:
    - Low-Frequency Stable
    - Moderate-Frequency Transitional
    - High-Frequency Dissipative
  notes: Option B: model-driven refinement & robustness analysis


-- File: de4_step3_optionB_out/normalization_comparisons_summary.csv
-------------------------------------------------------------
                         domain  n     normalization  mean_abs_residual  std_residual  corr_true_de4  low_power_resid  mid_power_resid  high_power_resid
           Low-Frequency Stable 30     global_minmax           0.351826      0.411979      -0.250569         1.386876         0.426098          0.426278
           Low-Frequency Stable 30 per_domain_minmax           0.351826      0.411979      -0.250569         1.386876         0.426098          0.426278
           Low-Frequency Stable 30    local_gaussian           0.452319      0.370434       0.121199         0.850792         0.000842          0.000013
           Low-Frequency Stable 30 zscore_per_domain           0.351826      0.411979      -0.250569         1.386876         0.426098          0.426278
Moderate-Frequency Transitional 30     global_minmax           0.351281      0.430045      -0.242764         1.421897         1.523593          0.157066
Moderate-Frequency Transitional 30 per_domain_minmax           0.351281      0.430045      -0.242764         1.421897         1.523593          0.157066
Moderate-Frequency Transitional 30    local_gaussian           0.454382      0.369802       0.126196         0.840164         0.000691          0.000014
Moderate-Frequency Transitional 30 zscore_per_domain           0.351281      0.430045      -0.242764         1.421897         1.523593          0.157066
     High-Frequency Dissipative 30     global_minmax           0.365541      0.406732      -0.083446         0.977525         1.203992          0.185885
     High-Frequency Dissipative 30 per_domain_minmax           0.365541      0.406732      -0.083446         0.977525         1.203992          0.185885
     High-Frequency Dissipative 30    local_gaussian           0.454833      0.368983       0.131916         0.841167         0.000900          0.000012
     High-Frequency Dissipative 30 zscore_per_domain           0.365541      0.406732      -0.083446         0.977525         1.203992          0.185885


-- File: de4_step3_optionB_out/perturbation_robustness_summary.csv
-------------------------------------------------------------
                         domain  trial  sigma  mean_abs_residual  std_residual  corr_true_de4
           Low-Frequency Stable      0  0.435           0.359826      0.415418      -0.251227
           Low-Frequency Stable      1  0.435           0.351893      0.408257      -0.253331
           Low-Frequency Stable      2  0.435           0.354406      0.413277      -0.234434
           Low-Frequency Stable      3  0.435           0.346714      0.408045      -0.235887
           Low-Frequency Stable      4  0.435           0.345847      0.402613      -0.250041
           Low-Frequency Stable      5  0.435           0.350545      0.410196      -0.261410
           Low-Frequency Stable      6  0.435           0.343777      0.404767      -0.244943
           Low-Frequency Stable      7  0.435           0.346341      0.409860      -0.232778
           Low-Frequency Stable      8  0.435           0.347982      0.410802      -0.238709
           Low-Frequency Stable      9  0.435           0.347544      0.409979      -0.258322
           Low-Frequency Stable     10  0.435           0.345493      0.408946      -0.246690
           Low-Frequency Stable     11  0.435           0.354094      0.414017      -0.243872
           Low-Frequency Stable     12  0.435           0.353709      0.416361      -0.258246
           Low-Frequency Stable     13  0.435           0.352849      0.413198      -0.250160
           Low-Frequency Stable     14  0.435           0.347067      0.408093      -0.240649
           Low-Frequency Stable     15  0.435           0.352856      0.411073      -0.247818
           Low-Frequency Stable     16  0.435           0.355587      0.411735      -0.245269
           Low-Frequency Stable     17  0.435           0.354235      0.413994      -0.261303
           Low-Frequency Stable     18  0.435           0.347232      0.410376      -0.253309
           Low-Frequency Stable     19  0.435           0.352854      0.420135      -0.259751
Moderate-Frequency Transitional      0  0.435           0.353925      0.430810      -0.249407
Moderate-Frequency Transitional      1  0.435           0.351501      0.429708      -0.221401
Moderate-Frequency Transitional      2  0.435           0.346278      0.426296      -0.249862
Moderate-Frequency Transitional      3  0.435           0.352979      0.431260      -0.249809
Moderate-Frequency Transitional      4  0.435           0.347092      0.425428      -0.231586
Moderate-Frequency Transitional      5  0.435           0.351178      0.430218      -0.261474
Moderate-Frequency Transitional      6  0.435           0.353000      0.432401      -0.252212
Moderate-Frequency Transitional      7  0.435           0.347354      0.426035      -0.239481
Moderate-Frequency Transitional      8  0.435           0.347614      0.425039      -0.232722
Moderate-Frequency Transitional      9  0.435           0.350602      0.428408      -0.243126
Moderate-Frequency Transitional     10  0.435           0.353233      0.428795      -0.247948
Moderate-Frequency Transitional     11  0.435           0.346447      0.425504      -0.240421
Moderate-Frequency Transitional     12  0.435           0.347221      0.425293      -0.240616
Moderate-Frequency Transitional     13  0.435           0.353030      0.431088      -0.251520
Moderate-Frequency Transitional     14  0.435           0.346708      0.424460      -0.234623
Moderate-Frequency Transitional     15  0.435           0.342019      0.421051      -0.248059
Moderate-Frequency Transitional     16  0.435           0.354110      0.432593      -0.254264
Moderate-Frequency Transitional     17  0.435           0.350763      0.428127      -0.245339
Moderate-Frequency Transitional     18  0.435           0.350644      0.428966      -0.242221
Moderate-Frequency Transitional     19  0.435           0.350063      0.426588      -0.246850
     High-Frequency Dissipative      0  0.435           0.360748      0.403660      -0.090341
     High-Frequency Dissipative      1  0.435           0.370439      0.403099      -0.079584
     High-Frequency Dissipative      2  0.435           0.353708      0.400235      -0.095474
     High-Frequency Dissipative      3  0.435           0.365993      0.409841      -0.074279
     High-Frequency Dissipative      4  0.435           0.366891      0.405639      -0.093630
     High-Frequency Dissipative      5  0.435           0.368238      0.411924      -0.083942
     High-Frequency Dissipative      6  0.435           0.362097      0.409829      -0.087723
     High-Frequency Dissipative      7  0.435           0.365528      0.411017      -0.088556
     High-Frequency Dissipative      8  0.435           0.360465      0.395651      -0.085174
     High-Frequency Dissipative      9  0.435           0.356627      0.402821      -0.079505
     High-Frequency Dissipative     10  0.435           0.368443      0.407165      -0.086733
     High-Frequency Dissipative     11  0.435           0.361043      0.404923      -0.102405
     High-Frequency Dissipative     12  0.435           0.353753      0.402878      -0.086575
     High-Frequency Dissipative     13  0.435           0.358138      0.400876      -0.086562
     High-Frequency Dissipative     14  0.435           0.367680      0.414554      -0.093025
     High-Frequency Dissipative     15  0.435           0.374051      0.410494      -0.080185
     High-Frequency Dissipative     16  0.435           0.350381      0.394963      -0.084074
     High-Frequency Dissipative     17  0.435           0.375874      0.413635      -0.097824
     High-Frequency Dissipative     18  0.435           0.366357      0.403543      -0.084122
     High-Frequency Dissipative     19  0.435           0.370307      0.410175      -0.083609


-- File: de4_step3_optionB_out/psd_High-Frequency_Dissipative_global_minmax.csv
-------------------------------------------------------------
    freq      Pxx
0.000000 0.001902
0.033333 0.638990
0.066667 0.109019
0.100000 0.227614
0.133333 0.406784
0.166667 0.153170
0.200000 0.068343
0.233333 0.214868
0.266667 0.170622
0.300000 0.086299
0.333333 0.071516
0.366667 0.032389
0.400000 0.096298
0.433333 0.032046
0.466667 0.049185
0.500000 0.008356


-- File: de4_step3_optionB_out/psd_High-Frequency_Dissipative_local_gaussian.csv
-------------------------------------------------------------
    freq      Pxx
0.000000 0.044187
0.033333 0.758686
0.066667 0.036192
0.100000 0.002101
0.133333 0.000549
0.166667 0.000211
0.200000 0.000003
0.233333 0.000084
0.266667 0.000006
0.300000 0.000028
0.333333 0.000012
0.366667 0.000007
0.400000 0.000003
0.433333 0.000005
0.466667 0.000003
0.500000 0.000002


-- File: de4_step3_optionB_out/psd_High-Frequency_Dissipative_per_domain_minmax.csv
-------------------------------------------------------------
    freq      Pxx
0.000000 0.001902
0.033333 0.638990
0.066667 0.109019
0.100000 0.227614
0.133333 0.406784
0.166667 0.153170
0.200000 0.068343
0.233333 0.214868
0.266667 0.170622
0.300000 0.086299
0.333333 0.071516
0.366667 0.032389
0.400000 0.096298
0.433333 0.032046
0.466667 0.049185
0.500000 0.008356


-- File: de4_step3_optionB_out/psd_High-Frequency_Dissipative_zscore_per_domain.csv
-------------------------------------------------------------
    freq      Pxx
0.000000 0.001902
0.033333 0.638990
0.066667 0.109019
0.100000 0.227614
0.133333 0.406784
0.166667 0.153170
0.200000 0.068343
0.233333 0.214868
0.266667 0.170622
0.300000 0.086299
0.333333 0.071516
0.366667 0.032389
0.400000 0.096298
0.433333 0.032046
0.466667 0.049185
0.500000 0.008356


-- File: de4_step3_optionB_out/psd_Low-Frequency_Stable_global_minmax.csv
-------------------------------------------------------------
    freq      Pxx
0.000000 0.008205
0.033333 0.804583
0.066667 0.212654
0.100000 0.361435
0.133333 0.074321
0.166667 0.030019
0.200000 0.061741
0.233333 0.022920
0.266667 0.003311
0.300000 0.071618
0.333333 0.008576
0.366667 0.153592
0.400000 0.173184
0.433333 0.081632
0.466667 0.169094
0.500000 0.002368


-- File: de4_step3_optionB_out/psd_Low-Frequency_Stable_local_gaussian.csv
-------------------------------------------------------------
    freq      Pxx
0.000000 0.042590
0.033333 0.767979
0.066667 0.038371
0.100000 0.001853
0.133333 0.000609
0.166667 0.000122
0.200000 0.000021
0.233333 0.000041
0.266667 0.000012
0.300000 0.000007
0.333333 0.000016
0.366667 0.000014
0.400000 0.000002
0.433333 0.000005
0.466667 0.000004
0.500000 0.000001


-- File: de4_step3_optionB_out/psd_Low-Frequency_Stable_per_domain_minmax.csv
-------------------------------------------------------------
    freq      Pxx
0.000000 0.008205
0.033333 0.804583
0.066667 0.212654
0.100000 0.361435
0.133333 0.074321
0.166667 0.030019
0.200000 0.061741
0.233333 0.022920
0.266667 0.003311
0.300000 0.071618
0.333333 0.008576
0.366667 0.153592
0.400000 0.173184
0.433333 0.081632
0.466667 0.169094
0.500000 0.002368


-- File: de4_step3_optionB_out/psd_Low-Frequency_Stable_zscore_per_domain.csv
-------------------------------------------------------------
    freq      Pxx
0.000000 0.008205
0.033333 0.804583
0.066667 0.212654
0.100000 0.361435
0.133333 0.074321
0.166667 0.030019
0.200000 0.061741
0.233333 0.022920
0.266667 0.003311
0.300000 0.071618
0.333333 0.008576
0.366667 0.153592
0.400000 0.173184
0.433333 0.081632
0.466667 0.169094
0.500000 0.002368


-- File: de4_step3_optionB_out/psd_Moderate-Frequency_Transitional_global_minmax.csv
-------------------------------------------------------------
    freq      Pxx
0.000000 0.061212
0.033333 0.961667
0.066667 0.226763
0.100000 0.172255
0.133333 0.150710
0.166667 0.467607
0.200000 0.495126
0.233333 0.073518
0.266667 0.025808
0.300000 0.026124
0.333333 0.170148
0.366667 0.114551
0.400000 0.049406
0.433333 0.069243
0.466667 0.004995
0.500000 0.033422


-- File: de4_step3_optionB_out/psd_Moderate-Frequency_Transitional_local_gaussian.csv
-------------------------------------------------------------
    freq      Pxx
0.000000 0.040625
0.033333 0.761357
0.066667 0.035633
0.100000 0.002549
0.133333 0.000202
0.166667 0.000222
0.200000 0.000178
0.233333 0.000047
0.266667 0.000011
0.300000 0.000014
0.333333 0.000004
0.366667 0.000014
0.400000 0.000006
0.433333 0.000003
0.466667 0.000003
0.500000 0.000002


-- File: de4_step3_optionB_out/psd_Moderate-Frequency_Transitional_per_domain_minmax.csv
-------------------------------------------------------------
    freq      Pxx
0.000000 0.061212
0.033333 0.961667
0.066667 0.226763
0.100000 0.172255
0.133333 0.150710
0.166667 0.467607
0.200000 0.495126
0.233333 0.073518
0.266667 0.025808
0.300000 0.026124
0.333333 0.170148
0.366667 0.114551
0.400000 0.049406
0.433333 0.069243
0.466667 0.004995
0.500000 0.033422


-- File: de4_step3_optionB_out/psd_Moderate-Frequency_Transitional_zscore_per_domain.csv
-------------------------------------------------------------
    freq      Pxx
0.000000 0.061212
0.033333 0.961667
0.066667 0.226763
0.100000 0.172255
0.133333 0.150710
0.166667 0.467607
0.200000 0.495126
0.233333 0.073518
0.266667 0.025808
0.300000 0.026124
0.333333 0.170148
0.366667 0.114551
0.400000 0.049406
0.433333 0.069243
0.466667 0.004995
0.500000 0.033422


-- File: de4_step3_optionB_out/psd_summary.csv
-------------------------------------------------------------
                         domain     normalization                                                   psd_csv  psd_peak_freq  psd_total_power
           Low-Frequency Stable     global_minmax                psd_Low-Frequency_Stable_global_minmax.csv       0.033333         2.239252
           Low-Frequency Stable per_domain_minmax            psd_Low-Frequency_Stable_per_domain_minmax.csv       0.033333         2.239252
           Low-Frequency Stable    local_gaussian               psd_Low-Frequency_Stable_local_gaussian.csv       0.033333         0.851647
           Low-Frequency Stable zscore_per_domain            psd_Low-Frequency_Stable_zscore_per_domain.csv       0.033333         2.239252
Moderate-Frequency Transitional     global_minmax     psd_Moderate-Frequency_Transitional_global_minmax.csv       0.033333         3.102557
Moderate-Frequency Transitional per_domain_minmax psd_Moderate-Frequency_Transitional_per_domain_minmax.csv       0.033333         3.102557
Moderate-Frequency Transitional    local_gaussian    psd_Moderate-Frequency_Transitional_local_gaussian.csv       0.033333         0.840869
Moderate-Frequency Transitional zscore_per_domain psd_Moderate-Frequency_Transitional_zscore_per_domain.csv       0.033333         3.102557
     High-Frequency Dissipative     global_minmax          psd_High-Frequency_Dissipative_global_minmax.csv       0.033333         2.367402
     High-Frequency Dissipative per_domain_minmax      psd_High-Frequency_Dissipative_per_domain_minmax.csv       0.033333         2.367402
     High-Frequency Dissipative    local_gaussian         psd_High-Frequency_Dissipative_local_gaussian.csv       0.033333         0.842079
     High-Frequency Dissipative zscore_per_domain      psd_High-Frequency_Dissipative_zscore_per_domain.csv       0.033333         2.367402



#############################################################
## SECTION: OPTIONC
#############################################################

[No files found for OPTIONC]


#############################################################
## SECTION: OPTIOND
#############################################################


-- File: de4_step3_optionD_out/optionD_domain_pairwise_euclidean_distances.csv
-------------------------------------------------------------
                     Unnamed: 0  High-Frequency Dissipative  Low-Frequency Stable  Moderate-Frequency Transitional
     High-Frequency Dissipative                    0.000000             12.992821                         3.618171
           Low-Frequency Stable                   12.992821              0.000000                         9.385917
Moderate-Frequency Transitional                    3.618171              9.385917                         0.000000


-- File: de4_step3_optionD_out/optionD_manifest.json
-------------------------------------------------------------
  input_table: /content/drive/MyDrive/DE4/de4_step3_norm_out/de4_step3_full_processed_table.csv
  domains:
    - High-Frequency Dissipative
    - Low-Frequency Stable
    - Moderate-Frequency Transitional
  n_domains: 3
  n_samples_per_domain_truncated: 30
  pca_components_used: 3
  pca_explained_variance:
    - 0.9995913724111828
    - 0.00040862758881718853
    - 1.4854734998242289e-32
  reconstruction_k: 2
  outputs:
    - optionD_pca_scores_by_domain.csv
    - optionD_pca_explained_variance.csv
    - optionD_pca_scatter_PC1_PC2.png
    - optionD_pca_explained_variance.png
    - optionD_reconstruction_errors.csv
    - optionD_recon_overlay_High-Frequency_Dissipative.png
    - optionD_recon_overlay_Low-Frequency_Stable.png
    - optionD_recon_overlay_Moderate-Frequency_Transitional.png
    - optionD_domain_pairwise_euclidean_distances.csv
    - optionD_domain_dendrogram.png
    - optionD_tsne_by_domain.csv
    - optionD_tsne_scatter.png


-- File: de4_step3_optionD_out/optionD_pca_explained_variance.csv
-------------------------------------------------------------
 explained_variance_ratio
             9.995914e-01
             4.086276e-04
             1.485473e-32


-- File: de4_step3_optionD_out/optionD_pca_scores_by_domain.csv
-------------------------------------------------------------
                         domain       PC1       PC2          PC3
     High-Frequency Dissipative -5.533792  0.109541 6.675643e-16
           Low-Frequency Stable  7.458854  0.042126 6.675643e-16
Moderate-Frequency Transitional -1.925062 -0.151666 6.675643e-16


-- File: de4_step3_optionD_out/optionD_reconstruction_errors.csv
-------------------------------------------------------------
                         domain  reconstruction_L2_error
     High-Frequency Dissipative             4.056494e-15
           Low-Frequency Stable             2.962445e-15
Moderate-Frequency Transitional             1.914934e-15


-- File: de4_step3_optionD_out/optionD_tsne_by_domain.csv
-------------------------------------------------------------
                         domain      tSNE1     tSNE2
     High-Frequency Dissipative -31.519333  74.23082
           Low-Frequency Stable  34.137980  72.91727
Moderate-Frequency Transitional   2.370784 130.29880


-- File: de4_step3_optionD_plus_out/anti_solution_energy.csv
-------------------------------------------------------------
                                                           pair  anti_solution_energy
           High-Frequency Dissipative__vs__Low-Frequency Stable          9.806441e-23
High-Frequency Dissipative__vs__Moderate-Frequency Transitional          1.391381e-22
      Low-Frequency Stable__vs__Moderate-Frequency Transitional          2.342956e-23


-- File: de4_step3_optionD_plus_out/optionDplus_pca_variance.csv
-------------------------------------------------------------
component  explained_variance_ratio
      PC1              1.000000e+00
      PC2              1.376750e-17
      PC3              0.000000e+00


-- File: de4_step3_optionD_plus_out/optionDplus_summary.csv
-------------------------------------------------------------
                         domain  radial_invariance_index  mean_anti_energy
     High-Frequency Dissipative                      0.5      8.687736e-23
           Low-Frequency Stable                      0.5      8.687736e-23
Moderate-Frequency Transitional                      0.5      8.687736e-23


-- File: de4_step3_optionD_plus_out/radial_invariance_index.csv
-------------------------------------------------------------
                         domain  radial_invariance_index
     High-Frequency Dissipative                      0.5
           Low-Frequency Stable                      0.5
Moderate-Frequency Transitional                      0.5


-- File: de4_step3_optionD_plusplus_out/anti_solution_energy_spectra.csv
-------------------------------------------------------------
                                                           pair  anti_solution_energy  low_freq_fraction  high_freq_fraction  dominant_freq  spectral_entropy
           High-Frequency Dissipative__vs__Low-Frequency Stable          9.806441e-23           0.184322            0.815678       0.100000          2.606568
High-Frequency Dissipative__vs__Moderate-Frequency Transitional          1.391381e-22           0.123705            0.876295       0.333333          2.681576
      Low-Frequency Stable__vs__Moderate-Frequency Transitional          2.342956e-23           0.003953            0.996047       0.433333          2.352296


-- File: de4_step3_optionD_plusplus_out/optionDplusplus_summary.csv
-------------------------------------------------------------
                         domain  radial_invariance_index  mean_anti_energy  mean_low_freq_fraction  mean_high_freq_fraction
     High-Frequency Dissipative                      0.5      8.687736e-23                0.103993                 0.896007
           Low-Frequency Stable                      0.5      8.687736e-23                0.103993                 0.896007
Moderate-Frequency Transitional                      0.5      8.687736e-23                0.103993                 0.896007


-- File: de4_step3_optionD_plusplus_out/radial_invariance_index.csv
-------------------------------------------------------------
                         domain  radial_invariance_index
     High-Frequency Dissipative                      0.5
           Low-Frequency Stable                      0.5
Moderate-Frequency Transitional                      0.5


-- File: de4_step3_optionD_plusplus_out/spectrum_High-Frequency Dissipative__vs__Low-Frequency Stable.csv
-------------------------------------------------------------
    freq        power
0.000000 4.814825e-31
0.033333 4.235678e-21
0.066667 4.041888e-21
0.100000 5.830700e-21
0.133333 4.725426e-21
0.166667 3.746318e-21
0.200000 3.800313e-21
0.233333 3.965679e-21
0.266667 2.099589e-21
0.300000 1.897535e-21
0.333333 1.809291e-21
0.366667 1.923353e-21
0.400000 2.394077e-21
0.433333 1.511869e-21
0.466667 1.367982e-21
0.500000 1.558574e-21


-- File: de4_step3_optionD_plusplus_out/spectrum_High-Frequency Dissipative__vs__Moderate-Frequency Transitional.csv
-------------------------------------------------------------
    freq        power
0.000000 2.163975e-30
0.033333 4.683770e-21
0.066667 3.402868e-21
0.100000 3.275905e-21
0.133333 5.161148e-21
0.166667 5.214679e-21
0.200000 2.996107e-21
0.233333 3.446251e-21
0.266667 3.523016e-21
0.300000 4.115485e-21
0.333333 5.836212e-21
0.366667 3.437185e-21
0.400000 3.570784e-21
0.433333 5.451911e-21
0.466667 5.738785e-21
0.500000 5.516067e-21


-- File: de4_step3_optionD_plusplus_out/spectrum_Low-Frequency Stable__vs__Moderate-Frequency Transitional.csv
-------------------------------------------------------------
    freq        power
0.000000 6.039716e-31
0.033333 1.216899e-23
0.066667 3.190479e-23
0.100000 4.611908e-22
0.133333 2.272383e-22
0.166667 5.248156e-22
0.200000 1.360843e-22
0.233333 3.688634e-22
0.266667 8.212288e-22
0.300000 1.435971e-21
0.333333 1.186619e-21
0.366667 2.216584e-22
0.400000 9.221609e-22
0.433333 1.941234e-21
0.466667 1.646944e-21
0.500000 1.210445e-21


-- File: de4_step3_optionD_plusplusplus_out/invariance_spectrum_with_centroid.csv
-------------------------------------------------------------
                                                           pair  spectral_centroid  low_freq_fraction  high_freq_fraction
           High-Frequency Dissipative__vs__Low-Frequency Stable       9.401479e-09           0.184322            0.815678
High-Frequency Dissipative__vs__Moderate-Frequency Transitional       1.827795e-08           0.123705            0.876295
      Low-Frequency Stable__vs__Moderate-Frequency Transitional       3.990166e-09           0.003953            0.996047


-- File: de4_step3_optionD_plusplusplus_out/optionDplusplusplus_summary.csv
-------------------------------------------------------------
                         domain  mean_spectral_centroid  mean_low_freq_fraction  mean_high_freq_fraction
     High-Frequency Dissipative            1.055653e-08                0.103993                 0.896007
           Low-Frequency Stable            1.055653e-08                0.103993                 0.896007
Moderate-Frequency Transitional            1.055653e-08                0.103993                 0.896007


-- File: de4_step3_optionD_rowsR_out/rowsR_covcorr_rii_summary.csv
-------------------------------------------------------------
                     Unnamed: 0  High-Frequency Dissipative  Low-Frequency Stable  Moderate-Frequency Transitional  mean_covariance  mean_correlation  radial_invariance_index
     High-Frequency Dissipative                         1.0                   1.0                              1.0              1.0               1.0                      0.5
           Low-Frequency Stable                         1.0                   1.0                              1.0              1.0               1.0                      0.5
Moderate-Frequency Transitional                         1.0                   1.0                              1.0              1.0               1.0                      0.5


-- File: de4_step3_optionD_rowsR_out/rowsR_covcorr_summary.csv
-------------------------------------------------------------
                     Unnamed: 0  High-Frequency Dissipative  Low-Frequency Stable  Moderate-Frequency Transitional  mean_covariance  mean_correlation
     High-Frequency Dissipative                         1.0                   1.0                              1.0              1.0               1.0
           Low-Frequency Stable                         1.0                   1.0                              1.0              1.0               1.0
Moderate-Frequency Transitional                         1.0                   1.0                              1.0              1.0               1.0


-- File: de4_step3_optionD_rowsR_out/rowsR_domain_correlation.csv
-------------------------------------------------------------
                     Unnamed: 0  High-Frequency Dissipative  Low-Frequency Stable  Moderate-Frequency Transitional
     High-Frequency Dissipative                         1.0                   1.0                              1.0
           Low-Frequency Stable                         1.0                   1.0                              1.0
Moderate-Frequency Transitional                         1.0                   1.0                              1.0


-- File: de4_step3_optionD_rowsR_out/rowsR_domain_covariance.csv
-------------------------------------------------------------
                     Unnamed: 0  High-Frequency Dissipative  Low-Frequency Stable  Moderate-Frequency Transitional
     High-Frequency Dissipative                         1.0                   1.0                              1.0
           Low-Frequency Stable                         1.0                   1.0                              1.0
Moderate-Frequency Transitional                         1.0                   1.0                              1.0


-- File: de4_step3_optionD_rowsR_out/rowsR_explained_variance.csv
-------------------------------------------------------------
 PC  explained_variance_ratio
  1              1.000000e+00
  2              2.576867e-23
  3              3.190470e-24


-- File: de4_step3_optionD_rowsR_out/rowsR_manifest.json
-------------------------------------------------------------
  matrix_shape:
    - 30
    - 3
  domains:
    - High-Frequency Dissipative
    - Low-Frequency Stable
    - Moderate-Frequency Transitional
  rows_interpreted_as: radius bins
  columns_interpreted_as: domains
  explained_variance_ratio:
    - 1.0
    - 2.5768673709508556e-23
    - 3.1904700062521663e-24
  output_dir: /content/drive/MyDrive/DE4/de4_step3_optionD_rowsR_out
  generated_files:
    - rowsR_reconstruction_errors.csv
    - rowsR_explained_variance.csv
    - rowsR_pairwise_radii_distance.csv
    - rowsR_domain_covariance.csv
    - rowsR_domain_correlation.csv
    - rowsR_covcorr_summary.csv
    - rowsR_explained_variance.png
    - rowsR_reconstruction_error.png
    - rowsR_crossdomain_correlation_heatmap.png
    - rowsR_crossdomain_covariance_heatmap.png


-- File: de4_step3_optionD_rowsR_out/rowsR_pairwise_radii_distance.csv
-------------------------------------------------------------
Unnamed: 0       r1           r2           r3           r4           r5           r6           r7           r8           r9          r10          r11          r12          r13          r14          r15          r16          r17          r18          r19          r20          r21          r22          r23          r24          r25          r26          r27          r28          r29          r30
        r1 0.000000 9.486833e+00 9.486833e+00 9.486833e+00 9.486833e+00 9.486833e+00 9.486833e+00 9.486833e+00 9.486833e+00 9.486833e+00 9.486833e+00 9.486833e+00 9.486833e+00 9.486833e+00 9.486833e+00 9.486833e+00 9.486833e+00 9.486833e+00 9.486833e+00 9.486833e+00 9.486833e+00 9.486833e+00 9.486833e+00 9.486833e+00 9.486833e+00 9.486833e+00 9.486833e+00 9.486833e+00 9.486833e+00 9.486833e+00
        r2 9.486833 0.000000e+00 4.719703e-09 6.295846e-09 7.087447e-09 7.566330e-09 7.874624e-09 8.102272e-09 8.267170e-09 8.398857e-09 8.506044e-09 8.588747e-09 8.661526e-09 8.723767e-09 8.778477e-09 8.825031e-09 8.861049e-09 8.894928e-09 8.925731e-09 8.953047e-09 8.978379e-09 9.001093e-09 9.020467e-09 9.041310e-09 9.056390e-09 9.074024e-09 9.087900e-09 9.101123e-09 9.114573e-09 9.125984e-09
        r3 9.486833 4.719703e-09 0.000000e+00 1.576301e-09 2.367859e-09 2.846773e-09 3.155043e-09 3.382741e-09 3.547624e-09 3.679278e-09 3.786484e-09 3.869170e-09 3.941960e-09 4.004212e-09 4.058910e-09 4.105471e-09 4.141487e-09 4.175365e-09 4.206176e-09 4.233489e-09 4.258816e-09 4.281525e-09 4.300912e-09 4.321754e-09 4.336832e-09 4.354467e-09 4.368338e-09 4.381562e-09 4.395024e-09 4.406425e-09
        r4 9.486833 6.295846e-09 1.576301e-09 0.000000e+00 7.916014e-10 1.270500e-09 1.578805e-09 1.806471e-09 1.971361e-09 2.103052e-09 2.210229e-09 2.292938e-09 2.365713e-09 2.427962e-09 2.482666e-09 2.529225e-09 2.565241e-09 2.599116e-09 2.629928e-09 2.657242e-09 2.682571e-09 2.705284e-09 2.724674e-09 2.745504e-09 2.760584e-09 2.778217e-09 2.792094e-09 2.805317e-09 2.818778e-09 2.830181e-09
        r5 9.486833 7.087447e-09 2.367859e-09 7.916014e-10 0.000000e+00 4.789277e-10 7.872271e-10 1.014910e-09 1.179788e-09 1.311474e-09 1.418647e-09 1.501356e-09 1.574129e-09 1.636384e-09 1.691083e-09 1.737645e-09 1.773659e-09 1.807532e-09 1.838347e-09 1.865661e-09 1.890988e-09 1.913699e-09 1.933098e-09 1.953923e-09 1.969002e-09 1.986634e-09 2.000511e-09 2.013735e-09 2.027200e-09 2.038599e-09
        r6 9.486833 7.566330e-09 2.846773e-09 1.270500e-09 4.789277e-10 0.000000e+00 3.083503e-10 5.359838e-10 7.008657e-10 8.325804e-10 9.397315e-10 1.022455e-09 1.095218e-09 1.157468e-09 1.212172e-09 1.258732e-09 1.294746e-09 1.328619e-09 1.359433e-09 1.386748e-09 1.412076e-09 1.434789e-09 1.454185e-09 1.475008e-09 1.490088e-09 1.507720e-09 1.521599e-09 1.534822e-09 1.548284e-09 1.559686e-09
        r7 9.486833 7.874624e-09 3.155043e-09 1.578805e-09 7.872271e-10 3.083503e-10 0.000000e+00 2.277889e-10 3.926013e-10 5.242486e-10 6.314425e-10 7.141343e-10 7.869173e-10 8.491696e-10 9.038680e-10 9.504292e-10 9.864448e-10 1.020322e-09 1.051133e-09 1.078447e-09 1.103774e-09 1.126484e-09 1.145876e-09 1.166711e-09 1.181790e-09 1.199424e-09 1.213296e-09 1.226520e-09 1.239984e-09 1.251383e-09
        r8 9.486833 8.102272e-09 3.382741e-09 1.806471e-09 1.014910e-09 5.359838e-10 2.277889e-10 0.000000e+00 1.649041e-10 2.967138e-10 4.037820e-10 4.865332e-10 5.592693e-10 6.215070e-10 6.762217e-10 7.227731e-10 7.587892e-10 7.926634e-10 8.234701e-10 8.507868e-10 8.761192e-10 8.988353e-10 9.182234e-10 9.390450e-10 9.541259e-10 9.717571e-10 9.856393e-10 9.988612e-10 1.012317e-09 1.023724e-09
        r9 9.486833 8.267170e-09 3.547624e-09 1.971361e-09 1.179788e-09 7.008657e-10 3.926013e-10 1.649041e-10 0.000000e+00 1.318960e-10 2.388784e-10 3.216368e-10 3.943661e-10 4.566078e-10 5.113194e-10 5.578732e-10 5.938886e-10 6.277626e-10 6.585717e-10 6.858878e-10 7.112189e-10 7.339342e-10 7.533268e-10 7.741469e-10 7.892274e-10 8.068591e-10 8.207399e-10 8.339623e-10 8.474211e-10 8.588258e-10
       r10 9.486833 8.398857e-09 3.679278e-09 2.103052e-09 1.311474e-09 8.325804e-10 5.242486e-10 2.967138e-10 1.318960e-10 0.000000e+00 1.073677e-10 1.898957e-10 2.627144e-10 3.249602e-10 3.796452e-10 4.262052e-10 4.622215e-10 4.961038e-10 5.269094e-10 5.542193e-10 5.795450e-10 6.022524e-10 6.216381e-10 6.424866e-10 6.575637e-10 6.752015e-10 6.890647e-10 7.022898e-10 7.157538e-10 7.271505e-10
       r11 9.486833 8.506044e-09 3.786484e-09 2.210229e-09 1.418647e-09 9.397315e-10 6.314425e-10 4.037820e-10 2.388784e-10 1.073677e-10 0.000000e+00 8.285212e-11 1.554903e-10 2.177421e-10 2.724449e-10 3.190031e-10 3.550156e-10 3.888881e-10 4.197024e-10 4.470173e-10 4.723456e-10 4.950596e-10 5.144629e-10 5.352766e-10 5.503562e-10 5.679883e-10 5.818675e-10 5.950904e-10 6.085554e-10 6.199549e-10
       r12 9.486833 8.588747e-09 3.869170e-09 2.292938e-09 1.501356e-09 1.022455e-09 7.141343e-10 4.865332e-10 3.216368e-10 1.898957e-10 8.285212e-11 0.000000e+00 7.286437e-11 1.350926e-10 1.897532e-10 2.363155e-10 2.723292e-10 3.062113e-10 3.370185e-10 3.643268e-10 3.896506e-10 4.123573e-10 4.317502e-10 4.525935e-10 4.676700e-10 4.853078e-10 4.991703e-10 5.123956e-10 5.258633e-10 5.372569e-10
       r13 9.486833 8.661526e-09 3.941960e-09 2.365713e-09 1.574129e-09 1.095218e-09 7.869173e-10 5.592693e-10 3.943661e-10 2.627144e-10 1.554903e-10 7.286437e-11 0.000000e+00 6.227804e-11 1.169553e-10 1.635186e-10 1.995296e-10 2.334046e-10 2.642200e-10 2.915329e-10 3.168591e-10 3.395716e-10 3.589790e-10 3.797947e-10 3.948733e-10 4.125072e-10 4.263817e-10 4.396054e-10 4.530739e-10 4.644696e-10
       r14 9.486833 8.723767e-09 4.004212e-09 2.427962e-09 1.636384e-09 1.157468e-09 8.491696e-10 6.215070e-10 4.566078e-10 3.249602e-10 2.177421e-10 1.350926e-10 6.227804e-11 0.000000e+00 5.473839e-11 1.012664e-10 1.372848e-10 1.711659e-10 2.019657e-10 2.292812e-10 2.546138e-10 2.773302e-10 2.967219e-10 3.175441e-10 3.326240e-10 3.502585e-10 3.641341e-10 3.773569e-10 3.908165e-10 4.022194e-10
       r15 9.486833 8.778477e-09 4.058910e-09 2.482666e-09 1.691083e-09 1.212172e-09 9.038680e-10 6.762217e-10 5.113194e-10 3.796452e-10 2.724449e-10 1.897532e-10 1.169553e-10 5.473839e-11 0.000000e+00 4.657567e-11 8.257879e-11 1.164587e-10 1.472720e-10 1.745816e-10 1.999060e-10 2.226174e-10 2.420283e-10 2.628453e-10 2.779228e-10 2.955586e-10 3.094285e-10 3.226527e-10 3.361235e-10 3.475164e-10
       r16 9.486833 8.825031e-09 4.105471e-09 2.529225e-09 1.737645e-09 1.258732e-09 9.504292e-10 7.227731e-10 5.578732e-10 4.262052e-10 3.190031e-10 2.363155e-10 1.635186e-10 1.012664e-10 4.657567e-11 0.000000e+00 3.602361e-11 6.991394e-11 1.007049e-10 1.280175e-10 1.533488e-10 1.760644e-10 1.954625e-10 2.162834e-10 2.313621e-10 2.489985e-10 2.628695e-10 2.760929e-10 2.895566e-10 3.009553e-10
       r17 9.486833 8.861049e-09 4.141487e-09 2.565241e-09 1.773659e-09 1.294746e-09 9.864448e-10 7.587892e-10 5.938886e-10 4.622215e-10 3.550156e-10 2.723292e-10 1.995296e-10 1.372848e-10 8.257879e-11 3.602361e-11 0.000000e+00 3.389252e-11 6.469449e-11 9.200384e-11 1.173306e-10 1.400462e-10 1.594628e-10 1.802669e-10 1.953450e-10 2.129808e-10 2.268527e-10 2.400763e-10 2.535462e-10 2.649401e-10
       r18 9.486833 8.894928e-09 4.175365e-09 2.599116e-09 1.807532e-09 1.328619e-09 1.020322e-09 7.926634e-10 6.277626e-10 4.961038e-10 3.888881e-10 3.062113e-10 2.334046e-10 1.711659e-10 1.164587e-10 6.991394e-11 3.389252e-11 0.000000e+00 3.086012e-11 5.814873e-11 8.346295e-11 1.061789e-10 1.256286e-10 1.463935e-10 1.614710e-10 1.791038e-10 1.929815e-10 2.062042e-10 2.196822e-10 2.310704e-10
       r19 9.486833 8.925731e-09 4.206176e-09 2.629928e-09 1.838347e-09 1.359433e-09 1.051133e-09 8.234701e-10 6.585717e-10 5.269094e-10 4.197024e-10 3.370185e-10 2.642200e-10 2.019657e-10 1.472720e-10 1.007049e-10 6.469449e-11 3.086012e-11 0.000000e+00 2.731836e-11 5.265975e-11 7.538337e-11 9.478764e-11 1.155797e-10 1.306593e-10 1.482957e-10 1.621700e-10 1.753919e-10 1.888542e-10 2.002542e-10
       r20 9.486833 8.953047e-09 4.233489e-09 2.657242e-09 1.865661e-09 1.386748e-09 1.078447e-09 8.507868e-10 6.858878e-10 5.542193e-10 4.470173e-10 3.643268e-10 2.915329e-10 2.292812e-10 1.745816e-10 1.280175e-10 9.200384e-11 5.814873e-11 2.731836e-11 0.000000e+00 2.534583e-11 4.806861e-11 6.748483e-11 8.826807e-11 1.033458e-10 1.209845e-10 1.348533e-10 1.480760e-10 1.615425e-10 1.729384e-10
       r21 9.486833 8.978379e-09 4.258816e-09 2.682571e-09 1.890988e-09 1.412076e-09 1.103774e-09 8.761192e-10 7.112189e-10 5.795450e-10 4.723456e-10 3.896506e-10 3.168591e-10 2.546138e-10 1.999060e-10 1.533488e-10 1.173306e-10 8.346295e-11 5.265975e-11 2.534583e-11 0.000000e+00 2.272529e-11 4.222497e-11 6.294900e-11 7.802086e-11 9.566071e-11 1.095226e-10 1.227468e-10 1.362289e-10 1.476112e-10
       r22 9.486833 9.001093e-09 4.281525e-09 2.705284e-09 1.913699e-09 1.434789e-09 1.126484e-09 8.988353e-10 7.339342e-10 6.022524e-10 4.950596e-10 4.123573e-10 3.395716e-10 2.773302e-10 2.226174e-10 1.760644e-10 1.400462e-10 1.061789e-10 7.538337e-11 4.806861e-11 2.272529e-11 0.000000e+00 1.968887e-11 4.028055e-11 5.533289e-11 7.297343e-11 8.681579e-11 1.000418e-10 1.135381e-10 1.249054e-10
       r23 9.486833 9.020467e-09 4.300912e-09 2.724674e-09 1.933098e-09 1.454185e-09 1.145876e-09 9.182234e-10 7.533268e-10 6.216381e-10 5.144629e-10 4.317502e-10 3.589790e-10 2.967219e-10 2.420283e-10 1.954625e-10 1.594628e-10 1.256286e-10 9.478764e-11 6.748483e-11 4.222497e-11 1.968887e-11 0.000000e+00 2.115451e-11 3.609558e-11 5.371358e-11 6.749278e-11 8.070764e-11 9.413333e-11 1.055412e-10
       r24 9.486833 9.041310e-09 4.321754e-09 2.745504e-09 1.953923e-09 1.475008e-09 1.166711e-09 9.390450e-10 7.741469e-10 6.424866e-10 5.352766e-10 4.525935e-10 3.797947e-10 3.175441e-10 2.628453e-10 2.162834e-10 1.802669e-10 1.463935e-10 1.155797e-10 8.826807e-11 6.294900e-11 4.028055e-11 2.115451e-11 0.000000e+00 1.508310e-11 3.271751e-11 4.660756e-11 5.982115e-11 7.329912e-11 8.468565e-11
       r25 9.486833 9.056390e-09 4.336832e-09 2.760584e-09 1.969002e-09 1.490088e-09 1.181790e-09 9.541259e-10 7.892274e-10 6.575637e-10 5.503562e-10 4.676700e-10 3.948733e-10 3.326240e-10 2.779228e-10 2.313621e-10 1.953450e-10 1.614710e-10 1.306593e-10 1.033458e-10 7.802086e-11 5.533289e-11 3.609558e-11 1.508310e-11 0.000000e+00 1.764546e-11 3.152630e-11 4.473903e-11 5.823125e-11 6.960509e-11
       r26 9.486833 9.074024e-09 4.354467e-09 2.778217e-09 1.986634e-09 1.507720e-09 1.199424e-09 9.717571e-10 8.068591e-10 6.752015e-10 5.679883e-10 4.853078e-10 4.125072e-10 3.502585e-10 2.955586e-10 2.489985e-10 2.129808e-10 1.791038e-10 1.482957e-10 1.209845e-10 9.566071e-11 7.297343e-11 5.371358e-11 3.271751e-11 1.764546e-11 0.000000e+00 1.397577e-11 2.713559e-11 4.063780e-11 5.199412e-11
       r27 9.486833 9.087900e-09 4.368338e-09 2.792094e-09 2.000511e-09 1.521599e-09 1.213296e-09 9.856393e-10 8.207399e-10 6.890647e-10 5.818675e-10 4.991703e-10 4.263817e-10 3.641341e-10 3.094285e-10 2.628695e-10 2.268527e-10 1.929815e-10 1.621700e-10 1.348533e-10 1.095226e-10 8.681579e-11 6.749278e-11 4.660756e-11 3.152630e-11 1.397577e-11 0.000000e+00 1.322716e-11 2.678284e-11 3.809118e-11
       r28 9.486833 9.101123e-09 4.381562e-09 2.805317e-09 2.013735e-09 1.534822e-09 1.226520e-09 9.988612e-10 8.339623e-10 7.022898e-10 5.950904e-10 5.123956e-10 4.396054e-10 3.773569e-10 3.226527e-10 2.760929e-10 2.400763e-10 2.062042e-10 1.753919e-10 1.480760e-10 1.227468e-10 1.000418e-10 8.070764e-11 5.982115e-11 4.473903e-11 2.713559e-11 1.322716e-11 0.000000e+00 1.362845e-11 2.486935e-11
       r29 9.486833 9.114573e-09 4.395024e-09 2.818778e-09 2.027200e-09 1.548284e-09 1.239984e-09 1.012317e-09 8.474211e-10 7.157538e-10 6.085554e-10 5.258633e-10 4.530739e-10 3.908165e-10 3.361235e-10 2.895566e-10 2.535462e-10 2.196822e-10 1.888542e-10 1.615425e-10 1.362289e-10 1.135381e-10 9.413333e-11 7.329912e-11 5.823125e-11 4.063780e-11 2.678284e-11 1.362845e-11 0.000000e+00 1.153753e-11
       r30 9.486833 9.125984e-09 4.406425e-09 2.830181e-09 2.038599e-09 1.559686e-09 1.251383e-09 1.023724e-09 8.588258e-10 7.271505e-10 6.199549e-10 5.372569e-10 4.644696e-10 4.022194e-10 3.475164e-10 3.009553e-10 2.649401e-10 2.310704e-10 2.002542e-10 1.729384e-10 1.476112e-10 1.249054e-10 1.055412e-10 8.468565e-11 6.960509e-11 5.199412e-11 3.809118e-11 2.486935e-11 1.153753e-11 0.000000e+00


-- File: de4_step3_optionD_rowsR_out/rowsR_radial_invariance_index.csv
-------------------------------------------------------------
                         domain  radial_invariance_index
     High-Frequency Dissipative                      0.5
           Low-Frequency Stable                      0.5
Moderate-Frequency Transitional                      0.5


-- File: de4_step3_optionD_rowsR_out/rowsR_reconstruction_errors.csv
-------------------------------------------------------------
 radius_bin  reconstruction_L2_error
          1             2.664535e-15
          2             1.177569e-16
          3             6.206335e-17
          4             3.925231e-17
          5             6.206335e-17
          6             6.798700e-17
          7             6.798700e-17
          8             3.925231e-17
          9             2.775558e-17
         10             3.925231e-17
         11             9.205483e-17
         12             4.807407e-17
         13             6.206335e-17
         14             3.925231e-17
         15             8.326673e-17
         16             1.038519e-16
         17             6.798700e-17
         18             6.206335e-17
         19             4.807407e-17
         20             3.925231e-17
         21             3.925231e-17
         22             3.925231e-17
         23             3.925231e-17
         24             8.777084e-17
         25             8.326673e-17
         26             6.798700e-17
         27             8.326673e-17
         28             4.807407e-17
         29             1.000742e-16
         30             6.206335e-17



#############################################################
## SECTION: OPTIONE
#############################################################


-- File: de4_step3_optionE_out/manifest_optionE.json
-------------------------------------------------------------
  run_time: 2025-10-16T11:26:37.259677Z
  input_csv: /content/drive/MyDrive/DE4/de4_step3_norm_out/de4_step3_full_processed_table.csv
  output_dir: /content/drive/MyDrive/DE4/de4_step3_optionE_out
  n_radii: 30
  n_domains: 3
  sliding_window: 5
  umap_params_radii:
    n_neighbors: 10
    min_dist: 0.1
  umap_params_sliding:
    n_neighbors: 15
    min_dist: 0.05
  global_diag:
    n_samples: 26
    n_features: 15
    first_component_ev: 0.9023709501439472
    sum_explained_top3: 0.9999852570404475
    participation_ratio: 1.7288325718144293


-- File: de4_step3_optionE_out/umap_global_diagnostics.csv
-------------------------------------------------------------
 n_samples  n_features  first_component_ev  sum_explained_top3  participation_ratio
        26          15            0.902371            0.999985             1.728833


-- File: de4_step3_optionE_out/umap_radii_embedding.csv
-------------------------------------------------------------
 radius     umap1     umap2
      0 10.627120  1.501123
      1 11.038155 -1.383013
      2 11.978449 -0.549238
      3  9.763062 -0.685332
      4 11.535093  1.155191
      5 10.273746 -1.151113
      6 10.835305 -0.837884
      7 11.670741  0.622733
      8  9.372426  0.814566
      9 11.063385  1.028836
     10 11.448988 -0.356632
     11 10.405402  0.839474
     12 10.948990  0.501153
     13 10.452200 -0.513280
     14  9.904129  0.600612
     15 10.607823  0.189073
     16  9.412731  0.078628
     17 12.283388  0.419171
     18 11.311620  0.139349
     19  9.887715 -0.212741
     20 10.122950  0.168414
     21 11.386800 -0.938222
     22 10.936798 -0.305238
     23  9.926369  1.332396
     24 11.149985  1.769578
     25 12.064882  1.191389
     26 12.347029 -0.122482
     27  9.731348 -1.326333
     28 11.769042  0.114278
     29  9.110940 -0.638401


-- File: de4_step3_optionE_out/umap_radii_local_geometry.csv
-------------------------------------------------------------
     ev1  participation_ratio  curvature_proxy  angular_dispersion
0.999991         8.239113e-23         0.000009        1.510438e-12
0.999988         2.728533e-24         0.000012        1.287003e-03
0.999981         3.144060e-25         0.000019        1.623190e-03
0.999993         3.224077e-24         0.000007        1.167867e+00
0.999978         3.792636e-25         0.000022        1.169370e+00
0.999950         7.644334e-26         0.000050        1.166774e+00
0.999922         2.045432e-26         0.000078        1.161029e+00
0.999936         2.714579e-26         0.000064        1.466160e+00
0.999868         9.376945e-27         0.000132        1.806993e+00
0.999933         3.668268e-27         0.000067        1.449748e+00
0.999800         1.659122e-27         0.000200        1.796034e+00
0.999854         7.980063e-28         0.000146        1.794858e+00
0.999838         4.040799e-28         0.000162        1.797435e+00
0.999920         2.195315e-28         0.000080        1.805999e+00
0.999923         1.191277e-28         0.000077        1.805012e+00
0.999894         6.618638e-29         0.000106        1.804589e+00
0.999884         3.778318e-29         0.000116        1.806611e+00
0.999905         2.365417e-29         0.000095        1.471930e+00
0.999603         1.600533e-29         0.000397        1.801095e+00
0.999249         1.094119e-29         0.000751        1.806483e+00
0.999073         7.277041e-30         0.000927        1.468945e+00
0.999014         5.106675e-30         0.000986        1.495119e+00
0.999762         5.401259e-30         0.000238        2.145017e+00
0.998612         2.514996e-30         0.001388        1.768064e+00
0.998513         2.650180e-30         0.001487        2.132364e+00
0.999401         1.297600e-30         0.000599        1.480147e+00
0.999395         1.374402e-30         0.000605        1.547990e+00
0.999293         1.248780e-30         0.000707        2.321765e+00
0.999715         9.490512e-31         0.000285        2.384760e+00
0.998958         6.170577e-31         0.001042        2.937796e+00


-- File: de4_step3_optionE_out/umap_sliding_embedding.csv
-------------------------------------------------------------
 center_radius      umap1    umap2
             2 -11.300131 9.163634
             3 -11.613530 8.497794
             4 -11.568372 8.858691
             5 -11.972009 9.163494
             6 -12.212565 9.136422
             7 -12.384228 8.720122
             8 -12.278871 8.279382
             9 -12.776917 8.329834
            10 -12.735514 8.070186
            11 -12.864435 7.618243
            12 -13.332705 7.673671
            13 -13.553276 7.986460
            14 -14.033283 8.005165
            15 -14.066901 7.559726
            16 -14.561949 7.612628
            17 -14.883305 7.946015
            18 -15.254407 7.983359
            19 -15.389559 7.478669
            20 -15.791303 7.837017
            21 -16.083511 7.516235
            22 -16.016455 7.116066
            23 -16.315754 7.067390
            24 -16.568937 6.762908
            25 -16.724321 7.444193
            26 -16.640024 7.334352
            27 -16.965650 7.107869


-- File: de4_step3_optionE_out/umap_sliding_local_geometry.csv
-------------------------------------------------------------
     ev1  participation_ratio  curvature_proxy  angular_dispersion
0.995555             1.008930         0.004445            0.072044
0.997986             1.004036         0.002014            0.050874
0.995116             1.009816         0.004884            0.974806
0.997538             1.004936         0.002462            0.998009
0.998171             1.003664         0.001829            1.311354
0.998897             1.002209         0.001103            1.325239
0.999329             1.001343         0.000671            1.340043
0.999606             1.000788         0.000394            1.343774
0.999705             1.000590         0.000295            1.558302
0.999693             1.000615         0.000307            1.878088
0.999773             1.000454         0.000227            1.874958
0.999785             1.000430         0.000215            1.882425
0.999762             1.000475         0.000238            1.501700
0.999660             1.000680         0.000340            1.492733
0.999481             1.001039         0.000519            1.868363
0.999527             1.000947         0.000473            1.876837
0.999447             1.001106         0.000553            1.877576
0.999376             1.001250         0.000624            1.521978
0.999484             1.001033         0.000516            1.504751
0.999239             1.001523         0.000761            1.860523
0.998993             1.002017         0.001007            1.856571
0.998962             1.002079         0.001038            2.054418
0.998848             1.002307         0.001152            2.167375
0.998757             1.002491         0.001243            2.593019
0.998723             1.002559         0.001277            2.172419
0.998518             1.002971         0.001482            3.126229



#############################################################
## SECTION: OPTIONF
#############################################################


-- File: de4_step3_optionF_out/optionF_trajectory_summary.json
-------------------------------------------------------------
  summary_stats:
    n_windows: 26
    mean_speed: 2.3239359855651855
    median_speed: 0.48663076758384705
    max_speed: 24.80493927001953
    mean_curvature: 1.5709928418221741
    median_curvature: 1.7681019003835807
  params:
    window_len: 5
    window_step: 1
    n_neighbors: 12
    umap_min_dist: 0.1
    pca_precomp: True
    timestamp: 2025-10-16T12:16:28.733771+00:00


-- File: de4_step3_optionF_out/optionF_trajectory_table.csv
-------------------------------------------------------------
 center_radius_idx  center_radius_value     umap1     umap2  speed_next  angle_next
                 2                    2  5.541832 15.466417   21.601980    1.873134
                 3                    3 13.506122 -4.613813    0.457614    1.751375
                 4                    4 13.861970 -4.326094    0.603979    0.887185
                 5                    5 14.151189 -4.856323    0.304578    0.741394
                 6                    6 14.036002 -5.138280    0.462494    0.084849
                 7                    7 13.617869 -5.335930    0.417628    1.728931
                 8                    8 13.256783 -5.545763    0.692994    2.389926
                 9                    9 13.694981 -6.082627    0.389278    1.123169
                10                   10 13.309222 -6.030397    0.398862    1.081855
                11                   11 13.089901 -6.363547    0.473398    2.027569
                12                   12 12.618561 -6.319460    0.533472    1.245170
                13                   13 12.808240 -6.818073    0.523550    1.879295
                14                   14 13.331414 -6.798244    0.336526    1.784829
                15                   15 13.241452 -7.122523    0.587340    1.994676
                16                   16 13.827852 -7.155739   24.804939    1.093740
                17                   17  4.920555 15.994748    0.526437    2.435228
                18                   18  4.397286 16.052414    0.475040    0.079176
                19                   19  4.722712 15.706349    0.486631    1.922789
                20                   20  5.083073 15.379318    0.932129    2.184226
                21                   21  5.433104 16.243229    0.363806    1.912527
                22                   22  5.630163 15.937414    0.535257    1.602355
                23                   23  5.956923 16.361359    0.509243    1.130409
                24                   24  6.350253 16.037909    0.812987    2.963551
                25                   25  6.150829 15.249760    0.386243    1.786469
                26                   26  6.177761 15.635062    0.481991         NaN
                27                   27  6.640247 15.499335         NaN         NaN


-- File: de4_step3_optionF_out/optionF_umap_embedding_windows.csv
-------------------------------------------------------------
    umap1     umap2  center_radius_idx  start_radius_idx  center_radius_value                                                                     domain_list
 5.541832 15.466417                  2                 0                    2 Low-Frequency Stable,Moderate-Frequency Transitional,High-Frequency Dissipative
13.506122 -4.613813                  3                 1                    3 Low-Frequency Stable,Moderate-Frequency Transitional,High-Frequency Dissipative
13.861970 -4.326094                  4                 2                    4 Low-Frequency Stable,Moderate-Frequency Transitional,High-Frequency Dissipative
14.151189 -4.856323                  5                 3                    5 Low-Frequency Stable,Moderate-Frequency Transitional,High-Frequency Dissipative
14.036002 -5.138280                  6                 4                    6 Low-Frequency Stable,Moderate-Frequency Transitional,High-Frequency Dissipative
13.617869 -5.335930                  7                 5                    7 Low-Frequency Stable,Moderate-Frequency Transitional,High-Frequency Dissipative
13.256783 -5.545763                  8                 6                    8 Low-Frequency Stable,Moderate-Frequency Transitional,High-Frequency Dissipative
13.694981 -6.082627                  9                 7                    9 Low-Frequency Stable,Moderate-Frequency Transitional,High-Frequency Dissipative
13.309222 -6.030397                 10                 8                   10 Low-Frequency Stable,Moderate-Frequency Transitional,High-Frequency Dissipative
13.089901 -6.363547                 11                 9                   11 Low-Frequency Stable,Moderate-Frequency Transitional,High-Frequency Dissipative
12.618561 -6.319460                 12                10                   12 Low-Frequency Stable,Moderate-Frequency Transitional,High-Frequency Dissipative
12.808240 -6.818073                 13                11                   13 Low-Frequency Stable,Moderate-Frequency Transitional,High-Frequency Dissipative
13.331414 -6.798244                 14                12                   14 Low-Frequency Stable,Moderate-Frequency Transitional,High-Frequency Dissipative
13.241452 -7.122523                 15                13                   15 Low-Frequency Stable,Moderate-Frequency Transitional,High-Frequency Dissipative
13.827852 -7.155739                 16                14                   16 Low-Frequency Stable,Moderate-Frequency Transitional,High-Frequency Dissipative
 4.920555 15.994748                 17                15                   17 Low-Frequency Stable,Moderate-Frequency Transitional,High-Frequency Dissipative
 4.397286 16.052414                 18                16                   18 Low-Frequency Stable,Moderate-Frequency Transitional,High-Frequency Dissipative
 4.722712 15.706349                 19                17                   19 Low-Frequency Stable,Moderate-Frequency Transitional,High-Frequency Dissipative
 5.083073 15.379318                 20                18                   20 Low-Frequency Stable,Moderate-Frequency Transitional,High-Frequency Dissipative
 5.433104 16.243229                 21                19                   21 Low-Frequency Stable,Moderate-Frequency Transitional,High-Frequency Dissipative
 5.630163 15.937414                 22                20                   22 Low-Frequency Stable,Moderate-Frequency Transitional,High-Frequency Dissipative
 5.956923 16.361359                 23                21                   23 Low-Frequency Stable,Moderate-Frequency Transitional,High-Frequency Dissipative
 6.350253 16.037909                 24                22                   24 Low-Frequency Stable,Moderate-Frequency Transitional,High-Frequency Dissipative
 6.150829 15.249760                 25                23                   25 Low-Frequency Stable,Moderate-Frequency Transitional,High-Frequency Dissipative
 6.177761 15.635062                 26                24                   26 Low-Frequency Stable,Moderate-Frequency Transitional,High-Frequency Dissipative
 6.640247 15.499335                 27                25                   27 Low-Frequency Stable,Moderate-Frequency Transitional,High-Frequency Dissipative


-- File: de4_step3_optionF_plus_out/manifest.json
-------------------------------------------------------------
  label: Option F⁺
  timestamp: 2025-10-16T18:42:13.935796+00:00
  metrics:
    mean_speed: 1.6237977743
    mean_curvature: 1.8759095668
    flow_energy: 82.21260833
    spectral_centroid: 0.05134603
    timestamp: 2025-10-16T18:42:13.931492+00:00
  residual_synthetic:
    - 1.0
    - 0.6514390575310556
    - 0.42437284567695
    - 0.27645304662956444
    - 0.1800923121479524
    - 0.11731916609425078
    - 0.07642628699076812
    - 0.049787068367863944
  residual_norm: 1.3173489294653022
  regenerated_at: 2025-10-16T20:31:02.787839+00:00
  residual_signature:
    spline:
      knots:
        - 0.0
        - 7.0
      coefs:
        - 0.9954896718357406
        - 0.08052034987769219
        - 0.15027742999349966
        - 0.045863773515167905
      rmse: 0.005317653607404911
    decay:
      A: 0.9999999986229722
      b: 0.42857142994715275
      C: 1.4217282456393903e-09
      rmse: 4.652065595376949e-10
      r2: 1.0
      aicc: -331.81663351864785
    n_points: 8
    timestamp: 2025-10-16T23:02:55.615773+00:00
    rmse_spline: 0.005317653607404911
    rmse_decay: 4.652065595376949e-10


-- File: de4_step3_optionF_plus_out/optionF_plus_global_metrics.json
-------------------------------------------------------------
  n_windows: 25
  mean_speed: 1.6237977743148804
  median_speed: 1.3502535820007324
  max_speed: 3.3545024394989014
  mean_curvature: 1.8759095668792725
  median_curvature: 1.9353435039520264
  flow_energy: 82.21260833740234
  spectral_centroid: 0.051346032703777814
  low_freq_fraction: 0.8990874547343702
  high_freq_fraction: 0.10091254526562976
  timestamp: 2025-10-16T12:36:09.198144Z



#############################################################
## SECTION: OPTIONF_PLUS
#############################################################

[No files found for OPTIONF_PLUS]


#############################################################
## SECTION: OPTIONG
#############################################################


-- File: de4_step3_optionG_kernelprocrustes_out/kernel_procrustes_summary.json
-------------------------------------------------------------
  n_matched: 26
  proc_residual_kernel_space: 438.2156155819673
  proc_scale: 439.05963134765625
  disp_stats:
    mean: 0.6224237084388733
    std: 0.3620520830154419
    max: 1.4918471574783325
  kpca_gamma: 0.5
  timestamp: 2025-10-16T13:38:00.556118+00:00


-- File: de4_step3_optionG_kernelprocrustes_out/kp_matched_pairs.csv
-------------------------------------------------------------
 radius  radii_u1  radii_u2  temp_u1  temp_u2  temp_aligned_2d_u1  temp_aligned_2d_u2     disp
      2 11.192444  8.790413 1.919700 7.728743           11.132109            8.108048 0.685027
      3 10.705370  8.828465 1.101993 7.570643           11.038248            8.696176 0.358201
      4 11.523025 10.532557 0.595590 6.332415           11.453234           10.721732 0.201638
      5 12.775721  9.420713 0.951773 5.019435           12.406574            9.357162 0.374577
      6 11.025095  9.885458 2.064603 6.609357           11.053425            9.166717 0.719299
      7 10.343855  9.044468 3.012568 4.315254           10.156032            9.561285 0.549889
      8 12.001435  7.742516 2.591028 7.071892           11.674933            8.322706 0.665751
      9 11.170106  9.480784 2.127782 4.610188           10.824412           10.148508 0.751904
     10 10.956970  7.420285 1.940778 6.060176           10.756428            8.726525 1.321545
     11 10.455955  9.846137 2.959370 4.860653           10.633858            9.315392 0.559767
     12 11.482017  6.727832 3.235626 6.887776           11.499809            6.768778 0.044644
     13 11.846614  6.994722 2.602844 5.327845           11.893222            7.846750 0.853302
     14 12.176373  9.070124 2.996168 5.573638           12.016050            9.025134 0.166515
     15 10.631636  7.034723 2.415336 7.935373           10.784906            7.722704 0.704847
     16 11.049217  6.967909 1.349620 6.877841           11.544315            7.958404 1.107340
     17 12.385793  9.659291 1.469059 5.542063           12.484829           10.095307 0.447122
     18 11.402223  8.038682 2.853403 7.690346           11.572758            7.631937 0.441048
     19 11.897946  8.518286 1.350812 7.869921           11.283180            8.664687 0.631958
     20 11.819495  9.812560 1.116401 6.456281           11.098592            8.629104 1.385738
     21 12.108624 10.235269 1.988411 5.466050           12.163486            8.744431 1.491847
     22 12.185225  8.209393 2.608550 8.280029           11.979869            8.066122 0.250396
     23 11.417401  7.452936 1.678261 8.255259           11.737795            7.505472 0.324672
     24 11.180287 10.814855 0.880323 5.951656           11.680549           10.989406 0.529839
     25 11.899499  9.524391 1.292776 4.688539           12.222095            9.438406 0.333858
     26  9.712454  9.805964 2.504548 6.394485            9.995698            9.315289 0.566560
     27 10.312448  9.668777 2.589719 4.315309           10.570859            9.001324 0.715731


-- File: de4_step3_optionG_out/alignment_metrics_for_paste.csv
-------------------------------------------------------------
             metric        value
          n_matched    26.000000
procrustes_residual 11765.586603
   procrustes_scale  2461.622314


-- File: de4_step3_optionG_out/canonical_correlations_for_paste.csv
-------------------------------------------------------------
 canonical_corr_1  canonical_corr_2
         0.652882          0.235749


-- File: de4_step3_optionG_out/cross_corr_radii_vs_temporal.csv
-------------------------------------------------------------
Unnamed: 0       t_0       t_1
       r_0 -0.277281  0.056864
       r_1 -0.375540 -0.476112


-- File: de4_step3_optionG_out/matched_pairs_for_paste.csv
-------------------------------------------------------------
 radius  radii_umap1  radii_umap2  temp_umap1  temp_umap2  temp_aligned_umap1  temp_aligned_umap2
      2    11.192444     8.790413    1.919700    7.728743           16283.387          10915.2280
      3    10.705370     8.828465    1.101993    7.570643           16602.096           8889.9870
      4    11.523025    10.532557    0.595590    6.332415           14159.818           6680.9546
      5    12.775721     9.420713    0.951773    5.019435           10822.242           6406.0737
      6    11.025095     9.885458    2.064603    6.609357           13570.859          10313.3700
      7    10.343855     9.044468    3.012568    4.315254            7466.632          10586.8580
      8    12.001435     7.742516    2.591028    7.071892           14200.769          11919.2490
      9    11.170106     9.480784    2.127782    4.610188            8890.205           8785.6760
     10    10.956970     7.420285    1.940778    6.060176           12403.275           9566.8955
     11    10.455955     9.846137    2.959370    4.860653            8773.686          10920.3870
     12    11.482017     6.727832    3.235626    6.887776           13234.834          13257.2260
     13    11.846614     6.994722    2.602844    5.327845           10153.687          10486.2770
     14    12.176373     9.070124    2.996168    5.573638           10393.319          11602.5650
     15    10.631636     7.034723    2.415336    7.935373           16346.695          12235.5620
     16    11.049217     6.967909    1.349620    6.877841           14791.027           8883.1080
     17    12.385793     9.659291    1.469059    5.542063           11598.908           8041.1150
     18    11.402223     8.038682    2.853403    7.690346           15412.696          13044.4490
     19    11.897946     8.518286    1.350812    7.869921           17086.533           9716.5570
     20    11.819495     9.812560    1.116401    6.456281           14010.461           7990.2620
     21    12.108624    10.235269    1.988411    5.466050           10988.086           9179.6860
     22    12.185225     8.209393    2.608550    8.280029           16982.738          12971.4090
     23    11.417401     7.452936    1.678261    8.255259           17704.350          10797.1990
     24    11.180287    10.814855    0.880323    5.951656           13040.012           7021.2470
     25    11.899499     9.524391    1.292776    4.688539            9770.743           6918.3760
     26     9.712454     9.805964    2.504548    6.394485           12705.091          11151.8560
     27    10.312448     9.668777    2.589719    4.315309            7820.818           9608.0760


-- File: de4_step3_optionG_out/matched_radii_temporal_pairs.csv
-------------------------------------------------------------
 radius  radii_umap1  radii_umap2  temp_umap1  temp_umap2  temp_aligned_umap1  temp_aligned_umap2
      2    11.192444     8.790413    1.919700    7.728743           16283.387          10915.2280
      3    10.705370     8.828465    1.101993    7.570643           16602.096           8889.9870
      4    11.523025    10.532557    0.595590    6.332415           14159.818           6680.9546
      5    12.775721     9.420713    0.951773    5.019435           10822.242           6406.0737
      6    11.025095     9.885458    2.064603    6.609357           13570.859          10313.3700
      7    10.343855     9.044468    3.012568    4.315254            7466.632          10586.8580
      8    12.001435     7.742516    2.591028    7.071892           14200.769          11919.2490
      9    11.170106     9.480784    2.127782    4.610188            8890.205           8785.6760
     10    10.956970     7.420285    1.940778    6.060176           12403.275           9566.8955
     11    10.455955     9.846137    2.959370    4.860653            8773.686          10920.3870
     12    11.482017     6.727832    3.235626    6.887776           13234.834          13257.2260
     13    11.846614     6.994722    2.602844    5.327845           10153.687          10486.2770
     14    12.176373     9.070124    2.996168    5.573638           10393.319          11602.5650
     15    10.631636     7.034723    2.415336    7.935373           16346.695          12235.5620
     16    11.049217     6.967909    1.349620    6.877841           14791.027           8883.1080
     17    12.385793     9.659291    1.469059    5.542063           11598.908           8041.1150
     18    11.402223     8.038682    2.853403    7.690346           15412.696          13044.4490
     19    11.897946     8.518286    1.350812    7.869921           17086.533           9716.5570
     20    11.819495     9.812560    1.116401    6.456281           14010.461           7990.2620
     21    12.108624    10.235269    1.988411    5.466050           10988.086           9179.6860
     22    12.185225     8.209393    2.608550    8.280029           16982.738          12971.4090
     23    11.417401     7.452936    1.678261    8.255259           17704.350          10797.1990
     24    11.180287    10.814855    0.880323    5.951656           13040.012           7021.2470
     25    11.899499     9.524391    1.292776    4.688539            9770.743           6918.3760
     26     9.712454     9.805964    2.504548    6.394485           12705.091          11151.8560
     27    10.312448     9.668777    2.589719    4.315309            7820.818           9608.0760


-- File: de4_step3_optionG_out/optionG_alignment_summary.json
-------------------------------------------------------------
  n_matched: 26
  procrustes_residual: 11765.586602506684
  procrustes_scale: 2461.622314453125
  cca_dim: 2
  canonical_correlations:
    - 0.6528819248644182
    - 0.2357493410412272
  pca_r_explained_top5:
    - 0.245881248036317
    - 0.17582476760275323
    - 0.14581242060831304
    - 0.12180826806023125
    - 0.09543812324517294
  pca_t_explained_top5:
    - 0.09992980400927413
    - 0.08932023396256211
    - 0.08094800711731946
    - 0.08024106996762315
    - 0.06788905255932023
  timestamp: 2025-10-16T13:25:25.285110+00:00


-- File: de4_step3_optionG_out/umap_radii_embedding_rebuilt.csv
-------------------------------------------------------------
 radius_index     umap1     umap2
            0 11.059123 10.466150
            1 10.299561  7.826040
            2 11.192444  8.790413
            3 10.705370  8.828465
            4 11.523025 10.532557
            5 12.775721  9.420713
            6 11.025095  9.885458
            7 10.343855  9.044468
            8 12.001435  7.742516
            9 11.170106  9.480784
           10 10.956970  7.420285
           11 10.455955  9.846137
           12 11.482017  6.727832
           13 11.846614  6.994722
           14 12.176373  9.070124
           15 10.631636  7.034723
           16 11.049217  6.967909
           17 12.385793  9.659291
           18 11.402223  8.038682
           19 11.897946  8.518286
           20 11.819495  9.812560
           21 12.108624 10.235269
           22 12.185225  8.209393
           23 11.417401  7.452936
           24 11.180287 10.814855
           25 11.899499  9.524391
           26  9.712454  9.805964
           27 10.312448  9.668777
           28 10.323144  7.598891
           29  9.612977  9.216328


-- File: de4_step3_optionG_out/umap_temporal_embedding_rebuilt.csv
-------------------------------------------------------------
 window_index  center_radius    umap1    umap2
            0              2 1.919700 7.728743
            1              3 1.101993 7.570643
            2              4 0.595590 6.332415
            3              5 0.951773 5.019435
            4              6 2.064603 6.609357
            5              7 3.012568 4.315254
            6              8 2.591028 7.071892
            7              9 2.127782 4.610188
            8             10 1.940778 6.060176
            9             11 2.959370 4.860653
           10             12 3.235626 6.887776
           11             13 2.602844 5.327845
           12             14 2.996168 5.573638
           13             15 2.415336 7.935373
           14             16 1.349620 6.877841
           15             17 1.469059 5.542063
           16             18 2.853403 7.690346
           17             19 1.350812 7.869921
           18             20 1.116401 6.456281
           19             21 1.988411 5.466050
           20             22 2.608550 8.280029
           21             23 1.678261 8.255259
           22             24 0.880323 5.951656
           23             25 1.292776 4.688539
           24             26 2.504548 6.394485
           25             27 2.589719 4.315309


-- File: de4_step3_optionG_plus_out/A_pca_by_radius.csv
-------------------------------------------------------------
  A_pca_0       A_pca_1       A_pca_2       A_pca_3      A_pca_4
 1.391454  4.425144e-19  1.173364e-17  9.253342e-18 1.630879e-16
-0.047981  8.185703e-09 -1.274007e-11 -1.415146e-12 1.618891e-16
-0.047981  3.452596e-09  1.833600e-11 -4.925788e-12 1.672194e-16
-0.047981  1.870393e-09  5.466074e-12  5.319099e-12 1.641633e-16
-0.047981  1.076340e-09  7.750415e-12  5.162643e-12 1.551117e-16
-0.047981  5.955221e-10  2.470015e-12  4.996077e-12 1.533084e-16
-0.047981  2.862764e-10  3.716418e-12 -4.927689e-13 1.702915e-16
-0.047981  5.744882e-11 -2.941346e-12  3.432801e-12 1.766244e-16
-0.047981 -1.079000e-10 -1.527182e-12  2.614399e-12 1.635300e-16
-0.047981 -2.397815e-10  2.372647e-12 -3.646114e-12 1.609746e-16
-0.047981 -3.474657e-10 -6.733051e-14  1.848996e-12 1.648737e-16
-0.047981 -4.303261e-10  1.889455e-12 -2.610085e-12 1.607638e-16
-0.047981 -5.034380e-10  3.360167e-13  4.193931e-13 1.643534e-16
-0.047981 -5.660162e-10 -1.635823e-12 -1.628092e-13 1.673827e-16
-0.047981 -6.207887e-10  1.565700e-13 -4.656363e-13 1.649186e-16
-0.047981 -6.675850e-10 -1.179928e-12 -7.204330e-13 1.537607e-16
-0.047981 -7.036927e-10 -7.574780e-13 -2.892143e-13 1.573238e-16
-0.047981 -7.376619e-10 -4.923641e-13  6.190901e-13 1.638105e-16
-0.047981 -7.686663e-10 -1.941438e-12 -4.162590e-13 1.661787e-16
-0.047981 -7.960521e-10 -1.631090e-12 -6.913813e-13 1.796272e-16
-0.047981 -8.214114e-10 -7.841567e-13 -6.310351e-13 1.652987e-16
-0.047981 -8.441576e-10 -1.303328e-13 -1.006978e-12 1.551967e-16
-0.047981 -8.637652e-10 -2.576410e-12 -3.315932e-12 1.502001e-16
-0.047981 -8.846311e-10 -2.064563e-12  1.052396e-13 1.624983e-16
-0.047981 -8.997445e-10 -1.803995e-12 -3.456410e-14 1.503808e-16
-0.047981 -9.174455e-10 -1.979358e-12  5.673492e-13 1.684493e-16
-0.047981 -9.313249e-10 -1.263974e-12 -8.994473e-13 1.569670e-16
-0.047981 -9.446088e-10 -1.534531e-12 -7.279474e-13 1.759801e-16
-0.047981 -9.582409e-10 -3.572767e-12 -1.402271e-12 1.590729e-16
-0.047981 -9.695752e-10 -1.869132e-12 -1.231009e-12 1.693987e-16


-- File: de4_step3_optionG_plus_out/A_procrustes_transformed.csv
-------------------------------------------------------------
     TR_0      TR_1      TR_2      TR_3      TR_4
 0.404968  0.237247  0.738906 -0.513054 -0.540052
-0.016199 -0.009490 -0.029556  0.020522  0.021602
-0.016199 -0.009490 -0.029556  0.020522  0.021602
-0.016199 -0.009490 -0.029556  0.020522  0.021602
-0.016199 -0.009490 -0.029556  0.020522  0.021602
-0.016199 -0.009490 -0.029556  0.020522  0.021602
-0.016199 -0.009490 -0.029556  0.020522  0.021602
-0.016199 -0.009490 -0.029556  0.020522  0.021602
-0.016199 -0.009490 -0.029556  0.020522  0.021602
-0.016199 -0.009490 -0.029556  0.020522  0.021602
-0.016199 -0.009490 -0.029556  0.020522  0.021602
-0.016199 -0.009490 -0.029556  0.020522  0.021602
-0.016199 -0.009490 -0.029556  0.020522  0.021602
-0.016199 -0.009490 -0.029556  0.020522  0.021602
-0.016199 -0.009490 -0.029556  0.020522  0.021602
-0.016199 -0.009490 -0.029556  0.020522  0.021602
-0.016199 -0.009490 -0.029556  0.020522  0.021602
-0.016199 -0.009490 -0.029556  0.020522  0.021602
-0.016199 -0.009490 -0.029556  0.020522  0.021602
-0.016199 -0.009490 -0.029556  0.020522  0.021602
-0.016199 -0.009490 -0.029556  0.020522  0.021602
-0.016199 -0.009490 -0.029556  0.020522  0.021602
-0.016199 -0.009490 -0.029556  0.020522  0.021602
-0.016199 -0.009490 -0.029556  0.020522  0.021602
-0.016199 -0.009490 -0.029556  0.020522  0.021602
-0.016199 -0.009490 -0.029556  0.020522  0.021602


-- File: de4_step3_optionG_plus_out/B_target.csv
-------------------------------------------------------------
      B_0       B_1       B_2       B_3       B_4
 0.404968  0.237247  0.738906 -0.513054 -0.540052
 0.303589  0.259488  0.230380 -0.500308  0.794616
 0.347684  0.368401  0.606967  0.441974  0.211935
 0.567629  0.627838  0.248938  0.494094 -0.034005
 0.632577  0.659485 -0.303047  0.319140 -0.086785
 0.684667  0.447644 -0.538052 -0.005784 -0.050286
 0.760390  0.082853 -0.431642 -0.213112 -0.043858
 0.765096 -0.251194 -0.212165 -0.236161 -0.045359
 0.666959 -0.471865 -0.035547 -0.154402 -0.033911
 0.503236 -0.584591  0.056997 -0.029725 -0.018910
 0.309174 -0.605982  0.084054  0.081357 -0.001747
 0.116654 -0.565568  0.071624  0.155554  0.010986
-0.047146 -0.490588  0.045334  0.187257  0.019572
-0.181594 -0.402121  0.017501  0.188515  0.021935
-0.289478 -0.307640 -0.008821  0.169092  0.020433
-0.374180 -0.215247 -0.029305  0.137106  0.016359
-0.438142 -0.128406 -0.044640  0.098244  0.010127
-0.484238 -0.049377 -0.055252  0.057158  0.002933
-0.514328  0.017269 -0.061486  0.018858 -0.005932
-0.533877  0.077738 -0.062397 -0.019013 -0.014660
-0.542271  0.128112 -0.063231 -0.051595 -0.022500
-0.545198  0.172064 -0.060961 -0.081375 -0.029314
-0.541802  0.208295 -0.057107 -0.106572 -0.036683
-0.534991  0.237791 -0.051706 -0.128031 -0.042420
-0.523759  0.263566 -0.046093 -0.146883 -0.049120
-0.511621  0.284787 -0.039247 -0.162334 -0.053355


-- File: de4_step3_optionG_plus_out/S_pca_by_window.csv
-------------------------------------------------------------
  S_pca_0   S_pca_1   S_pca_2   S_pca_3   S_pca_4
 0.404968  0.237247  0.738906 -0.513054 -0.540052
 0.303589  0.259488  0.230380 -0.500308  0.794616
 0.347684  0.368401  0.606967  0.441974  0.211935
 0.567629  0.627838  0.248938  0.494094 -0.034005
 0.632577  0.659485 -0.303047  0.319140 -0.086785
 0.684667  0.447644 -0.538052 -0.005784 -0.050286
 0.760390  0.082853 -0.431642 -0.213112 -0.043858
 0.765096 -0.251194 -0.212165 -0.236161 -0.045359
 0.666959 -0.471865 -0.035547 -0.154402 -0.033911
 0.503236 -0.584591  0.056997 -0.029725 -0.018910
 0.309174 -0.605982  0.084054  0.081357 -0.001747
 0.116654 -0.565568  0.071624  0.155554  0.010986
-0.047146 -0.490588  0.045334  0.187257  0.019572
-0.181594 -0.402121  0.017501  0.188515  0.021935
-0.289478 -0.307640 -0.008821  0.169092  0.020433
-0.374180 -0.215247 -0.029305  0.137106  0.016359
-0.438142 -0.128406 -0.044640  0.098244  0.010127
-0.484238 -0.049377 -0.055252  0.057158  0.002933
-0.514328  0.017269 -0.061486  0.018858 -0.005932
-0.533877  0.077738 -0.062397 -0.019013 -0.014660
-0.542271  0.128112 -0.063231 -0.051595 -0.022500
-0.545198  0.172064 -0.060961 -0.081375 -0.029314
-0.541802  0.208295 -0.057107 -0.106572 -0.036683
-0.534991  0.237791 -0.051706 -0.128031 -0.042420
-0.523759  0.263566 -0.046093 -0.146883 -0.049120
-0.511621  0.284787 -0.039247 -0.162334 -0.053355


-- File: de4_step3_optionG_plus_out/manifest.json
-------------------------------------------------------------
  label: Option G⁺
  timestamp: 2025-10-16T18:42:13.988270+00:00
  metrics:
    procrustes_rmse: 0.3125508254
    flat_correlation: 0.3124585205
    canonical_correlations:
      - 0.97246506
      - 0.9506711
    timestamp: 2025-10-16T18:42:13.972032+00:00
  residual_synthetic:
    - 1.0
    - 0.6514390575310556
    - 0.42437284567695
    - 0.27645304662956444
    - 0.1800923121479524
    - 0.11731916609425078
    - 0.07642628699076812
    - 0.049787068367863944
  residual_norm: 1.3173489294653022
  regenerated_at: 2025-10-16T20:31:02.836996+00:00
  residual_signature:
    spline:
      knots:
        - 0.0
        - 7.0
      coefs:
        - 0.9954896718357406
        - 0.08052034987769219
        - 0.15027742999349966
        - 0.045863773515167905
      rmse: 0.005317653607404911
    decay:
      A: 0.9999999986229722
      b: 0.42857142994715275
      C: 1.4217282456393903e-09
      rmse: 4.652065595376949e-10
      r2: 1.0
      aicc: -331.81663351864785
    n_points: 8
    timestamp: 2025-10-16T23:02:56.376314+00:00
    rmse_spline: 0.005317653607404911
    rmse_decay: 4.652065595376949e-10


-- File: de4_step3_optionG_plus_out/optionG_plus_diagnostics.json
-------------------------------------------------------------
  procrustes_scale_iso: 0.8304564658084674
  procrustes_residual_fro: 3.563627702724774
  procrustes_rmse: 0.31255082544994484
  flat_correlation: 0.31245852050265693
  canonical_correlations:
    - 0.9724650599096902
    - 0.9506711086774347
  n_matched: 26
  n_pca_components_A: 5
  n_pca_components_S: 5


-- File: de4_step3_optionG_plus_out/optionG_plus_manifest.json
-------------------------------------------------------------
  run_time: 2025-10-16T14:41:10.536804+00:00
  input_csv: /content/drive/MyDrive/DE4/de4_step3_norm_out/de4_step3_full_processed_table.csv
  output_dir: /content/drive/MyDrive/DE4/de4_step3_optionG_plus_out
  n_domains: 3
  domains:
    - Low-Frequency Stable
    - Moderate-Frequency Transitional
    - High-Frequency Dissipative
  A_full_shape:
    - 30
    - 3
  samples_shape:
    - 26
    - 15
  feat_A_shape:
    - 30
    - 256
  feat_S_shape:
    - 26
    - 256
  A_pca_shape:
    - 30
    - 5
  S_pca_shape:
    - 26
    - 5
  matched_n: 26
  pca_components: 5
  use_rbf_feature_map: True
  rbf_gamma: 0.5
  rbf_n_components: 256
  procrustes_scale_iso: 0.8304564658084674
  procrustes_residual_fro: 3.563627702724774
  procrustes_rmse: 0.31255082544994484
  canonical_correlations:
    - 0.9724650599096902
    - 0.9506711086774347
  notes: Feature-map via RBFSampler -> PCA -> orthogonal Procrustes. Use_imputation=mean.


-- File: de4_step3_optionG_plus_out/procrustes_residuals_matrix.csv
-------------------------------------------------------------
        dim_0         dim_1         dim_2         dim_3         dim_4
-1.979840e-09 -1.207964e-09 -6.294770e-09  4.627027e-09  6.384604e-09
 3.197876e-01  2.689777e-01  2.599366e-01 -5.208302e-01  7.730134e-01
 3.638828e-01  3.778909e-01  6.365230e-01  4.214520e-01  1.903332e-01
 5.838276e-01  6.373279e-01  2.784940e-01  4.735722e-01 -5.560691e-02
 6.487758e-01  6.689746e-01 -2.734911e-01  2.986182e-01 -1.083870e-01
 7.008661e-01  4.571338e-01 -5.084961e-01 -2.630572e-02 -7.188792e-02
 7.765884e-01  9.234326e-02 -4.020861e-01 -2.336345e-01 -6.546001e-02
 7.812951e-01 -2.417037e-01 -1.826090e-01 -2.566836e-01 -6.696086e-02
 6.831577e-01 -4.623749e-01 -5.990769e-03 -1.749244e-01 -5.551293e-02
 5.194350e-01 -5.751009e-01  8.655361e-02 -5.024666e-02 -4.051188e-02
 3.253728e-01 -5.964920e-01  1.136101e-01  6.083458e-02 -2.334915e-02
 1.328528e-01 -5.560784e-01  1.011805e-01  1.350319e-01 -1.061612e-02
-3.094718e-02 -4.810981e-01  7.489035e-02  1.667345e-01 -2.029607e-03
-1.653952e-01 -3.926309e-01  4.705707e-02  1.679926e-01  3.327192e-04
-2.732791e-01 -2.981501e-01  2.073529e-02  1.485699e-01 -1.169216e-03
-3.579809e-01 -2.057575e-01  2.510621e-04  1.165839e-01 -5.242599e-03
-4.219430e-01 -1.189158e-01 -1.508402e-02  7.772199e-02 -1.147543e-02
-4.680390e-01 -3.988682e-02 -2.569596e-02  3.663593e-02 -1.866918e-02
-4.981292e-01  2.675855e-02 -3.192950e-02 -1.664166e-03 -2.753364e-02
-5.176779e-01  8.722761e-02 -3.284108e-02 -3.953507e-02 -3.626220e-02
-5.260724e-01  1.376019e-01 -3.367496e-02 -7.211694e-02 -4.410186e-02
-5.289993e-01  1.815541e-01 -3.140455e-02 -1.018970e-01 -5.091627e-02
-5.256032e-01  2.177851e-01 -2.755102e-02 -1.270947e-01 -5.828500e-02
-5.187927e-01  2.472809e-01 -2.214991e-02 -1.485536e-01 -6.402198e-02
-5.075607e-01  2.730560e-01 -1.653715e-02 -1.674053e-01 -7.072209e-02
-4.954220e-01  2.942766e-01 -9.690333e-03 -1.828559e-01 -7.495756e-02


-- File: de4_step3_optionG_plusplus_out/manifest.json
-------------------------------------------------------------
  label: Option G⁺⁺
  timestamp: 2025-10-16T18:42:14.038018+00:00
  metrics:
    alignment_residual: 0.1379568477
    latent_dim: 10
    shared_dim: 3
    timestamp: 2025-10-16T18:42:14.030148+00:00
  residual_synthetic:
    - 1.0
    - 0.6514390575310556
    - 0.42437284567695
    - 0.27645304662956444
    - 0.1800923121479524
    - 0.11731916609425078
    - 0.07642628699076812
    - 0.049787068367863944
  residual_norm: 1.3173489294653022
  regenerated_at: 2025-10-16T20:31:02.870543+00:00
  residual_signature:
    spline:
      knots:
        - 0.0
        - 7.0
      coefs:
        - 0.9954896718357406
        - 0.08052034987769219
        - 0.15027742999349966
        - 0.045863773515167905
      rmse: 0.005317653607404911
    decay:
      A: 0.9999999986229722
      b: 0.42857142994715275
      C: 1.4217282456393903e-09
      rmse: 4.652065595376949e-10
      r2: 1.0
      aicc: -331.81663351864785
    n_points: 8
    timestamp: 2025-10-16T23:02:57.099652+00:00
    rmse_spline: 0.005317653607404911
    rmse_decay: 4.652065595376949e-10



#############################################################
## SECTION: OPTIONG_PLUS
#############################################################

[No files found for OPTIONG_PLUS]


#############################################################
## SECTION: OPTIONG_PLUSPLUS
#############################################################

[No files found for OPTIONG_PLUSPLUS]


#############################################################
## SECTION: DEEP
#############################################################


-- File: de4_step3_deep_out/de4_step3_deep_stats_summary.csv
-------------------------------------------------------------
[ERROR reading CSV: No columns to parse from file]


-- File: de4_step3_deep_out/de4_step3_deep_stats_summary.json
-------------------------------------------------------------
  source: /content/drive/MyDrive/DE4/de4_step3_norm_out/de4_step3_normalized_summary.csv
  meta:
    source_csv: ./de4_step3_out/de4_step3_full_processed_table.csv
    table_type: detailed
    normalization_applied: True
    timestamp: 2025-10-15T17:54:15.261175+00:00
  records:

  note: Includes skewness, kurtosis, coupling correlations, ISI


-- File: de4_step3_deep_out/de4_step3_invariance_stats.csv
-------------------------------------------------------------
                         domain  n          mean          std  skewness  kurtosis  corr_gamma  invariance_stability_index
     High-Frequency Dissipative 30 -9.944945e+07 5.355517e+08 -5.199469 25.034483   -0.209009                   -3.321743
           Low-Frequency Stable 30 -7.863246e+07 4.234487e+08 -5.199469 25.034483   -0.160840                   -3.524025
Moderate-Frequency Transitional 30 -9.363406e+07 5.042349e+08 -5.199469 25.034483   -0.218892                   -3.280241


-- File: de4_step3_deep_out/de4_step3_summary_copy.csv
-------------------------------------------------------------
                         domain  n  mean_abs_residual_norm  std_residual_norm  corr_true_de4_norm
           Low-Frequency Stable 30                0.351826           0.411979           -0.250569
Moderate-Frequency Transitional 30                0.351281           0.430045           -0.242764
     High-Frequency Dissipative 30                0.365541           0.406732           -0.083446



#############################################################
## SECTION: UNCLASSIFIED
#############################################################


-- File: DE4_Paper4_MasterData_20251017T110539Z.json
-------------------------------------------------------------
  timestamp: 20251017T110539Z
  sections:



-- File: DE4_Paper4_MasterData_20251017T112644Z.json
-------------------------------------------------------------
  timestamp: 20251017T112644Z
  sections:



-- File: DE4_Paper4_Seed.json
-------------------------------------------------------------
  generated_timestamp: 20251017T015520Z
  context: Paper 4 explores the curvature-invariance principle across the DE4 framework, linking dimensional coupling to collective field curvature via residual spectra.
  architecture: We extend DE4’s Lambda_collective formalism by embedding curvature spectra as analytic residual signatures and defining a minimal invariant manifold spanning all prior DE-series constructs.
  dimensions:
    - ['Λ_collective', 'Coupling curvature field', 'Primary geometric invariant']
    - ['Δ_residual', 'Spectral curvature residuals', 'Error topology encoding']
    - ['Φ_meta', 'Cross-dimensional phase alignment', 'Manifold coherence signal']
  curvature_atlas: Curvature atlas summarizes residual spectra fitted via log-decay or spline models, providing compact analytic signatures visualized as curvature-intensity fields.
  data_files:
    - de4_paper4_residual_spectra_20251016T203102Z.csv
    - de4_paper4_residual_spectra_20251016T203102Z.json
    - de4_paper4_residual_spectra_20251016T203102Z.png
    - de4_paper4_residual_spectra_20251016T230718Z.csv
    - de4_paper4_residual_spectra_20251016T230718Z.json
    - de4_paper4_residual_spectra_20251016T230718Z.png
    - de4_paper4_seed_20251016T182900Z.json
    - de4_paper4_seed_20251016T182900Z.md
    - de4_paper4_seed_manifest_20251017T010209Z.json
  figures:
    - {'name': 'after_alignment_pca12', 'rel_path': 'de4_step3_optionG_plus_out/after_alignment_pca12.png', 'size_kb': 64.7, 'note': 'Auto-embedded figure'}
    - {'name': 'alignment_manifold_interp', 'rel_path': 'de4_step3_optionG_plusplus_out/alignment_manifold_interp.png', 'size_kb': 53.8, 'note': 'Auto-embedded figure'}
    - {'name': 'anti_solution_heatmap', 'rel_path': 'de4_step3_optionD_plus_out/anti_solution_heatmap.png', 'size_kb': 171.5, 'note': 'Auto-embedded figure'}
    - {'name': 'anti_solution_traces', 'rel_path': 'de4_step3_optionD_plus_out/anti_solution_traces.png', 'size_kb': 287.7, 'note': 'Auto-embedded figure'}
    - {'name': 'before_alignment_pca12', 'rel_path': 'de4_step3_optionG_plus_out/before_alignment_pca12.png', 'size_kb': 67.6, 'note': 'Auto-embedded figure'}
    - {'name': 'cca_components', 'rel_path': 'de4_step3_optionG_plus_out/cca_components.png', 'size_kb': 80.1, 'note': 'Auto-embedded figure'}
    - {'name': 'coherence_plot_High-Frequency_Dissipative__High-Frequency_Dissipative', 'rel_path': 'de4_step3_crossdomain_out/coherence_plot_High-Frequency_Dissipative__High-Frequency_Dissipative.png', 'size_kb': 55.9, 'note': 'Auto-embedded figure'}
    - {'name': 'coherence_plot_Low-Frequency_Stable__High-Frequency_Dissipative', 'rel_path': 'de4_step3_crossdomain_out/coherence_plot_Low-Frequency_Stable__High-Frequency_Dissipative.png', 'size_kb': 56.6, 'note': 'Auto-embedded figure'}
    - {'name': 'coherence_plot_Low-Frequency_Stable__Low-Frequency_Stable', 'rel_path': 'de4_step3_crossdomain_out/coherence_plot_Low-Frequency_Stable__Low-Frequency_Stable.png', 'size_kb': 56.2, 'note': 'Auto-embedded figure'}
    - {'name': 'coherence_plot_Moderate-Frequency_Transitional__High-Frequency_Dissipative', 'rel_path': 'de4_step3_crossdomain_out/coherence_plot_Moderate-Frequency_Transitional__High-Frequency_Dissipative.png', 'size_kb': 53.3, 'note': 'Auto-embedded figure'}
    - {'name': 'coherence_plot_Moderate-Frequency_Transitional__Low-Frequency_Stable', 'rel_path': 'de4_step3_crossdomain_out/coherence_plot_Moderate-Frequency_Transitional__Low-Frequency_Stable.png', 'size_kb': 53.9, 'note': 'Auto-embedded figure'}
    - {'name': 'coherence_plot_Moderate-Frequency_Transitional__Moderate-Frequency_Transitional', 'rel_path': 'de4_step3_crossdomain_out/coherence_plot_Moderate-Frequency_Transitional__Moderate-Frequency_Transitional.png', 'size_kb': 47.8, 'note': 'Auto-embedded figure'}
    - {'name': 'curvature_energy_spectrum', 'rel_path': 'de4_step3_optionG_plusplus_out/curvature_energy_spectrum.png', 'size_kb': 61.8, 'note': 'Auto-embedded figure'}
    - {'name': 'de4_paper4_residual_spectra_20251016T203102Z', 'rel_path': 'de4_paper4_residual_spectra_20251016T203102Z.png', 'size_kb': 46.8, 'note': 'Auto-embedded figure'}
    - {'name': 'de4_paper4_residual_spectra_20251016T230718Z', 'rel_path': 'de4_paper4_residual_spectra_20251016T230718Z.png', 'size_kb': 35.6, 'note': 'Auto-embedded figure'}
    - {'name': 'diag_High-Frequency_Dissipative_global_minmax', 'rel_path': 'de4_step3_optionB_out/diag_High-Frequency_Dissipative_global_minmax.png', 'size_kb': 120.1, 'note': 'Auto-embedded figure'}
    - {'name': 'diag_High-Frequency_Dissipative_local_gaussian', 'rel_path': 'de4_step3_optionB_out/diag_High-Frequency_Dissipative_local_gaussian.png', 'size_kb': 118.7, 'note': 'Auto-embedded figure'}
    - {'name': 'diag_High-Frequency_Dissipative_per_domain_minmax', 'rel_path': 'de4_step3_optionB_out/diag_High-Frequency_Dissipative_per_domain_minmax.png', 'size_kb': 120.9, 'note': 'Auto-embedded figure'}
    - {'name': 'diag_High-Frequency_Dissipative_zscore_per_domain', 'rel_path': 'de4_step3_optionB_out/diag_High-Frequency_Dissipative_zscore_per_domain.png', 'size_kb': 121.4, 'note': 'Auto-embedded figure'}
    - {'name': 'diag_Low-Frequency_Stable_global_minmax', 'rel_path': 'de4_step3_optionB_out/diag_Low-Frequency_Stable_global_minmax.png', 'size_kb': 126.6, 'note': 'Auto-embedded figure'}
    - {'name': 'diag_Low-Frequency_Stable_local_gaussian', 'rel_path': 'de4_step3_optionB_out/diag_Low-Frequency_Stable_local_gaussian.png', 'size_kb': 110.3, 'note': 'Auto-embedded figure'}
    - {'name': 'diag_Low-Frequency_Stable_per_domain_minmax', 'rel_path': 'de4_step3_optionB_out/diag_Low-Frequency_Stable_per_domain_minmax.png', 'size_kb': 127.2, 'note': 'Auto-embedded figure'}
    - {'name': 'diag_Low-Frequency_Stable_zscore_per_domain', 'rel_path': 'de4_step3_optionB_out/diag_Low-Frequency_Stable_zscore_per_domain.png', 'size_kb': 128.0, 'note': 'Auto-embedded figure'}
    - {'name': 'diag_Moderate-Frequency_Transitional_global_minmax', 'rel_path': 'de4_step3_optionB_out/diag_Moderate-Frequency_Transitional_global_minmax.png', 'size_kb': 123.1, 'note': 'Auto-embedded figure'}
    - {'name': 'diag_Moderate-Frequency_Transitional_local_gaussian', 'rel_path': 'de4_step3_optionB_out/diag_Moderate-Frequency_Transitional_local_gaussian.png', 'size_kb': 115.6, 'note': 'Auto-embedded figure'}
    - {'name': 'diag_Moderate-Frequency_Transitional_per_domain_minmax', 'rel_path': 'de4_step3_optionB_out/diag_Moderate-Frequency_Transitional_per_domain_minmax.png', 'size_kb': 123.7, 'note': 'Auto-embedded figure'}
    - {'name': 'diag_Moderate-Frequency_Transitional_zscore_per_domain', 'rel_path': 'de4_step3_optionB_out/diag_Moderate-Frequency_Transitional_zscore_per_domain.png', 'size_kb': 123.6, 'note': 'Auto-embedded figure'}
    - {'name': 'domain_residual_traces', 'rel_path': 'de4_step3_crossdomain_out/domain_residual_traces.png', 'size_kb': 83.2, 'note': 'Auto-embedded figure'}
    - {'name': 'fig_aligned_overlay', 'rel_path': 'de4_step3_optionG_out/fig_aligned_overlay.png', 'size_kb': 237.1, 'note': 'Auto-embedded figure'}
    - {'name': 'fig_cca_comp1', 'rel_path': 'de4_step3_optionG_out/fig_cca_comp1.png', 'size_kb': 78.0, 'note': 'Auto-embedded figure'}
    - {'name': 'fig_cross_corr_block', 'rel_path': 'de4_step3_optionG_out/fig_cross_corr_block.png', 'size_kb': 67.6, 'note': 'Auto-embedded figure'}
    - {'name': 'fig_umap_radii', 'rel_path': 'de4_step3_optionG_out/fig_umap_radii.png', 'size_kb': 62.5, 'note': 'Auto-embedded figure'}
    - {'name': 'fig_umap_temporal', 'rel_path': 'de4_step3_optionG_out/fig_umap_temporal.png', 'size_kb': 63.1, 'note': 'Auto-embedded figure'}
    - {'name': 'figure_local_geometry_vs_radius', 'rel_path': 'de4_step3_optionE_out/figure_local_geometry_vs_radius.png', 'size_kb': 117.1, 'note': 'Auto-embedded figure'}
    - {'name': 'figure_umap_radii', 'rel_path': 'de4_step3_optionE_out/figure_umap_radii.png', 'size_kb': 183.8, 'note': 'Auto-embedded figure'}
    - {'name': 'figure_umap_radii_pairwise_dist', 'rel_path': 'de4_step3_optionE_out/figure_umap_radii_pairwise_dist.png', 'size_kb': 158.8, 'note': 'Auto-embedded figure'}
    - {'name': 'figure_umap_sliding', 'rel_path': 'de4_step3_optionE_out/figure_umap_sliding.png', 'size_kb': 159.9, 'note': 'Auto-embedded figure'}
    - {'name': 'heatmap_crossdomain_correlation', 'rel_path': 'de4_step3_crossdomain_out/heatmap_crossdomain_correlation.png', 'size_kb': 131.3, 'note': 'Auto-embedded figure'}
    - {'name': 'heatmap_crossdomain_covariance', 'rel_path': 'de4_step3_crossdomain_out/heatmap_crossdomain_covariance.png', 'size_kb': 168.4, 'note': 'Auto-embedded figure'}
    - {'name': 'invariance_energy_spectrum_heatmaps', 'rel_path': 'de4_step3_optionD_plusplus_out/invariance_energy_spectrum_heatmaps.png', 'size_kb': 211.1, 'note': 'Auto-embedded figure'}
    - {'name': 'kp_overlay', 'rel_path': 'de4_step3_optionG_kernelprocrustes_out/kp_overlay.png', 'size_kb': 128.1, 'note': 'Auto-embedded figure'}
    - {'name': 'normalized_diagnostic_High-Frequency_Dissipative', 'rel_path': 'de4_step3_norm_out/normalized_diagnostic_High-Frequency_Dissipative.png', 'size_kb': 150.8, 'note': 'Auto-embedded figure'}
    - {'name': 'normalized_diagnostic_Low-Frequency_Stable', 'rel_path': 'de4_step3_norm_out/normalized_diagnostic_Low-Frequency_Stable.png', 'size_kb': 144.8, 'note': 'Auto-embedded figure'}
    - {'name': 'normalized_diagnostic_Moderate-Frequency_Transitional', 'rel_path': 'de4_step3_norm_out/normalized_diagnostic_Moderate-Frequency_Transitional.png', 'size_kb': 154.5, 'note': 'Auto-embedded figure'}
    - {'name': 'optionD_domain_dendrogram', 'rel_path': 'de4_step3_optionD_out/optionD_domain_dendrogram.png', 'size_kb': 89.8, 'note': 'Auto-embedded figure'}
    - {'name': 'optionD_pca_explained_variance', 'rel_path': 'de4_step3_optionD_out/optionD_pca_explained_variance.png', 'size_kb': 43.3, 'note': 'Auto-embedded figure'}
    - {'name': 'optionD_pca_scatter_PC1_PC2', 'rel_path': 'de4_step3_optionD_out/optionD_pca_scatter_PC1_PC2.png', 'size_kb': 64.0, 'note': 'Auto-embedded figure'}
    - {'name': 'optionD_recon_overlay_High-Frequency_Dissipative', 'rel_path': 'de4_step3_optionD_out/optionD_recon_overlay_High-Frequency_Dissipative.png', 'size_kb': 100.2, 'note': 'Auto-embedded figure'}
    - {'name': 'optionD_recon_overlay_Low-Frequency_Stable', 'rel_path': 'de4_step3_optionD_out/optionD_recon_overlay_Low-Frequency_Stable.png', 'size_kb': 98.1, 'note': 'Auto-embedded figure'}
    - {'name': 'optionD_recon_overlay_Moderate-Frequency_Transitional', 'rel_path': 'de4_step3_optionD_out/optionD_recon_overlay_Moderate-Frequency_Transitional.png', 'size_kb': 104.3, 'note': 'Auto-embedded figure'}
    - {'name': 'optionD_tsne_scatter', 'rel_path': 'de4_step3_optionD_out/optionD_tsne_scatter.png', 'size_kb': 61.5, 'note': 'Auto-embedded figure'}
    - {'name': 'optionF_curvature_vs_radius', 'rel_path': 'de4_step3_optionF_plus_out/optionF_curvature_vs_radius.png', 'size_kb': 74.1, 'note': 'Auto-embedded figure'}
    - {'name': 'optionF_flow_energy_spectrum', 'rel_path': 'de4_step3_optionF_plus_out/optionF_flow_energy_spectrum.png', 'size_kb': 57.7, 'note': 'Auto-embedded figure'}
    - {'name': 'optionF_plus_trajectory', 'rel_path': 'de4_step3_optionF_plus_out/optionF_plus_trajectory.png', 'size_kb': 135.2, 'note': 'Auto-embedded figure'}
    - {'name': 'optionF_speed_vs_radius', 'rel_path': 'de4_step3_optionF_out/optionF_speed_vs_radius.png', 'size_kb': 115.8, 'note': 'Auto-embedded figure'}
    - {'name': 'optionF_umap_scatter_trajectory', 'rel_path': 'de4_step3_optionF_out/optionF_umap_scatter_trajectory.png', 'size_kb': 231.4, 'note': 'Auto-embedded figure'}
    - {'name': 'perturb_High-Frequency_Dissipative_trial_last', 'rel_path': 'de4_step3_optionB_out/perturb_High-Frequency_Dissipative_trial_last.png', 'size_kb': 140.4, 'note': 'Auto-embedded figure'}
    - {'name': 'perturb_Low-Frequency_Stable_trial_last', 'rel_path': 'de4_step3_optionB_out/perturb_Low-Frequency_Stable_trial_last.png', 'size_kb': 141.1, 'note': 'Auto-embedded figure'}
    - {'name': 'perturb_Moderate-Frequency_Transitional_trial_last', 'rel_path': 'de4_step3_optionB_out/perturb_Moderate-Frequency_Transitional_trial_last.png', 'size_kb': 148.4, 'note': 'Auto-embedded figure'}
    - {'name': 'rowsR_crossdomain_correlation_heatmap', 'rel_path': 'de4_step3_optionD_rowsR_out/rowsR_crossdomain_correlation_heatmap.png', 'size_kb': 100.5, 'note': 'Auto-embedded figure'}
    - {'name': 'rowsR_crossdomain_covariance_heatmap', 'rel_path': 'de4_step3_optionD_rowsR_out/rowsR_crossdomain_covariance_heatmap.png', 'size_kb': 95.7, 'note': 'Auto-embedded figure'}
    - {'name': 'rowsR_explained_variance', 'rel_path': 'de4_step3_optionD_rowsR_out/rowsR_explained_variance.png', 'size_kb': 48.2, 'note': 'Auto-embedded figure'}
    - {'name': 'rowsR_reconstruction_error', 'rel_path': 'de4_step3_optionD_rowsR_out/rowsR_reconstruction_error.png', 'size_kb': 55.6, 'note': 'Auto-embedded figure'}
  plan: Paper 4 will integrate DE-series results into a unified curvature framework: 1) Derive the curvature-invariance law, 2) Compare with DE3 complex-domain extensions, 3) Validate through residual spectra analytics, 4) Discuss implications for DE5 meta-coupling.
  next_steps: Finalize atlas integration → begin draft composition using DE4_Paper4_Seed.md as base template. Validate figure embeddings and residual consistency.
  manifests_summary:
    - {'path': 'de4_step3_optionF_plus_out/manifest.json', 'keys': ['label', 'timestamp', 'metrics', 'residual_synthetic', 'residual_norm', 'regenerated_at', 'residual_signature'], 'n_fields': 7}
    - {'path': 'de4_step3_optionG_plus_out/manifest.json', 'keys': ['label', 'timestamp', 'metrics', 'residual_synthetic', 'residual_norm', 'regenerated_at', 'residual_signature'], 'n_fields': 7}
    - {'path': 'de4_step3_optionG_plusplus_out/manifest.json', 'keys': ['label', 'timestamp', 'metrics', 'residual_synthetic', 'residual_norm', 'regenerated_at', 'residual_signature'], 'n_fields': 7}
  json_outline:
    title: DE4 Paper 4: Dimensional Closure and Curvature Invariance
    sections:
      - Context and Purpose
      - Theoretical Architecture
      - Dimensional Summary
      - Curvature Atlas
      - Figures
      - Structural Plan
      - Next Steps


-- File: DE4_Paper4_Seed_v2.json
-------------------------------------------------------------
  title: DE4 Paper 4 Seed v2
  timestamp: 2025-10-17T10:44:13.843721+00:00
  verified_options:
    de4_step3_optionB_out:
      figures:
        - diag_Low-Frequency_Stable_global_minmax.png
        - diag_Low-Frequency_Stable_per_domain_minmax.png
        - diag_Low-Frequency_Stable_local_gaussian.png
        - diag_Low-Frequency_Stable_zscore_per_domain.png
        - diag_Moderate-Frequency_Transitional_global_minmax.png
        - diag_Moderate-Frequency_Transitional_per_domain_minmax.png
        - diag_Moderate-Frequency_Transitional_local_gaussian.png
        - diag_Moderate-Frequency_Transitional_zscore_per_domain.png
        - diag_High-Frequency_Dissipative_global_minmax.png
        - diag_High-Frequency_Dissipative_per_domain_minmax.png
        - diag_High-Frequency_Dissipative_local_gaussian.png
        - diag_High-Frequency_Dissipative_zscore_per_domain.png
        - perturb_Low-Frequency_Stable_trial_last.png
        - perturb_Moderate-Frequency_Transitional_trial_last.png
        - perturb_High-Frequency_Dissipative_trial_last.png
      jsons:
        - manifest_optionB.json
    de4_step3_optionD_out:
      figures:
        - optionD_pca_scatter_PC1_PC2.png
        - optionD_pca_explained_variance.png
        - optionD_recon_overlay_High-Frequency_Dissipative.png
        - optionD_recon_overlay_Low-Frequency_Stable.png
        - optionD_recon_overlay_Moderate-Frequency_Transitional.png
        - optionD_domain_dendrogram.png
        - optionD_tsne_scatter.png
      jsons:
        - optionD_manifest.json
    de4_step3_optionD_plus_out:
      figures:
        - anti_solution_heatmap.png
        - anti_solution_traces.png
      jsons:

    de4_step3_optionD_plusplus_out:
      figures:
        - invariance_energy_spectrum_heatmaps.png
      jsons:

    de4_step3_optionD_plusplusplus_out:
      figures:

      jsons:

    de4_step3_optionD_rowsR_out:
      figures:
        - rowsR_explained_variance.png
        - rowsR_reconstruction_error.png
        - rowsR_crossdomain_correlation_heatmap.png
        - rowsR_crossdomain_covariance_heatmap.png
      jsons:
        - rowsR_manifest.json
    de4_step3_optionE_out:
      figures:
        - figure_umap_radii.png
        - figure_umap_sliding.png
        - figure_local_geometry_vs_radius.png
        - figure_umap_radii_pairwise_dist.png
      jsons:
        - manifest_optionE.json
    de4_step3_optionF_out:
      figures:
        - optionF_umap_scatter_trajectory.png
        - optionF_speed_vs_radius.png
      jsons:
        - optionF_trajectory_summary.json
    de4_step3_optionF_plus_out:
      figures:
        - optionF_curvature_vs_radius.png
        - optionF_flow_energy_spectrum.png
        - optionF_plus_trajectory.png
      jsons:
        - optionF_plus_global_metrics.json
        - manifest.json
    de4_step3_optionG_gw_out:
      figures:

      jsons:

    de4_step3_optionG_kernelprocrustes_out:
      figures:
        - kp_overlay.png
      jsons:
        - kernel_procrustes_summary.json
    de4_step3_optionG_out:
      figures:
        - fig_umap_radii.png
        - fig_umap_temporal.png
        - fig_aligned_overlay.png
        - fig_cross_corr_block.png
        - fig_cca_comp1.png
      jsons:
        - optionG_alignment_summary.json
    de4_step3_optionG_plus_out:
      figures:
        - before_alignment_pca12.png
        - after_alignment_pca12.png
        - cca_components.png
      jsons:
        - optionG_plus_manifest.json
        - optionG_plus_diagnostics.json
        - manifest.json
    de4_step3_optionG_plusplus_out:
      figures:
        - curvature_energy_spectrum.png
        - alignment_manifold_interp.png
      jsons:
        - manifest.json


-- File: de4_paper4_residual_spectra_20251016T203102Z.csv
-------------------------------------------------------------
                        source               metric    value
    de4_step3_optionF_plus_out residual_synthetic_0 1.000000
    de4_step3_optionF_plus_out residual_synthetic_1 0.651439
    de4_step3_optionF_plus_out residual_synthetic_2 0.424373
    de4_step3_optionF_plus_out residual_synthetic_3 0.276453
    de4_step3_optionF_plus_out residual_synthetic_4 0.180092
    de4_step3_optionF_plus_out residual_synthetic_5 0.117319
    de4_step3_optionF_plus_out residual_synthetic_6 0.076426
    de4_step3_optionF_plus_out residual_synthetic_7 0.049787
    de4_step3_optionF_plus_out        residual_norm 1.317349
    de4_step3_optionG_plus_out residual_synthetic_0 1.000000
    de4_step3_optionG_plus_out residual_synthetic_1 0.651439
    de4_step3_optionG_plus_out residual_synthetic_2 0.424373
    de4_step3_optionG_plus_out residual_synthetic_3 0.276453
    de4_step3_optionG_plus_out residual_synthetic_4 0.180092
    de4_step3_optionG_plus_out residual_synthetic_5 0.117319
    de4_step3_optionG_plus_out residual_synthetic_6 0.076426
    de4_step3_optionG_plus_out residual_synthetic_7 0.049787
    de4_step3_optionG_plus_out        residual_norm 1.317349
de4_step3_optionG_plusplus_out residual_synthetic_0 1.000000
de4_step3_optionG_plusplus_out residual_synthetic_1 0.651439
de4_step3_optionG_plusplus_out residual_synthetic_2 0.424373
de4_step3_optionG_plusplus_out residual_synthetic_3 0.276453
de4_step3_optionG_plusplus_out residual_synthetic_4 0.180092
de4_step3_optionG_plusplus_out residual_synthetic_5 0.117319
de4_step3_optionG_plusplus_out residual_synthetic_6 0.076426
de4_step3_optionG_plusplus_out residual_synthetic_7 0.049787
de4_step3_optionG_plusplus_out        residual_norm 1.317349


-- File: de4_paper4_residual_spectra_20251016T203102Z.json
-------------------------------------------------------------
  - {'source': 'de4_step3_optionF_plus_out', 'metric': 'residual_synthetic_0', 'value': 1.0}
  - {'source': 'de4_step3_optionF_plus_out', 'metric': 'residual_synthetic_1', 'value': 0.6514390575}
  - {'source': 'de4_step3_optionF_plus_out', 'metric': 'residual_synthetic_2', 'value': 0.4243728457}
  - {'source': 'de4_step3_optionF_plus_out', 'metric': 'residual_synthetic_3', 'value': 0.2764530466}
  - {'source': 'de4_step3_optionF_plus_out', 'metric': 'residual_synthetic_4', 'value': 0.1800923121}
  - {'source': 'de4_step3_optionF_plus_out', 'metric': 'residual_synthetic_5', 'value': 0.1173191661}
  - {'source': 'de4_step3_optionF_plus_out', 'metric': 'residual_synthetic_6', 'value': 0.076426287}
  - {'source': 'de4_step3_optionF_plus_out', 'metric': 'residual_synthetic_7', 'value': 0.0497870684}
  - {'source': 'de4_step3_optionF_plus_out', 'metric': 'residual_norm', 'value': 1.3173489295}
  - {'source': 'de4_step3_optionG_plus_out', 'metric': 'residual_synthetic_0', 'value': 1.0}
  - {'source': 'de4_step3_optionG_plus_out', 'metric': 'residual_synthetic_1', 'value': 0.6514390575}
  - {'source': 'de4_step3_optionG_plus_out', 'metric': 'residual_synthetic_2', 'value': 0.4243728457}
  - {'source': 'de4_step3_optionG_plus_out', 'metric': 'residual_synthetic_3', 'value': 0.2764530466}
  - {'source': 'de4_step3_optionG_plus_out', 'metric': 'residual_synthetic_4', 'value': 0.1800923121}
  - {'source': 'de4_step3_optionG_plus_out', 'metric': 'residual_synthetic_5', 'value': 0.1173191661}
  - {'source': 'de4_step3_optionG_plus_out', 'metric': 'residual_synthetic_6', 'value': 0.076426287}
  - {'source': 'de4_step3_optionG_plus_out', 'metric': 'residual_synthetic_7', 'value': 0.0497870684}
  - {'source': 'de4_step3_optionG_plus_out', 'metric': 'residual_norm', 'value': 1.3173489295}
  - {'source': 'de4_step3_optionG_plusplus_out', 'metric': 'residual_synthetic_0', 'value': 1.0}
  - {'source': 'de4_step3_optionG_plusplus_out', 'metric': 'residual_synthetic_1', 'value': 0.6514390575}
  - {'source': 'de4_step3_optionG_plusplus_out', 'metric': 'residual_synthetic_2', 'value': 0.4243728457}
  - {'source': 'de4_step3_optionG_plusplus_out', 'metric': 'residual_synthetic_3', 'value': 0.2764530466}
  - {'source': 'de4_step3_optionG_plusplus_out', 'metric': 'residual_synthetic_4', 'value': 0.1800923121}
  - {'source': 'de4_step3_optionG_plusplus_out', 'metric': 'residual_synthetic_5', 'value': 0.1173191661}
  - {'source': 'de4_step3_optionG_plusplus_out', 'metric': 'residual_synthetic_6', 'value': 0.076426287}
  - {'source': 'de4_step3_optionG_plusplus_out', 'metric': 'residual_synthetic_7', 'value': 0.0497870684}
  - {'source': 'de4_step3_optionG_plusplus_out', 'metric': 'residual_norm', 'value': 1.3173489295}


-- File: de4_paper4_residual_spectra_20251016T230718Z.csv
-------------------------------------------------------------
                        source               metric    value
    de4_step3_optionF_plus_out residual_synthetic_0 1.000000
    de4_step3_optionF_plus_out residual_synthetic_1 0.651439
    de4_step3_optionF_plus_out residual_synthetic_2 0.424373
    de4_step3_optionF_plus_out residual_synthetic_3 0.276453
    de4_step3_optionF_plus_out residual_synthetic_4 0.180092
    de4_step3_optionF_plus_out residual_synthetic_5 0.117319
    de4_step3_optionF_plus_out residual_synthetic_6 0.076426
    de4_step3_optionF_plus_out residual_synthetic_7 0.049787
    de4_step3_optionF_plus_out        residual_norm 1.317349
    de4_step3_optionG_plus_out residual_synthetic_0 1.000000
    de4_step3_optionG_plus_out residual_synthetic_1 0.651439
    de4_step3_optionG_plus_out residual_synthetic_2 0.424373
    de4_step3_optionG_plus_out residual_synthetic_3 0.276453
    de4_step3_optionG_plus_out residual_synthetic_4 0.180092
    de4_step3_optionG_plus_out residual_synthetic_5 0.117319
    de4_step3_optionG_plus_out residual_synthetic_6 0.076426
    de4_step3_optionG_plus_out residual_synthetic_7 0.049787
    de4_step3_optionG_plus_out        residual_norm 1.317349
de4_step3_optionG_plusplus_out residual_synthetic_0 1.000000
de4_step3_optionG_plusplus_out residual_synthetic_1 0.651439
de4_step3_optionG_plusplus_out residual_synthetic_2 0.424373
de4_step3_optionG_plusplus_out residual_synthetic_3 0.276453
de4_step3_optionG_plusplus_out residual_synthetic_4 0.180092
de4_step3_optionG_plusplus_out residual_synthetic_5 0.117319
de4_step3_optionG_plusplus_out residual_synthetic_6 0.076426
de4_step3_optionG_plusplus_out residual_synthetic_7 0.049787
de4_step3_optionG_plusplus_out        residual_norm 1.317349


-- File: de4_paper4_residual_spectra_20251016T230718Z.json
-------------------------------------------------------------
  - {'source': 'de4_step3_optionF_plus_out', 'metric': 'residual_synthetic_0', 'value': 1.0}
  - {'source': 'de4_step3_optionF_plus_out', 'metric': 'residual_synthetic_1', 'value': 0.6514390575}
  - {'source': 'de4_step3_optionF_plus_out', 'metric': 'residual_synthetic_2', 'value': 0.4243728457}
  - {'source': 'de4_step3_optionF_plus_out', 'metric': 'residual_synthetic_3', 'value': 0.2764530466}
  - {'source': 'de4_step3_optionF_plus_out', 'metric': 'residual_synthetic_4', 'value': 0.1800923121}
  - {'source': 'de4_step3_optionF_plus_out', 'metric': 'residual_synthetic_5', 'value': 0.1173191661}
  - {'source': 'de4_step3_optionF_plus_out', 'metric': 'residual_synthetic_6', 'value': 0.076426287}
  - {'source': 'de4_step3_optionF_plus_out', 'metric': 'residual_synthetic_7', 'value': 0.0497870684}
  - {'source': 'de4_step3_optionF_plus_out', 'metric': 'residual_norm', 'value': 1.3173489295}
  - {'source': 'de4_step3_optionG_plus_out', 'metric': 'residual_synthetic_0', 'value': 1.0}
  - {'source': 'de4_step3_optionG_plus_out', 'metric': 'residual_synthetic_1', 'value': 0.6514390575}
  - {'source': 'de4_step3_optionG_plus_out', 'metric': 'residual_synthetic_2', 'value': 0.4243728457}
  - {'source': 'de4_step3_optionG_plus_out', 'metric': 'residual_synthetic_3', 'value': 0.2764530466}
  - {'source': 'de4_step3_optionG_plus_out', 'metric': 'residual_synthetic_4', 'value': 0.1800923121}
  - {'source': 'de4_step3_optionG_plus_out', 'metric': 'residual_synthetic_5', 'value': 0.1173191661}
  - {'source': 'de4_step3_optionG_plus_out', 'metric': 'residual_synthetic_6', 'value': 0.076426287}
  - {'source': 'de4_step3_optionG_plus_out', 'metric': 'residual_synthetic_7', 'value': 0.0497870684}
  - {'source': 'de4_step3_optionG_plus_out', 'metric': 'residual_norm', 'value': 1.3173489295}
  - {'source': 'de4_step3_optionG_plusplus_out', 'metric': 'residual_synthetic_0', 'value': 1.0}
  - {'source': 'de4_step3_optionG_plusplus_out', 'metric': 'residual_synthetic_1', 'value': 0.6514390575}
  - {'source': 'de4_step3_optionG_plusplus_out', 'metric': 'residual_synthetic_2', 'value': 0.4243728457}
  - {'source': 'de4_step3_optionG_plusplus_out', 'metric': 'residual_synthetic_3', 'value': 0.2764530466}
  - {'source': 'de4_step3_optionG_plusplus_out', 'metric': 'residual_synthetic_4', 'value': 0.1800923121}
  - {'source': 'de4_step3_optionG_plusplus_out', 'metric': 'residual_synthetic_5', 'value': 0.1173191661}
  - {'source': 'de4_step3_optionG_plusplus_out', 'metric': 'residual_synthetic_6', 'value': 0.076426287}
  - {'source': 'de4_step3_optionG_plusplus_out', 'metric': 'residual_synthetic_7', 'value': 0.0497870684}
  - {'source': 'de4_step3_optionG_plusplus_out', 'metric': 'residual_norm', 'value': 1.3173489295}


-- File: de4_paper4_seed_20251016T182900Z.json
-------------------------------------------------------------
  timestamp: 2025-10-16T18:29:00.903032Z
  inputs:
    F_plus: /content/drive/MyDrive/DE4/de4_step3_optionF_plus_out
    G_plus: /content/drive/MyDrive/DE4/de4_step3_optionG_plus_out
    G_plusplus: /content/drive/MyDrive/DE4/de4_step3_optionG_plusplus_out
  diagnostics:
    F_plus: None
    G_plus: None
    G_plusplus:
      latent_dim: 10
      shared_dim: 3
      rbf_gamma: 0.5
      rbf_components: 256
      alignment_residual: 0.1379568477709155
      timestamp: 2025-10-16T15:51:04.021575
  paper4_metadata:
    paper_version: 4.0-final-seed
    embedding_dim: 5
    active_dim: 3
    curvature_model: Conserved differential form on Σ³ ⊂ ℝ⁵
    temporal_curvature_link: True
    validation_domains:
      - Low-Frequency Stable
      - Moderate-Frequency Transitional
      - High-Frequency Dissipative
    alignment_residual_mean: 0.1379
    reference_frameworks:
      - Einstein–Hilbert curvature analogy
      - Domain invariance geometry (DE3→DE4 closure)
      - Temporal flow embedding (Option F⁺)
      - Cross-domain curvature energy spectra (Option G⁺⁺)
    timestamp_injected: 2025-10-16T19:38:25.068081+00:00
    sources:
      - {'path': '/content/drive/MyDrive/DE4/de4_step3_optionF_plus_out/manifest.json', 'timestamp': '2025-10-16T18:42:13.935796+00:00', 'summary_keys': ['label', 'timestamp', 'metrics']}
      - {'path': '/content/drive/MyDrive/DE4/de4_step3_optionG_plus_out/manifest.json', 'timestamp': '2025-10-16T18:42:13.988270+00:00', 'summary_keys': ['label', 'timestamp', 'metrics']}
      - {'path': '/content/drive/MyDrive/DE4/de4_step3_optionG_plusplus_out/manifest.json', 'timestamp': '2025-10-16T18:42:14.038018+00:00', 'summary_keys': ['label', 'timestamp', 'metrics']}
    bundle_finalized_at: 2025-10-16T20:12:16.468192+00:00
    residual_spectra:
      csv: /content/drive/MyDrive/DE4/de4_paper4_residual_spectra_20251016T230718Z.csv
      json: /content/drive/MyDrive/DE4/de4_paper4_residual_spectra_20251016T230718Z.json
      plot: /content/drive/MyDrive/DE4/de4_paper4_residual_spectra_20251016T230718Z.png
    residual_stats:
      value:
        count: 27.0
        mean: 0.45480430143374523
        std: 0.4309016259100066
        min: 0.049787068367863944
        25%: 0.11731916609425078
        50%: 0.27645304662956444
        75%: 0.6514390575310556
        max: 1.3173489294653022
    finalized_at: 2025-10-16T23:07:18.765588+00:00


-- File: de4_paper4_seed_manifest_20251017T010209Z.json
-------------------------------------------------------------
  created: 2025-10-17T01:02:09.152735+00:00
  base_dir: /content/drive/MyDrive/DE4
  out_dir: /content/drive/MyDrive/DE4
  json_seed: /content/drive/MyDrive/DE4/DE4_Paper4_Seed.json
  md_seed: /content/drive/MyDrive/DE4/DE4_Paper4_Seed.md
  discovered_files_count: 9
  discovered_files:
    - /content/drive/MyDrive/DE4/de4_paper4_residual_spectra_20251016T203102Z.csv
    - /content/drive/MyDrive/DE4/de4_paper4_residual_spectra_20251016T230718Z.csv
    - /content/drive/MyDrive/DE4/de4_paper4_seed_20251016T182900Z.json
    - /content/drive/MyDrive/DE4/de4_residual_signatures_summary_20251016T230250Z.csv
    - /content/drive/MyDrive/DE4/de4_step3_norm_out/de4_step3_normalized_summary.csv
    - /content/drive/MyDrive/DE4/de4_step3_optionD_out/optionD_pca_explained_variance.csv
    - /content/drive/MyDrive/DE4/de4_step3_optionF_plus_out/manifest.json
    - /content/drive/MyDrive/DE4/de4_step3_optionG_plus_out/manifest.json
    - /content/drive/MyDrive/DE4/de4_step3_optionG_plusplus_out/manifest.json


-- File: de4_paper4_seed_manifest_20251017T015520Z.json
-------------------------------------------------------------
  seed: DE4_Paper4_Seed.json
  markdown: DE4_Paper4_Seed.md
  timestamp: 20251017T015520Z


-- File: de4_residual_signatures_summary_20251016T230250Z.csv
-------------------------------------------------------------
                                                               manifest  status
    /content/drive/MyDrive/DE4/de4_step3_optionF_plus_out/manifest.json updated
    /content/drive/MyDrive/DE4/de4_step3_optionG_plus_out/manifest.json updated
/content/drive/MyDrive/DE4/de4_step3_optionG_plusplus_out/manifest.json updated


-- File: de4_step3_crossdomain_out/coherence_High-Frequency_Dissipative__High-Frequency_Dissipative.csv
-------------------------------------------------------------
 frequency  msc
  0.000000  1.0
  0.066667  1.0
  0.133333  1.0
  0.200000  1.0
  0.266667  1.0
  0.333333  1.0
  0.400000  1.0
  0.466667  1.0


-- File: de4_step3_crossdomain_out/coherence_Low-Frequency_Stable__High-Frequency_Dissipative.csv
-------------------------------------------------------------
 frequency      msc
  0.000000 1.000000
  0.066667 1.000000
  0.133333 0.999947
  0.200000 0.999862
  0.266667 0.999409
  0.333333 0.999475
  0.400000 0.998283
  0.466667 0.997692


-- File: de4_step3_crossdomain_out/coherence_Low-Frequency_Stable__Low-Frequency_Stable.csv
-------------------------------------------------------------
 frequency  msc
  0.000000  1.0
  0.066667  1.0
  0.133333  1.0
  0.200000  1.0
  0.266667  1.0
  0.333333  1.0
  0.400000  1.0
  0.466667  1.0


-- File: de4_step3_crossdomain_out/coherence_Moderate-Frequency_Transitional__High-Frequency_Dissipative.csv
-------------------------------------------------------------
 frequency      msc
  0.000000 1.000000
  0.066667 1.000000
  0.133333 0.999958
  0.200000 0.999604
  0.266667 0.999973
  0.333333 0.998067
  0.400000 0.996968
  0.466667 0.999034


-- File: de4_step3_crossdomain_out/coherence_Moderate-Frequency_Transitional__Low-Frequency_Stable.csv
-------------------------------------------------------------
 frequency      msc
  0.000000 1.000000
  0.066667 1.000000
  0.133333 0.999984
  0.200000 0.999803
  0.266667 0.999629
  0.333333 0.999556
  0.400000 0.998106
  0.466667 0.999140


-- File: de4_step3_crossdomain_out/coherence_Moderate-Frequency_Transitional__Moderate-Frequency_Transitional.csv
-------------------------------------------------------------
 frequency  msc
  0.000000  1.0
  0.066667  1.0
  0.133333  1.0
  0.200000  1.0
  0.266667  1.0
  0.333333  1.0
  0.400000  1.0
  0.466667  1.0


-- File: de4_step3_crossdomain_out/coherence_summary.csv
-------------------------------------------------------------
                                                            pair  mean_msc  max_msc
          High-Frequency Dissipative__High-Frequency Dissipative  1.000000      1.0
                Low-Frequency Stable__High-Frequency Dissipative  0.999334      1.0
                      Low-Frequency Stable__Low-Frequency Stable  1.000000      1.0
     Moderate-Frequency Transitional__High-Frequency Dissipative  0.999201      1.0
           Moderate-Frequency Transitional__Low-Frequency Stable  0.999527      1.0
Moderate-Frequency Transitional__Moderate-Frequency Transitional  1.000000      1.0


-- File: de4_step3_crossdomain_out/crossdomain_correlation.csv
-------------------------------------------------------------
                     Unnamed: 0  High-Frequency Dissipative  Low-Frequency Stable  Moderate-Frequency Transitional
     High-Frequency Dissipative                         1.0                   1.0                              1.0
           Low-Frequency Stable                         1.0                   1.0                              1.0
Moderate-Frequency Transitional                         1.0                   1.0                              1.0


-- File: de4_step3_crossdomain_out/crossdomain_covariance.csv
-------------------------------------------------------------
                     Unnamed: 0  High-Frequency Dissipative  Low-Frequency Stable  Moderate-Frequency Transitional
     High-Frequency Dissipative                2.967058e+17          2.345986e+17                     2.793557e+17
           Low-Frequency Stable                2.345986e+17          1.854919e+17                     2.208803e+17
Moderate-Frequency Transitional                2.793557e+17          2.208803e+17                     2.630201e+17


-- File: de4_step3_norm_out/de4_step3_full_processed_table.csv
-------------------------------------------------------------
                         domain  realization  smoothness_metric  mean_residual  predictive_accuracy    gamma  invariance_score  complexity_metric                                                         field_signature  Lambda_true  Lambda_de4  residual  residual_norm
           Low-Frequency Stable            0           0.127842       0.211075             0.788972 2.358974               1.5           0.187159 sha256:a95b8b5e4eb8dcc490abcf05915e1bf9f975052fe4daad624a00d8168db47009            0    2.358974 -2.358974  -2.358974e+09
           Low-Frequency Stable            1           0.130107       0.205084             0.794924 2.355829               1.5           0.212060 sha256:077b12aa6dbe4a192545dd82616f01412f474e9b2b5a1b3384f953742fe1368c            1    2.355829 -1.355829  -1.355829e+00
           Low-Frequency Stable            2           0.126326       0.173230             0.826803 2.362548               1.5           0.172406 sha256:4caae6ca84aef72c1f5e4ed8d7fa336e0018c58026d6701e4924acddc4a86880            2    2.362548 -0.362548  -1.812742e-01
           Low-Frequency Stable            3           0.127087       0.185314             0.814809 2.352854               1.5           0.203645 sha256:0ccc65d1944fb6c5594a2765335c067c5592b18f8c6e7452d074d2fce3c7a8fe            3    2.352854  0.647146   2.157154e-01
           Low-Frequency Stable            4           0.136622       0.215734             0.784321 2.348215               1.5           0.168193 sha256:a4732e6640284063ba811296244f363e88708aeaeb845b2e0cf6bcd4961e7212            4    2.348215  1.651785   4.129462e-01
           Low-Frequency Stable            5           0.126962       0.189492             0.810607 2.338003               1.5           0.185902 sha256:c42777b79777b244d9a4397e8b96ad26e0ad7e6220d743de05c7de265d44bc39            5    2.338003  2.661997   5.323994e-01
           Low-Frequency Stable            6           0.129605       0.195449             0.804627 2.356655               1.5           0.200533 sha256:b0fde97c2d9b655a33603e3151eba36d6b2743524c51d00446af6079f93014d1            6    2.356655  3.643345   6.072241e-01
           Low-Frequency Stable            7           0.124726       0.193041             0.807085 2.341012               1.5           0.180582 sha256:9ca90ccffd7d3febf047b0dfa03b41af0a38f31f891d1088341f30b806243055            7    2.341012  4.658988   6.655697e-01
           Low-Frequency Stable            8           0.136102       0.157496             0.842600 2.349237               1.5           0.219386 sha256:536d2ac5a94e17f6de5822db640918b30f85620bd99bbf1d6cac9eeef9a1741e            8    2.349237  5.650763   7.063453e-01
           Low-Frequency Stable            9           0.129980       0.190747             0.809366 2.368835               1.5           0.192095 sha256:72652a0c27950498809115c1d2f12bc3166180f9709889bc3aedf9d3924445f6            9    2.368835  6.631165   7.367961e-01
           Low-Frequency Stable           10           0.132160       0.184764             0.815316 2.344187               1.5           0.210256 sha256:9cb8cbd9b2495931bdde595b60a66c85bfc24a4197a48c0f89b0467b491728f2           10    2.344187  7.655813   7.655813e-01
           Low-Frequency Stable           11           0.123850       0.187754             0.812212 2.370225               1.5           0.146649 sha256:6ed337eb6435a2377c048ae7cb69dab1e2241221995d56e5a5b7813ceac2ff4a           11    2.370225  8.629775   7.845250e-01
           Low-Frequency Stable           12           0.127735       0.165282             0.834770 2.354263               1.5           0.205296 sha256:ee286284f360272968b3636a7afd007048cf19b1eb443cf51d4d308a5cccbce6           12    2.354263  9.645737   8.038114e-01
           Low-Frequency Stable           13           0.124895       0.174258             0.825837 2.350879               1.5           0.200656 sha256:e677f4ed8bd9d6ecd1bf5d07b41ac428686e861a15c57f19e6297c4a9bbeda1d           13    2.350879 10.649121   8.191632e-01
           Low-Frequency Stable           14           0.134903       0.177723             0.822347 2.342922               1.5           0.214526 sha256:f1d7fe2122559c9ad4bfd7b64f8367908d8bc28365907e8d06c32f54e201f555           14    2.342922 11.657078   8.326484e-01
           Low-Frequency Stable           15           0.132111       0.167954             0.832098 2.337097               1.5           0.189077 sha256:9b376e3dd618e39e1bdf215b53abd8f81d66e08384d5d31608544637de778f87           15    2.337097 12.662903   8.441935e-01
           Low-Frequency Stable           16           0.136754       0.176388             0.823709 2.346881               1.5           0.182700 sha256:590e310b8126ab4a002dea6960570f55ff759d3f15f3cb42c0155c2e679cd7c0           16    2.346881 13.653119   8.533199e-01
           Low-Frequency Stable           17           0.133641       0.188609             0.811468 2.344460               1.5           0.183287 sha256:123eb2e8e91b1d6146e0cf2c491b4469496dd70b588883b53f455bfc7eb919ec           17    2.344460 14.655540   8.620906e-01
           Low-Frequency Stable           18           0.139556       0.181282             0.818838 2.350310               1.5           0.192301 sha256:22020daab56fd0a61767190eabf70ecf4faa0ad0ba6f812e10f590bc088c0d6c           18    2.350310 15.649690   8.694272e-01
           Low-Frequency Stable           19           0.133339       0.176900             0.823199 2.353549               1.5           0.201275 sha256:7efabb9ddc4fb6d43f675d245f595da5b8e7fa2c38cb8c080db329c46f9acfed           19    2.353549 16.646451   8.761290e-01
           Low-Frequency Stable           20           0.132762       0.194503             0.805516 2.351084               1.5           0.179390 sha256:19656dec3dcfb60437e78c0fa5e693245d8835e9c4d75766ba5aa15663fefa84           20    2.351084 17.648916   8.824458e-01
           Low-Frequency Stable           21           0.135032       0.203219             0.796939 2.352939               1.5           0.186834 sha256:1f6a49e3d97452087a27219bd5abaf6f10c0d60f160141c7dd0f78ad232dbedf           21    2.352939 18.647061   8.879553e-01
           Low-Frequency Stable           22           0.137987       0.170798             0.829300 2.375953               1.5           0.190215 sha256:a322d8c0de137904b20626a8f86b94b4d6ff5fd1bea0d561e700f0bfc9d6dc85           22    2.375953 19.624047   8.920021e-01
           Low-Frequency Stable           23           0.133792       0.173367             0.826695 2.336025               1.5           0.213315 sha256:7cd4b3f21b377c2ea3f30fc94fd71bfdfe3f8ba09d6099e26e5fbe6c99b7653e           23    2.336025 20.663975   8.984337e-01
           Low-Frequency Stable           24           0.131749       0.201737             0.798292 2.348739               1.5           0.181964 sha256:9155a493dfc6a572631d04ad1669ea8d31c12e80ec097dd909977ab71b18941f           24    2.348739 21.651261   9.021359e-01
           Low-Frequency Stable           25           0.131741       0.197584             0.802500 2.331109               1.5           0.170490 sha256:6d32b959b5eb697b6c057b78ab4703b3bafe7ec0f4f51bbc23da45d321881714           25    2.331109 22.668891   9.067556e-01
           Low-Frequency Stable           26           0.124238       0.185793             0.814238 2.348772               1.5           0.210590 sha256:bd96ddea5bcfaa223d32de5138521d2daa40675e328defa46d67c1d090b046d9           26    2.348772 23.651228   9.096626e-01
           Low-Frequency Stable           27           0.126855       0.185011             0.815084 2.348240               1.5           0.182222 sha256:12d649b6c81e701b291cce0bd2e2e13a8a8fcae4adcdfdf153513552921f6611           27    2.348240 24.651760   9.130282e-01
           Low-Frequency Stable           28           0.131484       0.188648             0.811430 2.346829               1.5           0.187489 sha256:c1f00cf018f4222d96d556a090b4346367d442d5df6a8efe19d68bb5a1ec1cf4           28    2.346829 25.653171   9.161847e-01
           Low-Frequency Stable           29           0.125077       0.182242             0.817796 2.347536               1.5           0.186148 sha256:4cdf0d8c01c14836b9713052c1b4e7971ea04d1ba2ff335d01e27a9a5830d7aa           29    2.347536 26.652464   9.190505e-01
Moderate-Frequency Transitional            0           0.142161       0.172026             0.828065 2.809022               1.5           0.462703 sha256:5ee36bc63445ceb244838a79b36be628da7547728e189877c4dae3410c238f83            0    2.809022 -2.809022  -2.809022e+09
Moderate-Frequency Transitional            1           0.140814       0.160712             0.839363 2.811293               1.5           0.448452 sha256:41d13c83d5517cb950292dd2f83fb2fd102efbdc491d11669ae1636d3ed6d414            1    2.811293 -1.811293  -1.811293e+00
Moderate-Frequency Transitional            2           0.145107       0.170005             0.830058 2.793902               1.5           0.452164 sha256:e3f958032f55956e953ed87b0aee26ea527a755874c4b62476cc43a2e2789967            2    2.793902 -0.793902  -3.969512e-01
Moderate-Frequency Transitional            3           0.138439       0.170973             0.829159 2.806187               1.5           0.453184 sha256:f85a2755bd076686234c02f7b8ba240ee13479f48e2a173886596e7e56ece8de            3    2.806187  0.193813   6.460431e-02
Moderate-Frequency Transitional            4           0.142718       0.162291             0.837849 2.797405               1.5           0.462205 sha256:1131fcc889617803939e9e74f4ef2976bdcc9e1ad0407abc6eb73dcbfe7a91e3            4    2.797405  1.202595   3.006488e-01
Moderate-Frequency Transitional            5           0.145618       0.179389             0.820697 2.795179               1.5           0.456263 sha256:2e6103c49900f57772f65589ee227b69f46b783e5d0f52e52ee6e41bbb111091            5    2.795179  2.204821   4.409642e-01
Moderate-Frequency Transitional            6           0.143697       0.167006             0.833111 2.795917               1.5           0.455051 sha256:a86898b8794da732894bf93dc4bbb51aef30e7299cc0475cea67e8ef4aa74458            6    2.795917  3.204083   5.340139e-01
Moderate-Frequency Transitional            7           0.137344       0.176688             0.823319 2.810966               1.5           0.458696 sha256:a2beeb4e697c8a9db746eae812acd5e2d2e89c81e4024bd2f8badb3827db58a8            7    2.810966  4.189034   5.984334e-01
Moderate-Frequency Transitional            8           0.141908       0.165654             0.834438 2.815215               1.5           0.451426 sha256:91166227f90e56e752c6a21fef7e1793ad231f75f6d96583e3ef559c15b51e42            8    2.815215  5.184785   6.480981e-01
Moderate-Frequency Transitional            9           0.144419       0.166026             0.834054 2.791647               1.5           0.442630 sha256:0d52d3b784805d567611b26726fb9f71486bc6f344d9e8b9bd1538e6ebcf736f            9    2.791647  6.208353   6.898170e-01
Moderate-Frequency Transitional           10           0.144852       0.160824             0.839176 2.802536               1.5           0.458591 sha256:e190499495d4ae1d07cd72cdddf634c39ce943d9d1c219359b2491bc2ec11642           10    2.802536  7.197464   7.197464e-01
Moderate-Frequency Transitional           11           0.142308       0.172908             0.827149 2.795556               1.5           0.453035 sha256:8463aad37da07d02321f19d041bf4a6fa6836eb77ffc4d6e261c26661aeef83f           11    2.795556  8.204444   7.458586e-01
Moderate-Frequency Transitional           12           0.143787       0.160331             0.839650 2.803842               1.5           0.459085 sha256:0e48c2de6342c127b16073e11de4b6728e4dff4c6deb3de80d1c4a47dd9829d3           12    2.803842  9.196158   7.663465e-01
Moderate-Frequency Transitional           13           0.147669       0.161719             0.838354 2.805360               1.5           0.459392 sha256:5da3624df55484a1081d9f8101461a8cbb6f46d308072c43c2473a76259d8308           13    2.805360 10.194640   7.842031e-01
Moderate-Frequency Transitional           14           0.141391       0.174251             0.825815 2.783443               1.5           0.440790 sha256:21e3db664451953fa575608857dd06f33e485049d406b7432c1941abe82d270c           14    2.783443 11.216557   8.011826e-01
Moderate-Frequency Transitional           15           0.143429       0.162963             0.837065 2.781634               1.5           0.460641 sha256:4a148bea2fe8ee1e1e3f5724605d1f2d2c2a5d62f39ea62a8c55c2c8e4b12974           15    2.781634 12.218366   8.145577e-01
Moderate-Frequency Transitional           16           0.145452       0.155949             0.844112 2.794596               1.5           0.458041 sha256:9a5beece0d45ad6cc9adb50e35a5da3600bda3ebad6c4de04ca7d66af646a92b           16    2.794596 13.205404   8.253378e-01
Moderate-Frequency Transitional           17           0.143684       0.180201             0.819841 2.799284               1.5           0.456299 sha256:fa22e8b70e9faa8f779ef4251e8ec9e39789ac59df945ec5032c4628abd29c4d           17    2.799284 14.200716   8.353363e-01
Moderate-Frequency Transitional           18           0.140459       0.166962             0.833099 2.805622               1.5           0.450410 sha256:6ef57a5070d9e959d149fcbd836d27470e2db8d3b1c0592d847027a96a99b28d           18    2.805622 15.194378   8.441321e-01
Moderate-Frequency Transitional           19           0.141796       0.170593             0.829496 2.804152               1.5           0.460344 sha256:14dc504103accbb0409d8576ee6a31b7bfe5c16abb23fd8bcf697052ecf05e21           19    2.804152 16.195848   8.524130e-01
Moderate-Frequency Transitional           20           0.142635       0.168551             0.831553 2.795101               1.5           0.449733 sha256:01848b994d51169419e77a95363479f278024eda682fe9affc838755b5be105d           20    2.795101 17.204899   8.602449e-01
Moderate-Frequency Transitional           21           0.150303       0.172105             0.828063 2.786578               1.5           0.455143 sha256:1445bdef02e2a6377d70ebd877c8e47b22a0a7ecce1a0e0380f2de6ca9b218f1           21    2.786578 18.213422   8.673058e-01
Moderate-Frequency Transitional           22           0.142793       0.165426             0.834675 2.803591               1.5           0.448670 sha256:26f8970503c07dba1463872d30377272ccbc934f0e28cd9b35d501eaf76e011a           22    2.803591 19.196409   8.725640e-01
Moderate-Frequency Transitional           23           0.143913       0.164458             0.835628 2.798503               1.5           0.457305 sha256:c43610149ca1aba4d4a8c948b4eb00f836dcc70f7d4a7e253fd2666395f07fc6           23    2.798503 20.201497   8.783260e-01
Moderate-Frequency Transitional           24           0.140220       0.162900             0.837133 2.809705               1.5           0.453076 sha256:965f913a8ad68f4a8f3aac452deb24d10b7affe59a774323852ae95417ded048           24    2.809705 21.190295   8.829290e-01
Moderate-Frequency Transitional           25           0.140418       0.172457             0.827596 2.800195               1.5           0.449073 sha256:9b655aaa8970f82a961209c48f93f5814882c4ffa7f54f3014b2ea5d1889729e           25    2.800195 22.199805   8.879922e-01
Moderate-Frequency Transitional           26           0.136956       0.167941             0.832164 2.791124               1.5           0.440940 sha256:d27670e11e7a676045dee50e8e273547157ed4bf871cc7db2ca7b2d745d9008d           26    2.791124 23.208876   8.926491e-01
Moderate-Frequency Transitional           27           0.145983       0.180374             0.819695 2.795995               1.5           0.455445 sha256:84b5103d0218bb0d78b8e5d093e9fc0b4444425e307bd681851875dc3db61cc6           27    2.795995 24.204005   8.964446e-01
Moderate-Frequency Transitional           28           0.140649       0.160794             0.839257 2.805627               1.5           0.455489 sha256:f3b545ff64c1cf99379c88c4a652fe275fc65f6d42464cdc3213ebf2c8e50bec           28    2.805627 25.194373   8.997990e-01
Moderate-Frequency Transitional           29           0.138686       0.165663             0.834407 2.789915               1.5           0.451289 sha256:daf36d96373ef7551deceb01b98c5839b8e383030a382de87faad976c23dcdeb           29    2.789915 26.210085   9.037960e-01
     High-Frequency Dissipative            0           0.273015       0.158802             0.841190 2.983483               1.5           0.625164 sha256:da5d302f58a37ccc31b3f4fd7622e2a1261c4c4acedf1d906b8a3eb2707ddb59            0    2.983483 -2.983483  -2.983483e+09
     High-Frequency Dissipative            1           0.273505       0.155871             0.844175 2.951308               1.5           0.625523 sha256:1102818bb30eba6b2e99112b8e16b5f7798934a4ed02954bdfe1508f690f6694            1    2.951308 -1.951308  -1.951308e+00
     High-Frequency Dissipative            2           0.271079       0.154540             0.845555 2.972753               1.5           0.622371 sha256:db3cb5e16c24264b43346f8d616b41d112cb46ebb626e232621bf1868aac15a6            2    2.972753 -0.972753  -4.863763e-01
     High-Frequency Dissipative            3           0.273427       0.158240             0.841846 2.974742               1.5           0.626655 sha256:49504e175fb48a6d4956df91888dc274ac884c73e7cc9a3e7ccb3e541b03e337            3    2.974742  0.025258   8.419362e-03
     High-Frequency Dissipative            4           0.275442       0.157122             0.842915 2.979612               1.5           0.624914 sha256:2a513328616a6527811dfc629c990714d137602d8076b15bfc7bffe8a9c491c2            4    2.979612  1.020388   2.550970e-01
     High-Frequency Dissipative            5           0.270209       0.150082             0.849947 2.965869               1.5           0.626472 sha256:3ae8e93d81e70172d2a4b66af2b87110e1669b3f463fd2c37f429fa25368f6b8            5    2.965869  2.034131   4.068261e-01
     High-Frequency Dissipative            6           0.278158       0.157632             0.842428 2.974602               1.5           0.628755 sha256:efcf0697fa786fc5a073d82216050feaeb124b543150745d16bf54784946f513            6    2.974602  3.025398   5.042329e-01
     High-Frequency Dissipative            7           0.273506       0.161387             0.838689 2.962265               1.5           0.623266 sha256:5646ed1b6af87237ec9fca0d8e339796368d8f581cbd4b85fdde52cb66be16a0            7    2.962265  4.037735   5.768194e-01
     High-Frequency Dissipative            8           0.281546       0.158713             0.841431 2.975455               1.5           0.627217 sha256:19609e6082826355b315ad112c9387e414f45540275cce0fb0507091858ba5cb            8    2.975455  5.024545   6.280682e-01
     High-Frequency Dissipative            9           0.279641       0.157452             0.842672 2.974664               1.5           0.621986 sha256:12c069873f5b977a8dbfc2ef19135101356fb4bfef172b5b164895f212c6c876            9    2.974664  6.025336   6.694818e-01
     High-Frequency Dissipative           10           0.273922       0.158825             0.841208 2.975864               1.5           0.626137 sha256:f7a64a97afe83d153e928e0b596b0504304bf3f739ed25a6e2e93bb469bcbeb0           10    2.975864  7.024136   7.024136e-01
     High-Frequency Dissipative           11           0.277251       0.164830             0.835239 2.983765               1.5           0.627203 sha256:30a44f905041ba9a58d46a2f4b197490a7ba517a85e0bf27f1fe16ebeac55572           11    2.983765  8.016235   7.287486e-01
     High-Frequency Dissipative           12           0.276366       0.156993             0.843088 2.984875               1.5           0.622206 sha256:6d81c42c1bb08c7590b794ceb32b9e7bef001a2a2aa02a1fb267a00e64bfe420           12    2.984875  9.015125   7.512604e-01
     High-Frequency Dissipative           13           0.280917       0.155233             0.844818 2.969068               1.5           0.627684 sha256:2a9914ca250ba33983065ecff78c82d0a61b91091d69d4e51852b4a1bfc657b2           13    2.969068 10.030932   7.716102e-01
     High-Frequency Dissipative           14           0.276967       0.157544             0.842485 2.966179               1.5           0.622383 sha256:78469120ede5b58bc52e7b43ae8c0576162d97d2236b783d5da26e575bb28778           14    2.966179 11.033821   7.881300e-01
     High-Frequency Dissipative           15           0.274311       0.158561             0.841521 2.951241               1.5           0.624593 sha256:95971b87a128cc9792340149edee6c28f008ebaa8a876d5ad7285ed13db15020           15    2.951241 12.048759   8.032506e-01
     High-Frequency Dissipative           16           0.273908       0.159137             0.840922 2.972198               1.5           0.627570 sha256:3f41cc9d155929da53432a6a2b00775b256694f643ec10a26d0f542e9c172567           16    2.972198 13.027802   8.142376e-01
     High-Frequency Dissipative           17           0.274668       0.155988             0.844059 2.983756               1.5           0.627166 sha256:35ea2b66a4fef85c651f830d35e476dfad77fd35c291c64628ccaafab8ed8289           17    2.983756 14.016244   8.244849e-01
     High-Frequency Dissipative           18           0.276176       0.155701             0.844367 2.971180               1.5           0.624030 sha256:011e606c01fe349f67f548e37a32e7761ebcffad34e93a1b73c601939fed29fd           18    2.971180 15.028820   8.349344e-01
     High-Frequency Dissipative           19           0.279366       0.154142             0.845947 2.974767               1.5           0.627505 sha256:00f10f2b7f86f997c9875735d38b113e54114a2e8294535aa7f723147b1fe010           19    2.974767 16.025233   8.434333e-01
     High-Frequency Dissipative           20           0.279668       0.155389             0.844644 2.979561               1.5           0.625426 sha256:9bc35d500ba0c7ce76186bc85ff702a69d407b069f0186110e79ca34f08a57d5           20    2.979561 17.020439   8.510219e-01
     High-Frequency Dissipative           21           0.276301       0.154917             0.845125 2.982387               1.5           0.627880 sha256:5f25ca331ab868dfa32bfdec4f09f16ec28b1748168685399f737e02eeb517b4           21    2.982387 18.017613   8.579816e-01
     High-Frequency Dissipative           22           0.281009       0.153289             0.846775 2.957391               1.5           0.628416 sha256:8b4dcc48c8b3d2e3ded4ae91a15d39420673bc5c5d537c25b1d3798b3a8cf982           22    2.957391 19.042609   8.655732e-01
     High-Frequency Dissipative           23           0.275946       0.153956             0.846138 2.967613               1.5           0.628988 sha256:6cc3e2e99b20e4ba675d9b11cdc51aca2f2828d8d56663089ed88fcbe029079e           23    2.967613 20.032387   8.709733e-01
     High-Frequency Dissipative           24           0.278420       0.158647             0.841377 2.984903               1.5           0.628461 sha256:b4c7e8d5fd248d6ad717d745eb56fa20bdbee87ffdb137a651748aadbb5d6aac           24    2.984903 21.015097   8.756290e-01
     High-Frequency Dissipative           25           0.273755       0.157060             0.842971 2.973893               1.5           0.624451 sha256:23b1fbf1695568d96d5f5082091d6a0fc2be772736637161ccaa167023956141           25    2.973893 22.026107   8.810443e-01
     High-Frequency Dissipative           26           0.282665       0.159277             0.840843 2.976653               1.5           0.626446 sha256:ba38b1c4ad589084c04eb1d6cb86eef1de415d0c0b3d68d1c2567ad1d1130a6f           26    2.976653 23.023347   8.855133e-01
     High-Frequency Dissipative           27           0.275906       0.170139             0.829929 2.978057               1.5           0.625505 sha256:6c88cb4461056d80290cbba7c14f389a679cfd9dc414356d7b16568682204da4           27    2.978057 24.021943   8.897016e-01
     High-Frequency Dissipative           28           0.273881       0.157995             0.842022 2.944277               1.5           0.624668 sha256:01b8c029a616b9e494496a33207d39ee30da99c2e0a839c0af8fa7ef9d727120           28    2.944277 25.055723   8.948473e-01
     High-Frequency Dissipative           29           0.278585       0.160650             0.839369 2.965696               1.5           0.622269 sha256:2d69ba3ee1a90d007e584e9536211fcc07d325f728a60b5109344178068e519a           29    2.965696 26.034304   8.977346e-01


-- File: de4_step3_norm_out/de4_step3_normalized_summary.csv
-------------------------------------------------------------
                         domain  n  mean_abs_residual_norm  std_residual_norm  corr_true_de4_norm
           Low-Frequency Stable 30                0.351826           0.411979           -0.250569
Moderate-Frequency Transitional 30                0.351281           0.430045           -0.242764
     High-Frequency Dissipative 30                0.365541           0.406732           -0.083446


-- File: de4_step3_norm_out/de4_step3_normalized_summary.json
-------------------------------------------------------------
  source_csv: ./de4_step3_out/de4_step3_full_processed_table.csv
  table_type: detailed
  normalization_applied: True
  timestamp: 2025-10-15T17:54:15.261175+00:00


-- File: de4_verified_assets.json
-------------------------------------------------------------
  de4_step3_optionB_out:
    figures:
      - diag_Low-Frequency_Stable_global_minmax.png
      - diag_Low-Frequency_Stable_per_domain_minmax.png
      - diag_Low-Frequency_Stable_local_gaussian.png
      - diag_Low-Frequency_Stable_zscore_per_domain.png
      - diag_Moderate-Frequency_Transitional_global_minmax.png
      - diag_Moderate-Frequency_Transitional_per_domain_minmax.png
      - diag_Moderate-Frequency_Transitional_local_gaussian.png
      - diag_Moderate-Frequency_Transitional_zscore_per_domain.png
      - diag_High-Frequency_Dissipative_global_minmax.png
      - diag_High-Frequency_Dissipative_per_domain_minmax.png
      - diag_High-Frequency_Dissipative_local_gaussian.png
      - diag_High-Frequency_Dissipative_zscore_per_domain.png
      - perturb_Low-Frequency_Stable_trial_last.png
      - perturb_Moderate-Frequency_Transitional_trial_last.png
      - perturb_High-Frequency_Dissipative_trial_last.png
    jsons:
      - manifest_optionB.json
  de4_step3_optionD_out:
    figures:
      - optionD_pca_scatter_PC1_PC2.png
      - optionD_pca_explained_variance.png
      - optionD_recon_overlay_High-Frequency_Dissipative.png
      - optionD_recon_overlay_Low-Frequency_Stable.png
      - optionD_recon_overlay_Moderate-Frequency_Transitional.png
      - optionD_domain_dendrogram.png
      - optionD_tsne_scatter.png
    jsons:
      - optionD_manifest.json
  de4_step3_optionD_plus_out:
    figures:
      - anti_solution_heatmap.png
      - anti_solution_traces.png
    jsons:

  de4_step3_optionD_plusplus_out:
    figures:
      - invariance_energy_spectrum_heatmaps.png
    jsons:

  de4_step3_optionD_plusplusplus_out:
    figures:

    jsons:

  de4_step3_optionD_rowsR_out:
    figures:
      - rowsR_explained_variance.png
      - rowsR_reconstruction_error.png
      - rowsR_crossdomain_correlation_heatmap.png
      - rowsR_crossdomain_covariance_heatmap.png
    jsons:
      - rowsR_manifest.json
  de4_step3_optionE_out:
    figures:
      - figure_umap_radii.png
      - figure_umap_sliding.png
      - figure_local_geometry_vs_radius.png
      - figure_umap_radii_pairwise_dist.png
    jsons:
      - manifest_optionE.json
  de4_step3_optionF_out:
    figures:
      - optionF_umap_scatter_trajectory.png
      - optionF_speed_vs_radius.png
    jsons:
      - optionF_trajectory_summary.json
  de4_step3_optionF_plus_out:
    figures:
      - optionF_curvature_vs_radius.png
      - optionF_flow_energy_spectrum.png
      - optionF_plus_trajectory.png
    jsons:
      - optionF_plus_global_metrics.json
      - manifest.json
  de4_step3_optionG_gw_out:
    figures:

    jsons:

  de4_step3_optionG_kernelprocrustes_out:
    figures:
      - kp_overlay.png
    jsons:
      - kernel_procrustes_summary.json
  de4_step3_optionG_out:
    figures:
      - fig_umap_radii.png
      - fig_umap_temporal.png
      - fig_aligned_overlay.png
      - fig_cross_corr_block.png
      - fig_cca_comp1.png
    jsons:
      - optionG_alignment_summary.json
  de4_step3_optionG_plus_out:
    figures:
      - before_alignment_pca12.png
      - after_alignment_pca12.png
      - cca_components.png
    jsons:
      - optionG_plus_manifest.json
      - optionG_plus_diagnostics.json
      - manifest.json
  de4_step3_optionG_plusplus_out:
    figures:
      - curvature_energy_spectrum.png
      - alignment_manifold_interp.png
    jsons:
      - manifest.json


=============================================================
END OF DE4 MASTER DATA APPENDIX
=============================================================
